[Quick mode]
device=cuda  out_dir=psa_biased_v8_blow
Loaded blow: x=(259725, 102)  y=(259725, 4)
Identified 458 scenarios
Split: pool=388  val=30  internal-test=40
Biasing pool: 70% clustered near 3 IC nominals
  [biased_pool] unique=174 (58 biased ×5 + 116 spread) → pool size 406, effective bias = 71%
  pool size after biasing: 406 (was 70 reserved)
External LHS test: x=(18125, 102)  y=(18125, 4)
  LHS scenarios: 24, rows after extraction: 14100
  PCA bottleneck k=8: explains 99.6% IC variance
  t_max (physical) = 20.01s — will override ub[:,1] inside build_model

======================================================================
BUDGET = 12 scenarios
======================================================================

── seed=42 ──

[pinn_al]
  t_max override: ub[:,1] = 20.01  (was 1.00)
  Model: PINN  h=96  L=3  K=3  +PCA bottleneck k=8
[v3 trainer] PINN+committee+PDE  budget=12  n0=4  k=4  rounds=2  total_ep=660  λ_max=0.002

─── Round 0/2 │ 4 scen = 2100 rows ───
    coll=1500  scales=[4.99e+02, 3.95e+00, 6.99e+00, 3.65e+01]
    → +4 scen  (total 8 = 4225 rows)

─── Round 1/2 │ 8 scen = 4225 rows ───
    coll=1500  scales=[4.68e+02, 3.71e+00, 1.11e+01, 6.21e+01]
    → +4 scen  (total 12 = 6350 rows)

─── Round 2/2 │ 12 scen = 6350 rows ───
    coll=1500  scales=[4.22e+02, 3.50e+00, 9.96e+00, 5.59e+01]

─── Final polish │ 300 ep ───
    ep   560  data=-4.509e-01  pde=2.756e-01  λ=0.0020  val_mse=1.749e-03

[Done v3]  54.9s  12 scen  6350 rows  val_mse=1.6897e-03
  internal: 8.7161e-04  LHS: 5.3560e-01  (55s)

[pinn_ic_coreset]
  t_max override: ub[:,1] = 20.01  (was 1.00)
  Model: PINN  h=96  L=3  K=3  +PCA bottleneck k=8
[v3 trainer] PINN+committee+PDE  budget=12  n0=4  k=4  rounds=2  total_ep=660  λ_max=0.002

─── Round 0/2 │ 4 scen = 2100 rows ───
    coll=1500  scales=[4.99e+02, 3.95e+00, 6.99e+00, 3.65e+01]
    → +4 scen  (total 8 = 4225 rows)

─── Round 1/2 │ 8 scen = 4225 rows ───
    coll=1500  scales=[4.68e+02, 3.70e+00, 1.11e+01, 6.19e+01]
    → +4 scen  (total 12 = 6400 rows)

─── Round 2/2 │ 12 scen = 6400 rows ───
    coll=1500  scales=[4.22e+02, 3.55e+00, 9.98e+00, 5.76e+01]

─── Final polish │ 300 ep ───
    ep   560  data=-4.531e-01  pde=9.194e-01  λ=0.0020  val_mse=2.045e-03

[Done v3]  52.1s  12 scen  6400 rows  val_mse=1.9789e-03
  internal: 9.4331e-04  LHS: 1.2980e-01  (52s)

[pinn_seqrand]
  t_max override: ub[:,1] = 20.01  (was 1.00)
  Model: PINN  h=96  L=3  K=3  +PCA bottleneck k=8
[v3 trainer] PINN+committee+PDE  budget=12  n0=4  k=4  rounds=2  total_ep=660  λ_max=0.002

─── Round 0/2 │ 4 scen = 2100 rows ───
    coll=1500  scales=[4.99e+02, 3.95e+00, 6.99e+00, 3.65e+01]
    → +4 scen  (total 8 = 4300 rows)

─── Round 1/2 │ 8 scen = 4300 rows ───
    coll=1500  scales=[4.50e+02, 3.66e+00, 9.60e+00, 6.07e+01]
    → +4 scen  (total 12 = 6575 rows)

─── Round 2/2 │ 12 scen = 6575 rows ───
    coll=1500  scales=[4.05e+02, 3.45e+00, 8.83e+00, 5.55e+01]

─── Final polish │ 300 ep ───
    ep   560  data=-4.463e-01  pde=2.202e-01  λ=0.0020  val_mse=3.686e-03

[Done v3]  53.3s  12 scen  6575 rows  val_mse=3.6130e-03
  internal: 1.8094e-03  LHS: 3.5173e-01  (53s)

[pinn_oneshot]
  t_max override: ub[:,1] = 20.01  (was 1.00)
  Model: PINN  h=96  L=3  K=3  +PCA bottleneck k=8
  internal: 4.4698e-03  LHS: 1.0769e-01  (54s)

[ann_al]
  t_max override: ub[:,1] = 20.01  (was 1.00)
  Model: ANN   h=96  L=3  +PCA bottleneck k=8
[v3 trainer] ANN  budget=12  n0=4  k=4  rounds=2  total_ep=660  λ_max=0.0

─── Round 0/2 │ 4 scen = 2100 rows ───
    → +4 scen  (total 8 = 4225 rows)

─── Round 1/2 │ 8 scen = 4225 rows ───
    → +4 scen  (total 12 = 6475 rows)

─── Round 2/2 │ 12 scen = 6475 rows ───

─── Final polish │ 300 ep ───
    ep   560  data=2.956e-03  pde=0.000e+00  λ=0.0000  val_mse=2.625e-03

[Done v3]  10.3s  12 scen  6475 rows  val_mse=2.5892e-03
  internal: 1.3732e-03  LHS: 2.7834e-02  (10s)

[ann_oneshot]
  t_max override: ub[:,1] = 20.01  (was 1.00)
  Model: ANN   h=96  L=3  +PCA bottleneck k=8
  internal: 9.4843e-03  LHS: 4.3829e-02  (9s)

── seed=123 ──

[pinn_al]
  t_max override: ub[:,1] = 20.01  (was 1.00)
  Model: PINN  h=96  L=3  K=3  +PCA bottleneck k=8
[v3 trainer] PINN+committee+PDE  budget=12  n0=4  k=4  rounds=2  total_ep=660  λ_max=0.002

─── Round 0/2 │ 4 scen = 2300 rows ───
    coll=1500  scales=[1.43e+00, 5.60e-01, 1.13e+00, 6.81e+00]
    → +4 scen  (total 8 = 4450 rows)

─── Round 1/2 │ 8 scen = 4450 rows ───
    coll=1500  scales=[1.32e+00, 5.60e-01, 7.57e+00, 4.28e+01]
    → +4 scen  (total 12 = 6575 rows)

─── Round 2/2 │ 12 scen = 6575 rows ───
    coll=1500  scales=[1.25e+00, 5.71e-01, 6.93e+00, 3.86e+01]

─── Final polish │ 300 ep ───
    ep   560  data=-4.175e-01  pde=5.721e-01  λ=0.0020  val_mse=3.570e-03

[Done v3]  54.7s  12 scen  6575 rows  val_mse=3.4099e-03
  internal: 1.9000e-03  LHS: 1.1687e+00  (55s)

[pinn_ic_coreset]
  t_max override: ub[:,1] = 20.01  (was 1.00)
  Model: PINN  h=96  L=3  K=3  +PCA bottleneck k=8
[v3 trainer] PINN+committee+PDE  budget=12  n0=4  k=4  rounds=2  total_ep=660  λ_max=0.002

─── Round 0/2 │ 4 scen = 2300 rows ───
    coll=1500  scales=[1.43e+00, 5.60e-01, 1.13e+00, 6.81e+00]
    → +4 scen  (total 8 = 4425 rows)

─── Round 1/2 │ 8 scen = 4425 rows ───
    coll=1500  scales=[1.32e+00, 5.57e-01, 7.57e+00, 4.28e+01]
    → +4 scen  (total 12 = 6600 rows)

─── Round 2/2 │ 12 scen = 6600 rows ───
    coll=1500  scales=[1.23e+00, 5.61e-01, 6.96e+00, 3.87e+01]

─── Final polish │ 300 ep ───
    ep   560  data=-4.244e-01  pde=5.249e-01  λ=0.0020  val_mse=3.123e-03

[Done v3]  53.4s  12 scen  6600 rows  val_mse=2.9572e-03
  internal: 1.7382e-03  LHS: 1.1403e+00  (53s)

[pinn_seqrand]
  t_max override: ub[:,1] = 20.01  (was 1.00)
  Model: PINN  h=96  L=3  K=3  +PCA bottleneck k=8
[v3 trainer] PINN+committee+PDE  budget=12  n0=4  k=4  rounds=2  total_ep=660  λ_max=0.002

─── Round 0/2 │ 4 scen = 2300 rows ───
    coll=1500  scales=[1.43e+00, 5.60e-01, 1.13e+00, 6.81e+00]
    → +4 scen  (total 8 = 4500 rows)

─── Round 1/2 │ 8 scen = 4500 rows ───
    coll=1500  scales=[1.30e+00, 5.19e-01, 7.57e+00, 4.28e+01]
    → +4 scen  (total 12 = 6700 rows)

─── Round 2/2 │ 12 scen = 6700 rows ───
    coll=1500  scales=[1.19e+00, 4.84e-01, 6.97e+00, 3.86e+01]

─── Final polish │ 300 ep ───
    ep   560  data=-4.106e-01  pde=3.823e-01  λ=0.0020  val_mse=6.962e-03

[Done v3]  53.3s  12 scen  6700 rows  val_mse=6.6947e-03
  internal: 3.0024e-03  LHS: 1.1148e+00  (53s)

[pinn_oneshot]
  t_max override: ub[:,1] = 20.01  (was 1.00)
  Model: PINN  h=96  L=3  K=3  +PCA bottleneck k=8
  internal: 2.6232e-03  LHS: 2.6846e-01  (53s)

[ann_al]
  t_max override: ub[:,1] = 20.01  (was 1.00)
  Model: ANN   h=96  L=3  +PCA bottleneck k=8
[v3 trainer] ANN  budget=12  n0=4  k=4  rounds=2  total_ep=660  λ_max=0.0

─── Round 0/2 │ 4 scen = 2300 rows ───
    → +4 scen  (total 8 = 4425 rows)

─── Round 1/2 │ 8 scen = 4425 rows ───
    → +4 scen  (total 12 = 6575 rows)

─── Round 2/2 │ 12 scen = 6575 rows ───

─── Final polish │ 300 ep ───
    ep   560  data=3.544e-03  pde=0.000e+00  λ=0.0000  val_mse=3.487e-03

[Done v3]  10.2s  12 scen  6575 rows  val_mse=3.4420e-03
  internal: 1.8264e-03  LHS: 2.8636e-01  (10s)

[ann_oneshot]
  t_max override: ub[:,1] = 20.01  (was 1.00)
  Model: ANN   h=96  L=3  +PCA bottleneck k=8
  internal: 9.2901e-03  LHS: 9.7702e-02  (9s)

── seed=456 ──

[pinn_al]
  t_max override: ub[:,1] = 20.01  (was 1.00)
  Model: PINN  h=96  L=3  K=3  +PCA bottleneck k=8
[v3 trainer] PINN+committee+PDE  budget=12  n0=4  k=4  rounds=2  total_ep=660  λ_max=0.002

─── Round 0/2 │ 4 scen = 2200 rows ───
    coll=1500  scales=[4.64e-01, 1.49e+00, 1.14e-01, 2.50e-01]
    → +4 scen  (total 8 = 4325 rows)

─── Round 1/2 │ 8 scen = 4325 rows ───
    coll=1500  scales=[4.69e-01, 1.44e+00, 1.05e+01, 3.65e+01]
    → +4 scen  (total 12 = 6475 rows)

─── Round 2/2 │ 12 scen = 6475 rows ───
    coll=1500  scales=[4.44e-01, 1.37e+00, 9.50e+00, 3.30e+01]

─── Final polish │ 300 ep ───
    ep   560  data=-4.308e-01  pde=4.884e-01  λ=0.0020  val_mse=3.536e-03

[Done v3]  54.8s  12 scen  6475 rows  val_mse=3.3248e-03
  internal: 2.0708e-03  LHS: 2.8823e-01  (55s)

[pinn_ic_coreset]
  t_max override: ub[:,1] = 20.01  (was 1.00)
  Model: PINN  h=96  L=3  K=3  +PCA bottleneck k=8
[v3 trainer] PINN+committee+PDE  budget=12  n0=4  k=4  rounds=2  total_ep=660  λ_max=0.002

─── Round 0/2 │ 4 scen = 2200 rows ───
    coll=1500  scales=[4.64e-01, 1.49e+00, 1.14e-01, 2.50e-01]
    → +4 scen  (total 8 = 4325 rows)

─── Round 1/2 │ 8 scen = 4325 rows ───
    coll=1500  scales=[4.67e-01, 1.43e+00, 1.05e+01, 3.65e+01]
    → +4 scen  (total 12 = 6500 rows)

─── Round 2/2 │ 12 scen = 6500 rows ───
    coll=1500  scales=[4.38e-01, 1.36e+00, 9.50e+00, 3.30e+01]

─── Final polish │ 300 ep ───
    ep   560  data=-4.363e-01  pde=4.719e-01  λ=0.0020  val_mse=3.568e-03

[Done v3]  53.3s  12 scen  6500 rows  val_mse=3.4273e-03
  internal: 2.2721e-03  LHS: 2.0311e-01  (53s)

[pinn_seqrand]
  t_max override: ub[:,1] = 20.01  (was 1.00)
  Model: PINN  h=96  L=3  K=3  +PCA bottleneck k=8
[v3 trainer] PINN+committee+PDE  budget=12  n0=4  k=4  rounds=2  total_ep=660  λ_max=0.002

─── Round 0/2 │ 4 scen = 2200 rows ───
    coll=1500  scales=[4.64e-01, 1.49e+00, 1.14e-01, 2.50e-01]
    → +4 scen  (total 8 = 4500 rows)

─── Round 1/2 │ 8 scen = 4500 rows ───
    coll=1500  scales=[4.31e-01, 1.38e+00, 1.05e+01, 3.65e+01]
    → +4 scen  (total 12 = 6575 rows)

─── Round 2/2 │ 12 scen = 6575 rows ───
    coll=1500  scales=[3.97e-01, 1.28e+00, 9.49e+00, 3.32e+01]

─── Final polish │ 300 ep ───
    ep   560  data=-4.145e-01  pde=3.813e-01  λ=0.0020  val_mse=5.008e-03

[Done v3]  53.5s  12 scen  6575 rows  val_mse=4.7937e-03
  internal: 2.7870e-03  LHS: 6.0041e-01  (54s)

[pinn_oneshot]
  t_max override: ub[:,1] = 20.01  (was 1.00)
  Model: PINN  h=96  L=3  K=3  +PCA bottleneck k=8
  internal: 3.2769e-03  LHS: 1.7655e-01  (55s)

[ann_al]
  t_max override: ub[:,1] = 20.01  (was 1.00)
  Model: ANN   h=96  L=3  +PCA bottleneck k=8
[v3 trainer] ANN  budget=12  n0=4  k=4  rounds=2  total_ep=660  λ_max=0.0

─── Round 0/2 │ 4 scen = 2200 rows ───
    → +4 scen  (total 8 = 4325 rows)

─── Round 1/2 │ 8 scen = 4325 rows ───
    → +4 scen  (total 12 = 6475 rows)

─── Round 2/2 │ 12 scen = 6475 rows ───

─── Final polish │ 300 ep ───
    ep   560  data=3.906e-03  pde=0.000e+00  λ=0.0000  val_mse=3.862e-03

[Done v3]  10.5s  12 scen  6475 rows  val_mse=3.8184e-03
  internal: 2.0202e-03  LHS: 5.6204e-02  (11s)

[ann_oneshot]
  t_max override: ub[:,1] = 20.01  (was 1.00)
  Model: ANN   h=96  L=3  +PCA bottleneck k=8
  internal: 2.5401e-03  LHS: 4.7245e-01  (10s)

── seed=789 ──

[pinn_al]
  t_max override: ub[:,1] = 20.01  (was 1.00)
  Model: PINN  h=96  L=3  K=3  +PCA bottleneck k=8
[v3 trainer] PINN+committee+PDE  budget=12  n0=4  k=4  rounds=2  total_ep=660  λ_max=0.002

─── Round 0/2 │ 4 scen = 2200 rows ───
    coll=1500  scales=[4.86e-01, 4.92e-01, 6.25e-02, 5.96e-01]
    → +4 scen  (total 8 = 4325 rows)

─── Round 1/2 │ 8 scen = 4325 rows ───
    coll=1500  scales=[6.22e+00, 5.14e-01, 9.21e-01, 1.16e+01]
    → +4 scen  (total 12 = 6450 rows)

─── Round 2/2 │ 12 scen = 6450 rows ───
    coll=1500  scales=[5.67e+00, 5.09e-01, 8.34e-01, 1.04e+01]

─── Final polish │ 300 ep ───
    ep   560  data=-4.290e-01  pde=9.466e-01  λ=0.0020  val_mse=4.153e-03

[Done v3]  54.5s  12 scen  6450 rows  val_mse=3.9520e-03
  internal: 2.1484e-03  LHS: 1.6106e-01  (55s)

[pinn_ic_coreset]
  t_max override: ub[:,1] = 20.01  (was 1.00)
  Model: PINN  h=96  L=3  K=3  +PCA bottleneck k=8
[v3 trainer] PINN+committee+PDE  budget=12  n0=4  k=4  rounds=2  total_ep=660  λ_max=0.002

─── Round 0/2 │ 4 scen = 2200 rows ───
    coll=1500  scales=[4.86e-01, 4.92e-01, 6.25e-02, 5.96e-01]
    → +4 scen  (total 8 = 4325 rows)

─── Round 1/2 │ 8 scen = 4325 rows ───
    coll=1500  scales=[6.06e+00, 5.13e-01, 8.18e-01, 1.11e+01]
    → +4 scen  (total 12 = 6500 rows)

─── Round 2/2 │ 12 scen = 6500 rows ───
    coll=1500  scales=[5.47e+00, 5.14e-01, 7.40e-01, 1.00e+01]

─── Final polish │ 300 ep ───
    ep   560  data=-4.269e-01  pde=4.563e-01  λ=0.0020  val_mse=3.726e-03

[Done v3]  53.4s  12 scen  6500 rows  val_mse=3.4981e-03
  internal: 1.8724e-03  LHS: 1.4325e-01  (53s)

[pinn_seqrand]
  t_max override: ub[:,1] = 20.01  (was 1.00)
  Model: PINN  h=96  L=3  K=3  +PCA bottleneck k=8
[v3 trainer] PINN+committee+PDE  budget=12  n0=4  k=4  rounds=2  total_ep=660  λ_max=0.002

─── Round 0/2 │ 4 scen = 2200 rows ───
    coll=1500  scales=[4.86e-01, 4.92e-01, 6.25e-02, 5.96e-01]
    → +4 scen  (total 8 = 4300 rows)

─── Round 1/2 │ 8 scen = 4300 rows ───
    coll=1500  scales=[4.45e-01, 4.64e-01, 5.85e-02, 6.05e-01]
    → +4 scen  (total 12 = 6400 rows)

─── Round 2/2 │ 12 scen = 6400 rows ───
    coll=1500  scales=[4.09e-01, 4.32e-01, 5.38e-02, 5.51e-01]

─── Final polish │ 300 ep ───
    ep   560  data=-3.717e-01  pde=2.797e-01  λ=0.0020  val_mse=1.474e-02

[Done v3]  53.0s  12 scen  6400 rows  val_mse=1.4897e-02
  internal: 4.8918e-03  LHS: 8.6557e-02  (53s)

[pinn_oneshot]
  t_max override: ub[:,1] = 20.01  (was 1.00)
  Model: PINN  h=96  L=3  K=3  +PCA bottleneck k=8
  internal: 2.7700e-03  LHS: 5.0590e-01  (55s)

[ann_al]
  t_max override: ub[:,1] = 20.01  (was 1.00)
  Model: ANN   h=96  L=3  +PCA bottleneck k=8
[v3 trainer] ANN  budget=12  n0=4  k=4  rounds=2  total_ep=660  λ_max=0.0

─── Round 0/2 │ 4 scen = 2200 rows ───
    → +4 scen  (total 8 = 4325 rows)

─── Round 1/2 │ 8 scen = 4325 rows ───
    → +4 scen  (total 12 = 6500 rows)

─── Round 2/2 │ 12 scen = 6500 rows ───

─── Final polish │ 300 ep ───
    ep   560  data=2.677e-03  pde=0.000e+00  λ=0.0000  val_mse=2.604e-03

[Done v3]  10.3s  12 scen  6500 rows  val_mse=2.5549e-03
  internal: 1.4132e-03  LHS: 1.1654e-01  (10s)

[ann_oneshot]
  t_max override: ub[:,1] = 20.01  (was 1.00)
  Model: ANN   h=96  L=3  +PCA bottleneck k=8
  internal: 3.4104e-03  LHS: 1.3931e-01  (10s)

── seed=1024 ──

[pinn_al]
  t_max override: ub[:,1] = 20.01  (was 1.00)
  Model: PINN  h=96  L=3  K=3  +PCA bottleneck k=8
[v3 trainer] PINN+committee+PDE  budget=12  n0=4  k=4  rounds=2  total_ep=660  λ_max=0.002

─── Round 0/2 │ 4 scen = 2100 rows ───
    coll=1500  scales=[9.17e-01, 5.59e-01, 1.74e-01, 1.44e+00]
    → +4 scen  (total 8 = 4350 rows)

─── Round 1/2 │ 8 scen = 4350 rows ───
    coll=1500  scales=[1.62e+00, 5.36e-01, 6.06e-01, 2.92e+00]
    → +4 scen  (total 12 = 6600 rows)

─── Round 2/2 │ 12 scen = 6600 rows ───
    coll=1500  scales=[1.50e+00, 5.19e-01, 5.50e-01, 2.68e+00]

─── Final polish │ 300 ep ───
    ep   560  data=-4.197e-01  pde=5.784e-01  λ=0.0020  val_mse=3.907e-03

[Done v3]  54.4s  12 scen  6600 rows  val_mse=3.7917e-03
  internal: 1.9589e-03  LHS: 1.0849e-01  (54s)

[pinn_ic_coreset]
  t_max override: ub[:,1] = 20.01  (was 1.00)
  Model: PINN  h=96  L=3  K=3  +PCA bottleneck k=8
[v3 trainer] PINN+committee+PDE  budget=12  n0=4  k=4  rounds=2  total_ep=660  λ_max=0.002

─── Round 0/2 │ 4 scen = 2100 rows ───
    coll=1500  scales=[9.17e-01, 5.59e-01, 1.74e-01, 1.44e+00]
    → +4 scen  (total 8 = 4225 rows)

─── Round 1/2 │ 8 scen = 4225 rows ───
    coll=1500  scales=[1.72e+00, 5.52e-01, 6.47e-01, 2.83e+00]
    → +4 scen  (total 12 = 6400 rows)

─── Round 2/2 │ 12 scen = 6400 rows ───
    coll=1500  scales=[1.59e+00, 5.40e-01, 5.87e-01, 2.60e+00]

─── Final polish │ 300 ep ───
    ep   560  data=-4.174e-01  pde=6.980e-01  λ=0.0020  val_mse=4.000e-03

[Done v3]  52.6s  12 scen  6400 rows  val_mse=3.8811e-03
  internal: 2.0708e-03  LHS: 1.3232e-01  (53s)

[pinn_seqrand]
  t_max override: ub[:,1] = 20.01  (was 1.00)
  Model: PINN  h=96  L=3  K=3  +PCA bottleneck k=8
[v3 trainer] PINN+committee+PDE  budget=12  n0=4  k=4  rounds=2  total_ep=660  λ_max=0.002

─── Round 0/2 │ 4 scen = 2100 rows ───
    coll=1500  scales=[9.17e-01, 5.59e-01, 1.74e-01, 1.44e+00]
    → +4 scen  (total 8 = 4200 rows)

─── Round 1/2 │ 8 scen = 4200 rows ───
    coll=1500  scales=[8.45e-01, 5.23e-01, 2.43e-01, 1.43e+00]
    → +4 scen  (total 12 = 6300 rows)

─── Round 2/2 │ 12 scen = 6300 rows ───
    coll=1500  scales=[7.82e-01, 4.93e-01, 2.23e-01, 1.31e+00]

─── Final polish │ 300 ep ───
    ep   560  data=-4.349e-01  pde=7.931e-01  λ=0.0020  val_mse=6.340e-03

[Done v3]  52.4s  12 scen  6300 rows  val_mse=6.2154e-03
  internal: 3.1689e-03  LHS: 6.2864e-01  (53s)

[pinn_oneshot]
  t_max override: ub[:,1] = 20.01  (was 1.00)
  Model: PINN  h=96  L=3  K=3  +PCA bottleneck k=8
  internal: 4.4843e-03  LHS: 7.7712e-02  (55s)

[ann_al]
  t_max override: ub[:,1] = 20.01  (was 1.00)
  Model: ANN   h=96  L=3  +PCA bottleneck k=8
[v3 trainer] ANN  budget=12  n0=4  k=4  rounds=2  total_ep=660  λ_max=0.0

─── Round 0/2 │ 4 scen = 2100 rows ───
    → +4 scen  (total 8 = 4350 rows)

─── Round 1/2 │ 8 scen = 4350 rows ───
    → +4 scen  (total 12 = 6350 rows)

─── Round 2/2 │ 12 scen = 6350 rows ───

─── Final polish │ 300 ep ───
    ep   560  data=3.852e-03  pde=0.000e+00  λ=0.0000  val_mse=4.439e-03

[Done v3]  10.0s  12 scen  6350 rows  val_mse=4.4078e-03
  internal: 2.2048e-03  LHS: 1.4367e-01  (10s)

[ann_oneshot]
  t_max override: ub[:,1] = 20.01  (was 1.00)
  Model: ANN   h=96  L=3  +PCA bottleneck k=8
  internal: 3.4511e-03  LHS: 4.5127e-01  (10s)

======================================================================
BUDGET = 30 scenarios
======================================================================

── seed=42 ──

[pinn_al]
  t_max override: ub[:,1] = 20.01  (was 1.00)
  Model: PINN  h=128  L=3  K=3  +PCA bottleneck k=8
[v3 trainer] PINN+committee+PDE  budget=30  n0=4  k=4  rounds=7  total_ep=1260  λ_max=0.002

─── Round 0/7 │ 4 scen = 2100 rows ───
    coll=1500  scales=[6.18e+00, 4.29e-01, 1.39e+01, 2.35e+02]
    → +4 scen  (total 8 = 4350 rows)

─── Round 1/7 │ 8 scen = 4350 rows ───
    coll=1500  scales=[5.87e+00, 4.33e-01, 1.27e+01, 2.13e+02]
    → +4 scen  (total 12 = 6475 rows)

─── Round 2/7 │ 12 scen = 6475 rows ───
    coll=1500  scales=[5.35e+00, 4.33e-01, 1.14e+01, 1.92e+02]
    → +4 scen  (total 16 = 8625 rows)

─── Round 3/7 │ 16 scen = 8625 rows ───
    coll=1500  scales=[4.89e+00, 5.02e-01, 1.03e+01, 1.73e+02]
    → +4 scen  (total 20 = 10675 rows)

─── Round 4/7 │ 20 scen = 10675 rows ───
    coll=1500  scales=[4.45e+00, 4.86e-01, 9.29e+00, 1.56e+02]
    → +4 scen  (total 24 = 12850 rows)

─── Round 5/7 │ 24 scen = 12850 rows ───
    coll=1500  scales=[4.05e+00, 4.94e-01, 8.38e+00, 1.40e+02]
    → +4 scen  (total 28 = 14875 rows)

─── Round 6/7 │ 28 scen = 14875 rows ───
    coll=1500  scales=[3.73e+00, 4.92e-01, 7.56e+00, 1.27e+02]
    → +4 scen  (total 32 = 17075 rows)

─── Round 7/7 │ 32 scen = 17075 rows ───
    coll=1500  scales=[3.42e+00, 4.78e-01, 6.81e+00, 1.14e+02]

─── Final polish │ 300 ep ───
    ep  1160  data=-4.595e-01  pde=3.073e-01  λ=0.0020  val_mse=1.658e-03

[Done v3]  206.9s  32 scen  17075 rows  val_mse=1.6200e-03
  internal: 8.5521e-04  LHS: 3.0256e-01  (207s)

[pinn_ic_coreset]
  t_max override: ub[:,1] = 20.01  (was 1.00)
  Model: PINN  h=128  L=3  K=3  +PCA bottleneck k=8
[v3 trainer] PINN+committee+PDE  budget=30  n0=4  k=4  rounds=7  total_ep=1260  λ_max=0.002

─── Round 0/7 │ 4 scen = 2100 rows ───
    coll=1500  scales=[6.18e+00, 4.29e-01, 1.39e+01, 2.35e+02]
    → +4 scen  (total 8 = 4225 rows)

─── Round 1/7 │ 8 scen = 4225 rows ───
    coll=1500  scales=[6.07e+00, 4.35e-01, 1.28e+01, 2.15e+02]
    → +4 scen  (total 12 = 6400 rows)

─── Round 2/7 │ 12 scen = 6400 rows ───
    coll=1500  scales=[5.52e+00, 4.33e-01, 1.15e+01, 1.94e+02]
    → +4 scen  (total 16 = 8425 rows)

─── Round 3/7 │ 16 scen = 8425 rows ───
    coll=1500  scales=[5.04e+00, 5.63e-01, 1.04e+01, 1.75e+02]
    → +4 scen  (total 20 = 10450 rows)

─── Round 4/7 │ 20 scen = 10450 rows ───
    coll=1500  scales=[4.62e+00, 6.03e-01, 9.35e+00, 1.57e+02]
    → +4 scen  (total 24 = 12500 rows)

─── Round 5/7 │ 24 scen = 12500 rows ───
    coll=1500  scales=[4.24e+00, 6.80e-01, 8.43e+00, 1.42e+02]
    → +4 scen  (total 28 = 14575 rows)

─── Round 6/7 │ 28 scen = 14575 rows ───
    coll=1500  scales=[3.88e+00, 6.72e-01, 7.60e+00, 1.28e+02]
    → +4 scen  (total 32 = 16675 rows)

─── Round 7/7 │ 32 scen = 16675 rows ───
    coll=1500  scales=[3.58e+00, 6.48e-01, 6.85e+00, 1.15e+02]

─── Final polish │ 300 ep ───
    ep  1160  data=-4.647e-01  pde=2.101e-01  λ=0.0020  val_mse=1.130e-03

[Done v3]  200.0s  32 scen  16675 rows  val_mse=1.1105e-03
  internal: 5.6686e-04  LHS: 5.3610e-01  (200s)

[pinn_seqrand]
  t_max override: ub[:,1] = 20.01  (was 1.00)
  Model: PINN  h=128  L=3  K=3  +PCA bottleneck k=8
[v3 trainer] PINN+committee+PDE  budget=30  n0=4  k=4  rounds=7  total_ep=1260  λ_max=0.002

─── Round 0/7 │ 4 scen = 2100 rows ───
    coll=1500  scales=[6.18e+00, 4.29e-01, 1.39e+01, 2.35e+02]
    → +4 scen  (total 8 = 4300 rows)

─── Round 1/7 │ 8 scen = 4300 rows ───
    coll=1500  scales=[5.59e+00, 4.01e-01, 1.25e+01, 2.12e+02]
    → +4 scen  (total 12 = 6575 rows)

─── Round 2/7 │ 12 scen = 6575 rows ───
    coll=1500  scales=[5.05e+00, 3.93e-01, 1.13e+01, 1.90e+02]
    → +4 scen  (total 16 = 8850 rows)

─── Round 3/7 │ 16 scen = 8850 rows ───
    coll=1500  scales=[4.57e+00, 3.76e-01, 1.02e+01, 1.71e+02]
    → +4 scen  (total 20 = 10950 rows)

─── Round 4/7 │ 20 scen = 10950 rows ───
    coll=1500  scales=[4.22e+00, 3.86e-01, 9.19e+00, 1.54e+02]
    → +4 scen  (total 24 = 13050 rows)

─── Round 5/7 │ 24 scen = 13050 rows ───
    coll=1500  scales=[3.89e+00, 3.95e-01, 8.27e+00, 1.39e+02]
    → +4 scen  (total 28 = 15250 rows)

─── Round 6/7 │ 28 scen = 15250 rows ───
    coll=1500  scales=[3.61e+00, 3.95e-01, 7.45e+00, 1.25e+02]
    → +4 scen  (total 32 = 17350 rows)

─── Round 7/7 │ 32 scen = 17350 rows ───
    coll=1500  scales=[3.36e+00, 4.28e-01, 6.71e+00, 1.13e+02]

─── Final polish │ 300 ep ───
    ep  1160  data=-4.629e-01  pde=3.485e-01  λ=0.0020  val_mse=3.561e-03

[Done v3]  204.0s  32 scen  17350 rows  val_mse=3.4599e-03
  internal: 1.9135e-03  LHS: 7.5022e-01  (204s)

[pinn_oneshot]
  t_max override: ub[:,1] = 20.01  (was 1.00)
  Model: PINN  h=128  L=3  K=3  +PCA bottleneck k=8
  internal: 2.3168e-03  LHS: 3.1538e-01  (239s)

[ann_al]
  t_max override: ub[:,1] = 20.01  (was 1.00)
  Model: ANN   h=128  L=3  +PCA bottleneck k=8
[v3 trainer] ANN  budget=30  n0=4  k=4  rounds=7  total_ep=1260  λ_max=0.0

─── Round 0/7 │ 4 scen = 2100 rows ───
    → +4 scen  (total 8 = 4350 rows)

─── Round 1/7 │ 8 scen = 4350 rows ───
    → +4 scen  (total 12 = 6500 rows)

─── Round 2/7 │ 12 scen = 6500 rows ───
    → +4 scen  (total 16 = 8700 rows)

─── Round 3/7 │ 16 scen = 8700 rows ───
    → +4 scen  (total 20 = 10950 rows)

─── Round 4/7 │ 20 scen = 10950 rows ───
    → +4 scen  (total 24 = 13125 rows)

─── Round 5/7 │ 24 scen = 13125 rows ───
    → +4 scen  (total 28 = 15175 rows)

─── Round 6/7 │ 28 scen = 15175 rows ───
    → +4 scen  (total 32 = 17250 rows)

─── Round 7/7 │ 32 scen = 17250 rows ───

─── Final polish │ 300 ep ───
    ep  1160  data=9.576e-04  pde=0.000e+00  λ=0.0000  val_mse=6.225e-04

[Done v3]  53.1s  32 scen  17250 rows  val_mse=6.2134e-04
  internal: 3.6860e-04  LHS: 1.1750e-01  (53s)

[ann_oneshot]
  t_max override: ub[:,1] = 20.01  (was 1.00)
  Model: ANN   h=128  L=3  +PCA bottleneck k=8
  internal: 2.9748e-03  LHS: 2.4187e-01  (63s)

── seed=123 ──

[pinn_al]
  t_max override: ub[:,1] = 20.01  (was 1.00)
  Model: PINN  h=128  L=3  K=3  +PCA bottleneck k=8
[v3 trainer] PINN+committee+PDE  budget=30  n0=4  k=4  rounds=7  total_ep=1260  λ_max=0.002

─── Round 0/7 │ 4 scen = 2300 rows ───
    coll=1500  scales=[3.08e+01, 3.69e-01, 4.55e+01, 6.00e+01]
    → +4 scen  (total 8 = 4425 rows)

─── Round 1/7 │ 8 scen = 4425 rows ───
    coll=1500  scales=[2.81e+01, 3.80e-01, 4.12e+01, 5.80e+01]
    → +4 scen  (total 12 = 6575 rows)

─── Round 2/7 │ 12 scen = 6575 rows ───
    coll=1500  scales=[2.54e+01, 3.90e-01, 3.71e+01, 5.23e+01]
    → +4 scen  (total 16 = 8650 rows)

─── Round 3/7 │ 16 scen = 8650 rows ───
    coll=1500  scales=[2.37e+01, 3.86e-01, 3.45e+01, 5.07e+01]
    → +4 scen  (total 20 = 10825 rows)

─── Round 4/7 │ 20 scen = 10825 rows ───
    coll=1500  scales=[2.15e+01, 4.15e-01, 3.11e+01, 4.57e+01]
    → +4 scen  (total 24 = 12900 rows)

─── Round 5/7 │ 24 scen = 12900 rows ───
    coll=1500  scales=[1.96e+01, 4.35e-01, 2.80e+01, 4.12e+01]
    → +4 scen  (total 28 = 14950 rows)

─── Round 6/7 │ 28 scen = 14950 rows ───
    coll=1500  scales=[1.79e+01, 4.51e-01, 2.52e+01, 3.71e+01]
    → +4 scen  (total 32 = 17025 rows)

─── Round 7/7 │ 32 scen = 17025 rows ───
    coll=1500  scales=[1.64e+01, 4.47e-01, 2.27e+01, 3.34e+01]

─── Final polish │ 300 ep ───
    ep  1160  data=-4.591e-01  pde=3.516e-01  λ=0.0020  val_mse=1.847e-03

[Done v3]  207.4s  32 scen  17025 rows  val_mse=1.7942e-03
  internal: 9.9657e-04  LHS: 1.9666e-01  (207s)

[pinn_ic_coreset]
  t_max override: ub[:,1] = 20.01  (was 1.00)
  Model: PINN  h=128  L=3  K=3  +PCA bottleneck k=8
[v3 trainer] PINN+committee+PDE  budget=30  n0=4  k=4  rounds=7  total_ep=1260  λ_max=0.002

─── Round 0/7 │ 4 scen = 2300 rows ───
    coll=1500  scales=[3.08e+01, 3.69e-01, 4.55e+01, 6.00e+01]
    → +4 scen  (total 8 = 4425 rows)

─── Round 1/7 │ 8 scen = 4425 rows ───
    coll=1500  scales=[2.85e+01, 3.78e-01, 4.13e+01, 5.91e+01]
    → +4 scen  (total 12 = 6600 rows)

─── Round 2/7 │ 12 scen = 6600 rows ───
    coll=1500  scales=[2.58e+01, 3.73e-01, 3.71e+01, 5.32e+01]
    → +4 scen  (total 16 = 8625 rows)

─── Round 3/7 │ 16 scen = 8625 rows ───
    coll=1500  scales=[2.33e+01, 4.69e-01, 3.34e+01, 4.79e+01]
    → +4 scen  (total 20 = 10650 rows)

─── Round 4/7 │ 20 scen = 10650 rows ───
    coll=1500  scales=[2.11e+01, 4.93e-01, 3.01e+01, 4.31e+01]
    → +4 scen  (total 24 = 12700 rows)

─── Round 5/7 │ 24 scen = 12700 rows ───
    coll=1500  scales=[1.93e+01, 5.43e-01, 2.71e+01, 3.89e+01]
    → +4 scen  (total 28 = 14775 rows)

─── Round 6/7 │ 28 scen = 14775 rows ───
    coll=1500  scales=[1.76e+01, 5.76e-01, 2.44e+01, 3.50e+01]
    → +4 scen  (total 32 = 16875 rows)

─── Round 7/7 │ 32 scen = 16875 rows ───
    coll=1500  scales=[1.61e+01, 5.69e-01, 2.20e+01, 3.15e+01]

─── Final polish │ 300 ep ───
    ep  1160  data=-4.623e-01  pde=3.026e-01  λ=0.0020  val_mse=1.237e-03

[Done v3]  202.0s  32 scen  16875 rows  val_mse=1.2120e-03
  internal: 6.5669e-04  LHS: 7.7792e-01  (202s)

[pinn_seqrand]
  t_max override: ub[:,1] = 20.01  (was 1.00)
  Model: PINN  h=128  L=3  K=3  +PCA bottleneck k=8
[v3 trainer] PINN+committee+PDE  budget=30  n0=4  k=4  rounds=7  total_ep=1260  λ_max=0.002

─── Round 0/7 │ 4 scen = 2300 rows ───
    coll=1500  scales=[3.08e+01, 3.69e-01, 4.55e+01, 6.00e+01]
    → +4 scen  (total 8 = 4500 rows)

─── Round 1/7 │ 8 scen = 4500 rows ───
    coll=1500  scales=[2.78e+01, 3.60e-01, 4.10e+01, 5.41e+01]
    → +4 scen  (total 12 = 6700 rows)

─── Round 2/7 │ 12 scen = 6700 rows ───
    coll=1500  scales=[2.51e+01, 3.58e-01, 3.69e+01, 4.87e+01]
    → +4 scen  (total 16 = 8900 rows)

─── Round 3/7 │ 16 scen = 8900 rows ───
    coll=1500  scales=[2.27e+01, 4.37e-01, 3.32e+01, 4.39e+01]
    → +4 scen  (total 20 = 11100 rows)

─── Round 4/7 │ 20 scen = 11100 rows ───
    coll=1500  scales=[2.06e+01, 4.84e-01, 2.99e+01, 3.95e+01]
    → +4 scen  (total 24 = 13200 rows)

─── Round 5/7 │ 24 scen = 13200 rows ───
    coll=1500  scales=[1.90e+01, 5.21e-01, 2.69e+01, 3.56e+01]
    → +4 scen  (total 28 = 15300 rows)

─── Round 6/7 │ 28 scen = 15300 rows ───
    coll=1500  scales=[1.76e+01, 5.40e-01, 2.42e+01, 3.21e+01]
    → +4 scen  (total 32 = 17400 rows)

─── Round 7/7 │ 32 scen = 17400 rows ───
    coll=1500  scales=[1.62e+01, 5.32e-01, 2.18e+01, 2.89e+01]

─── Final polish │ 300 ep ───
    ep  1160  data=-4.668e-01  pde=1.649e-01  λ=0.0020  val_mse=2.748e-03

[Done v3]  205.4s  32 scen  17400 rows  val_mse=2.6984e-03
  internal: 1.5244e-03  LHS: 5.5246e-02  (205s)

[pinn_oneshot]
  t_max override: ub[:,1] = 20.01  (was 1.00)
  Model: PINN  h=128  L=3  K=3  +PCA bottleneck k=8
  internal: 2.1643e-03  LHS: 5.7446e-02  (238s)

[ann_al]
  t_max override: ub[:,1] = 20.01  (was 1.00)
  Model: ANN   h=128  L=3  +PCA bottleneck k=8
[v3 trainer] ANN  budget=30  n0=4  k=4  rounds=7  total_ep=1260  λ_max=0.0

─── Round 0/7 │ 4 scen = 2300 rows ───
    → +4 scen  (total 8 = 4425 rows)

─── Round 1/7 │ 8 scen = 4425 rows ───
    → +4 scen  (total 12 = 6600 rows)

─── Round 2/7 │ 12 scen = 6600 rows ───
    → +4 scen  (total 16 = 8675 rows)

─── Round 3/7 │ 16 scen = 8675 rows ───
    → +4 scen  (total 20 = 10850 rows)

─── Round 4/7 │ 20 scen = 10850 rows ───
    → +4 scen  (total 24 = 13000 rows)

─── Round 5/7 │ 24 scen = 13000 rows ───
    → +4 scen  (total 28 = 15050 rows)

─── Round 6/7 │ 28 scen = 15050 rows ───
    → +4 scen  (total 32 = 17125 rows)

─── Round 7/7 │ 32 scen = 17125 rows ───

─── Final polish │ 300 ep ───
    ep  1160  data=8.926e-04  pde=0.000e+00  λ=0.0000  val_mse=5.966e-04

[Done v3]  53.1s  32 scen  17125 rows  val_mse=5.9517e-04
  internal: 3.4435e-04  LHS: 1.5750e-01  (53s)

[ann_oneshot]
  t_max override: ub[:,1] = 20.01  (was 1.00)
  Model: ANN   h=128  L=3  +PCA bottleneck k=8
  internal: 6.2463e-04  LHS: 2.3909e-01  (63s)

── seed=456 ──

[pinn_al]
  t_max override: ub[:,1] = 20.01  (was 1.00)
  Model: PINN  h=128  L=3  K=3  +PCA bottleneck k=8
[v3 trainer] PINN+committee+PDE  budget=30  n0=4  k=4  rounds=7  total_ep=1260  λ_max=0.002

─── Round 0/7 │ 4 scen = 2200 rows ───
    coll=1500  scales=[6.88e+02, 1.21e+00, 7.34e+01, 5.61e+02]
    → +4 scen  (total 8 = 4450 rows)

─── Round 1/7 │ 8 scen = 4450 rows ───
    coll=1500  scales=[6.20e+02, 1.30e+00, 6.61e+01, 5.05e+02]
    → +4 scen  (total 12 = 6600 rows)

─── Round 2/7 │ 12 scen = 6600 rows ───
    coll=1500  scales=[5.58e+02, 1.22e+00, 5.95e+01, 4.55e+02]
    → +4 scen  (total 16 = 8775 rows)

─── Round 3/7 │ 16 scen = 8775 rows ───
    coll=1500  scales=[5.02e+02, 1.47e+00, 5.36e+01, 4.09e+02]
    → +4 scen  (total 20 = 10825 rows)

─── Round 4/7 │ 20 scen = 10825 rows ───
    coll=1500  scales=[4.52e+02, 1.43e+00, 4.82e+01, 3.69e+02]
    → +4 scen  (total 24 = 12875 rows)

─── Round 5/7 │ 24 scen = 12875 rows ───
    coll=1500  scales=[4.07e+02, 1.46e+00, 4.34e+01, 3.32e+02]
    → +4 scen  (total 28 = 15025 rows)

─── Round 6/7 │ 28 scen = 15025 rows ───
    coll=1500  scales=[3.67e+02, 1.51e+00, 3.91e+01, 2.99e+02]
    → +4 scen  (total 32 = 17100 rows)

─── Round 7/7 │ 32 scen = 17100 rows ───
    coll=1500  scales=[3.31e+02, 1.53e+00, 3.52e+01, 2.69e+02]

─── Final polish │ 300 ep ───
    ep  1160  data=-4.698e-01  pde=1.413e-01  λ=0.0020  val_mse=7.494e-04

[Done v3]  207.2s  32 scen  17100 rows  val_mse=7.4152e-04
  internal: 4.3087e-04  LHS: 1.3737e-01  (207s)

[pinn_ic_coreset]
  t_max override: ub[:,1] = 20.01  (was 1.00)
  Model: PINN  h=128  L=3  K=3  +PCA bottleneck k=8
[v3 trainer] PINN+committee+PDE  budget=30  n0=4  k=4  rounds=7  total_ep=1260  λ_max=0.002

─── Round 0/7 │ 4 scen = 2200 rows ───
    coll=1500  scales=[6.88e+02, 1.21e+00, 7.34e+01, 5.61e+02]
    → +4 scen  (total 8 = 4325 rows)

─── Round 1/7 │ 8 scen = 4325 rows ───
    coll=1500  scales=[6.20e+02, 1.27e+00, 6.61e+01, 5.05e+02]
    → +4 scen  (total 12 = 6500 rows)

─── Round 2/7 │ 12 scen = 6500 rows ───
    coll=1500  scales=[5.58e+02, 1.24e+00, 5.95e+01, 4.55e+02]
    → +4 scen  (total 16 = 8525 rows)

─── Round 3/7 │ 16 scen = 8525 rows ───
    coll=1500  scales=[5.02e+02, 1.21e+00, 5.36e+01, 4.10e+02]
    → +4 scen  (total 20 = 10525 rows)

─── Round 4/7 │ 20 scen = 10525 rows ───
    coll=1500  scales=[4.52e+02, 1.19e+00, 4.82e+01, 3.69e+02]
    → +4 scen  (total 24 = 12600 rows)

─── Round 5/7 │ 24 scen = 12600 rows ───
    coll=1500  scales=[4.07e+02, 1.28e+00, 4.34e+01, 3.32e+02]
    → +4 scen  (total 28 = 14675 rows)

─── Round 6/7 │ 28 scen = 14675 rows ───
    coll=1500  scales=[3.67e+02, 1.33e+00, 3.91e+01, 2.99e+02]
    → +4 scen  (total 32 = 16775 rows)

─── Round 7/7 │ 32 scen = 16775 rows ───
    coll=1500  scales=[3.31e+02, 1.33e+00, 3.52e+01, 2.69e+02]

─── Final polish │ 300 ep ───
    ep  1160  data=-4.703e-01  pde=1.603e-01  λ=0.0020  val_mse=7.825e-04

[Done v3]  200.2s  32 scen  16775 rows  val_mse=7.7388e-04
  internal: 4.5802e-04  LHS: 1.2191e-01  (200s)

[pinn_seqrand]
  t_max override: ub[:,1] = 20.01  (was 1.00)
  Model: PINN  h=128  L=3  K=3  +PCA bottleneck k=8
[v3 trainer] PINN+committee+PDE  budget=30  n0=4  k=4  rounds=7  total_ep=1260  λ_max=0.002

─── Round 0/7 │ 4 scen = 2200 rows ───
    coll=1500  scales=[6.88e+02, 1.21e+00, 7.34e+01, 5.61e+02]
    → +4 scen  (total 8 = 4500 rows)

─── Round 1/7 │ 8 scen = 4500 rows ───
    coll=1500  scales=[6.19e+02, 1.12e+00, 6.61e+01, 5.05e+02]
    → +4 scen  (total 12 = 6575 rows)

─── Round 2/7 │ 12 scen = 6575 rows ───
    coll=1500  scales=[5.58e+02, 1.04e+00, 5.95e+01, 4.55e+02]
    → +4 scen  (total 16 = 8675 rows)

─── Round 3/7 │ 16 scen = 8675 rows ───
    coll=1500  scales=[5.02e+02, 1.02e+00, 5.36e+01, 4.10e+02]
    → +4 scen  (total 20 = 10975 rows)

─── Round 4/7 │ 20 scen = 10975 rows ───
    coll=1500  scales=[4.52e+02, 1.05e+00, 4.82e+01, 3.69e+02]
    → +4 scen  (total 24 = 13075 rows)

─── Round 5/7 │ 24 scen = 13075 rows ───
    coll=1500  scales=[4.08e+02, 1.27e+00, 4.34e+01, 3.32e+02]
    → +4 scen  (total 28 = 15175 rows)

─── Round 6/7 │ 28 scen = 15175 rows ───
    coll=1500  scales=[3.68e+02, 1.31e+00, 3.91e+01, 2.99e+02]
    → +4 scen  (total 32 = 17375 rows)

─── Round 7/7 │ 32 scen = 17375 rows ───
    coll=1500  scales=[3.33e+02, 1.28e+00, 3.52e+01, 2.69e+02]

─── Final polish │ 300 ep ───
    ep  1160  data=-4.733e-01  pde=6.898e-02  λ=0.0020  val_mse=2.424e-03

[Done v3]  204.2s  32 scen  17375 rows  val_mse=2.3899e-03
  internal: 1.4139e-03  LHS: 1.3110e-01  (204s)

[pinn_oneshot]
  t_max override: ub[:,1] = 20.01  (was 1.00)
  Model: PINN  h=128  L=3  K=3  +PCA bottleneck k=8
  internal: 9.1752e-04  LHS: 3.3268e-01  (239s)

[ann_al]
  t_max override: ub[:,1] = 20.01  (was 1.00)
  Model: ANN   h=128  L=3  +PCA bottleneck k=8
[v3 trainer] ANN  budget=30  n0=4  k=4  rounds=7  total_ep=1260  λ_max=0.0

─── Round 0/7 │ 4 scen = 2200 rows ───
    → +4 scen  (total 8 = 4325 rows)

─── Round 1/7 │ 8 scen = 4325 rows ───
    → +4 scen  (total 12 = 6475 rows)

─── Round 2/7 │ 12 scen = 6475 rows ───
    → +4 scen  (total 16 = 8675 rows)

─── Round 3/7 │ 16 scen = 8675 rows ───
    → +4 scen  (total 20 = 10950 rows)

─── Round 4/7 │ 20 scen = 10950 rows ───
    → +4 scen  (total 24 = 13025 rows)

─── Round 5/7 │ 24 scen = 13025 rows ───
    → +4 scen  (total 28 = 15175 rows)

─── Round 6/7 │ 28 scen = 15175 rows ───
    → +4 scen  (total 32 = 17250 rows)

─── Round 7/7 │ 32 scen = 17250 rows ───

─── Final polish │ 300 ep ───
    ep  1160  data=7.976e-04  pde=0.000e+00  λ=0.0000  val_mse=5.146e-04

[Done v3]  53.4s  32 scen  17250 rows  val_mse=5.1379e-04
  internal: 3.1664e-04  LHS: 2.2378e-01  (53s)

[ann_oneshot]
  t_max override: ub[:,1] = 20.01  (was 1.00)
  Model: ANN   h=128  L=3  +PCA bottleneck k=8
  internal: 1.3471e-03  LHS: 2.1720e-01  (63s)

── seed=789 ──

[pinn_al]
  t_max override: ub[:,1] = 20.01  (was 1.00)
  Model: PINN  h=128  L=3  K=3  +PCA bottleneck k=8
[v3 trainer] PINN+committee+PDE  budget=30  n0=4  k=4  rounds=7  total_ep=1260  λ_max=0.002

─── Round 0/7 │ 4 scen = 2200 rows ───
    coll=1500  scales=[3.92e+01, 4.70e-01, 2.62e+01, 4.20e+02]
    → +4 scen  (total 8 = 4325 rows)

─── Round 1/7 │ 8 scen = 4325 rows ───
    coll=1500  scales=[3.58e+01, 4.50e-01, 2.41e+01, 3.84e+02]
    → +4 scen  (total 12 = 6500 rows)

─── Round 2/7 │ 12 scen = 6500 rows ───
    coll=1500  scales=[3.23e+01, 4.60e-01, 2.17e+01, 3.45e+02]
    → +4 scen  (total 16 = 8675 rows)

─── Round 3/7 │ 16 scen = 8675 rows ───
    coll=1500  scales=[2.92e+01, 5.14e-01, 1.95e+01, 3.11e+02]
    → +4 scen  (total 20 = 10700 rows)

─── Round 4/7 │ 20 scen = 10700 rows ───
    coll=1500  scales=[2.65e+01, 5.36e-01, 1.76e+01, 2.80e+02]
    → +4 scen  (total 24 = 12900 rows)

─── Round 5/7 │ 24 scen = 12900 rows ───
    coll=1500  scales=[2.42e+01, 5.80e-01, 1.58e+01, 2.52e+02]
    → +4 scen  (total 28 = 14975 rows)

─── Round 6/7 │ 28 scen = 14975 rows ───
    coll=1500  scales=[2.21e+01, 5.86e-01, 1.42e+01, 2.27e+02]
    → +4 scen  (total 32 = 17025 rows)

─── Round 7/7 │ 32 scen = 17025 rows ───
    coll=1500  scales=[2.02e+01, 5.85e-01, 1.28e+01, 2.05e+02]

─── Final polish │ 300 ep ───
    ep  1160  data=-4.610e-01  pde=2.374e-01  λ=0.0020  val_mse=1.248e-03

[Done v3]  206.3s  32 scen  17025 rows  val_mse=1.2203e-03
  internal: 7.3957e-04  LHS: 1.1486e-01  (206s)

[pinn_ic_coreset]
  t_max override: ub[:,1] = 20.01  (was 1.00)
  Model: PINN  h=128  L=3  K=3  +PCA bottleneck k=8
[v3 trainer] PINN+committee+PDE  budget=30  n0=4  k=4  rounds=7  total_ep=1260  λ_max=0.002

─── Round 0/7 │ 4 scen = 2200 rows ───
    coll=1500  scales=[3.92e+01, 4.70e-01, 2.62e+01, 4.20e+02]
    → +4 scen  (total 8 = 4325 rows)

─── Round 1/7 │ 8 scen = 4325 rows ───
    coll=1500  scales=[3.78e+01, 4.52e-01, 2.43e+01, 3.83e+02]
    → +4 scen  (total 12 = 6500 rows)

─── Round 2/7 │ 12 scen = 6500 rows ───
    coll=1500  scales=[3.41e+01, 4.45e-01, 2.19e+01, 3.44e+02]
    → +4 scen  (total 16 = 8525 rows)

─── Round 3/7 │ 16 scen = 8525 rows ───
    coll=1500  scales=[3.08e+01, 4.48e-01, 1.97e+01, 3.10e+02]
    → +4 scen  (total 20 = 10550 rows)

─── Round 4/7 │ 20 scen = 10550 rows ───
    coll=1500  scales=[2.79e+01, 4.80e-01, 1.77e+01, 2.79e+02]
    → +4 scen  (total 24 = 12600 rows)

─── Round 5/7 │ 24 scen = 12600 rows ───
    coll=1500  scales=[2.54e+01, 5.02e-01, 1.60e+01, 2.51e+02]
    → +4 scen  (total 28 = 14675 rows)

─── Round 6/7 │ 28 scen = 14675 rows ───
    coll=1500  scales=[2.32e+01, 5.07e-01, 1.44e+01, 2.26e+02]
    → +4 scen  (total 32 = 16775 rows)

─── Round 7/7 │ 32 scen = 16775 rows ───
    coll=1500  scales=[2.12e+01, 5.04e-01, 1.30e+01, 2.04e+02]

─── Final polish │ 300 ep ───
    ep  1160  data=-4.627e-01  pde=2.607e-01  λ=0.0020  val_mse=1.393e-03

[Done v3]  201.1s  32 scen  16775 rows  val_mse=1.3665e-03
  internal: 7.9744e-04  LHS: 1.1712e-01  (201s)

[pinn_seqrand]
  t_max override: ub[:,1] = 20.01  (was 1.00)
  Model: PINN  h=128  L=3  K=3  +PCA bottleneck k=8
[v3 trainer] PINN+committee+PDE  budget=30  n0=4  k=4  rounds=7  total_ep=1260  λ_max=0.002

─── Round 0/7 │ 4 scen = 2200 rows ───
    coll=1500  scales=[3.92e+01, 4.70e-01, 2.62e+01, 4.20e+02]
    → +4 scen  (total 8 = 4300 rows)

─── Round 1/7 │ 8 scen = 4300 rows ───
    coll=1500  scales=[3.53e+01, 4.33e-01, 2.35e+01, 3.78e+02]
    → +4 scen  (total 12 = 6400 rows)

─── Round 2/7 │ 12 scen = 6400 rows ───
    coll=1500  scales=[3.18e+01, 4.01e-01, 2.12e+01, 3.41e+02]
    → +4 scen  (total 16 = 8475 rows)

─── Round 3/7 │ 16 scen = 8475 rows ───
    coll=1500  scales=[2.87e+01, 3.76e-01, 1.94e+01, 3.07e+02]
    → +4 scen  (total 20 = 10625 rows)

─── Round 4/7 │ 20 scen = 10625 rows ───
    coll=1500  scales=[2.65e+01, 3.96e-01, 1.90e+01, 2.85e+02]
    → +4 scen  (total 24 = 12700 rows)

─── Round 5/7 │ 24 scen = 12700 rows ───
    coll=1500  scales=[2.44e+01, 4.24e-01, 1.71e+01, 2.57e+02]
    → +4 scen  (total 28 = 14900 rows)

─── Round 6/7 │ 28 scen = 14900 rows ───
    coll=1500  scales=[2.24e+01, 4.42e-01, 1.54e+01, 2.31e+02]
    → +4 scen  (total 32 = 17000 rows)

─── Round 7/7 │ 32 scen = 17000 rows ───
    coll=1500  scales=[2.05e+01, 4.37e-01, 1.39e+01, 2.08e+02]

─── Final polish │ 300 ep ───
    ep  1160  data=-4.640e-01  pde=2.649e-01  λ=0.0020  val_mse=2.097e-03

[Done v3]  201.4s  32 scen  17000 rows  val_mse=2.0289e-03
  internal: 1.4372e-03  LHS: 9.0348e-02  (202s)

[pinn_oneshot]
  t_max override: ub[:,1] = 20.01  (was 1.00)
  Model: PINN  h=128  L=3  K=3  +PCA bottleneck k=8
  internal: 2.1174e-03  LHS: 1.4658e+00  (236s)

[ann_al]
  t_max override: ub[:,1] = 20.01  (was 1.00)
  Model: ANN   h=128  L=3  +PCA bottleneck k=8
[v3 trainer] ANN  budget=30  n0=4  k=4  rounds=7  total_ep=1260  λ_max=0.0

─── Round 0/7 │ 4 scen = 2200 rows ───
    → +4 scen  (total 8 = 4325 rows)

─── Round 1/7 │ 8 scen = 4325 rows ───
    → +4 scen  (total 12 = 6475 rows)

─── Round 2/7 │ 12 scen = 6475 rows ───
    → +4 scen  (total 16 = 8675 rows)

─── Round 3/7 │ 16 scen = 8675 rows ───
    → +4 scen  (total 20 = 10850 rows)

─── Round 4/7 │ 20 scen = 10850 rows ───
    → +4 scen  (total 24 = 13000 rows)

─── Round 5/7 │ 24 scen = 13000 rows ───
    → +4 scen  (total 28 = 15050 rows)

─── Round 6/7 │ 28 scen = 15050 rows ───
    → +4 scen  (total 32 = 17150 rows)

─── Round 7/7 │ 32 scen = 17150 rows ───

─── Final polish │ 300 ep ───
    ep  1160  data=1.176e-03  pde=0.000e+00  λ=0.0000  val_mse=8.786e-04

[Done v3]  53.1s  32 scen  17150 rows  val_mse=8.7591e-04
  internal: 4.3199e-04  LHS: 7.3586e-02  (53s)

[ann_oneshot]
  t_max override: ub[:,1] = 20.01  (was 1.00)
  Model: ANN   h=128  L=3  +PCA bottleneck k=8
  internal: 9.2775e-04  LHS: 2.6664e-01  (61s)

── seed=1024 ──

[pinn_al]
  t_max override: ub[:,1] = 20.01  (was 1.00)
  Model: PINN  h=128  L=3  K=3  +PCA bottleneck k=8
[v3 trainer] PINN+committee+PDE  budget=30  n0=4  k=4  rounds=7  total_ep=1260  λ_max=0.002

─── Round 0/7 │ 4 scen = 2100 rows ───
    coll=1500  scales=[1.08e+00, 1.40e-01, 1.59e+00, 6.37e+00]
    → +4 scen  (total 8 = 4350 rows)

─── Round 1/7 │ 8 scen = 4350 rows ───
    coll=1500  scales=[1.38e+00, 1.85e-01, 1.52e+00, 8.16e+00]
    → +4 scen  (total 12 = 6475 rows)

─── Round 2/7 │ 12 scen = 6475 rows ───
    coll=1500  scales=[1.28e+00, 1.87e-01, 1.37e+00, 7.37e+00]
    → +4 scen  (total 16 = 8625 rows)

─── Round 3/7 │ 16 scen = 8625 rows ───
    coll=1500  scales=[1.19e+00, 1.81e-01, 1.24e+00, 6.65e+00]
    → +4 scen  (total 20 = 10675 rows)

─── Round 4/7 │ 20 scen = 10675 rows ───
    coll=1500  scales=[1.10e+00, 1.78e-01, 1.12e+00, 6.01e+00]
    → +4 scen  (total 24 = 12725 rows)

─── Round 5/7 │ 24 scen = 12725 rows ───
    coll=1500  scales=[1.01e+00, 2.09e-01, 1.01e+00, 5.43e+00]
    → +4 scen  (total 28 = 14900 rows)

─── Round 6/7 │ 28 scen = 14900 rows ───
    coll=1500  scales=[9.37e-01, 2.09e-01, 9.13e-01, 4.91e+00]
    → +4 scen  (total 32 = 16975 rows)

─── Round 7/7 │ 32 scen = 16975 rows ───
    coll=1500  scales=[8.66e-01, 2.15e-01, 8.25e-01, 4.43e+00]

─── Final polish │ 300 ep ───
    ep  1160  data=-4.401e-01  pde=4.736e-01  λ=0.0020  val_mse=2.670e-03

[Done v3]  206.4s  32 scen  16975 rows  val_mse=2.5842e-03
  internal: 1.5269e-03  LHS: 3.0129e-01  (206s)

[pinn_ic_coreset]
  t_max override: ub[:,1] = 20.01  (was 1.00)
  Model: PINN  h=128  L=3  K=3  +PCA bottleneck k=8
[v3 trainer] PINN+committee+PDE  budget=30  n0=4  k=4  rounds=7  total_ep=1260  λ_max=0.002

─── Round 0/7 │ 4 scen = 2100 rows ───
    coll=1500  scales=[1.08e+00, 1.40e-01, 1.59e+00, 6.37e+00]
    → +4 scen  (total 8 = 4225 rows)

─── Round 1/7 │ 8 scen = 4225 rows ───
    coll=1500  scales=[1.05e+00, 1.86e-01, 1.44e+00, 5.92e+00]
    → +4 scen  (total 12 = 6400 rows)

─── Round 2/7 │ 12 scen = 6400 rows ───
    coll=1500  scales=[9.63e-01, 2.03e-01, 1.30e+00, 5.35e+00]
    → +4 scen  (total 16 = 8425 rows)

─── Round 3/7 │ 16 scen = 8425 rows ───
    coll=1500  scales=[9.04e-01, 2.13e-01, 1.18e+00, 4.83e+00]
    → +4 scen  (total 20 = 10450 rows)

─── Round 4/7 │ 20 scen = 10450 rows ───
    coll=1500  scales=[8.44e-01, 2.28e-01, 1.06e+00, 4.42e+00]
    → +4 scen  (total 24 = 12500 rows)

─── Round 5/7 │ 24 scen = 12500 rows ───
    coll=1500  scales=[7.81e-01, 2.34e-01, 9.61e-01, 4.00e+00]
    → +4 scen  (total 28 = 14575 rows)

─── Round 6/7 │ 28 scen = 14575 rows ───
    coll=1500  scales=[7.23e-01, 2.33e-01, 8.67e-01, 3.63e+00]
    → +4 scen  (total 32 = 16675 rows)

─── Round 7/7 │ 32 scen = 16675 rows ───
    coll=1500  scales=[6.74e-01, 2.39e-01, 7.83e-01, 3.28e+00]

─── Final polish │ 300 ep ───
    ep  1160  data=-4.423e-01  pde=4.679e-01  λ=0.0020  val_mse=2.473e-03

[Done v3]  199.4s  32 scen  16675 rows  val_mse=2.3966e-03
  internal: 1.3874e-03  LHS: 2.0806e-01  (199s)

[pinn_seqrand]
  t_max override: ub[:,1] = 20.01  (was 1.00)
  Model: PINN  h=128  L=3  K=3  +PCA bottleneck k=8
[v3 trainer] PINN+committee+PDE  budget=30  n0=4  k=4  rounds=7  total_ep=1260  λ_max=0.002

─── Round 0/7 │ 4 scen = 2100 rows ───
    coll=1500  scales=[1.08e+00, 1.40e-01, 1.59e+00, 6.37e+00]
    → +4 scen  (total 8 = 4200 rows)

─── Round 1/7 │ 8 scen = 4200 rows ───
    coll=1500  scales=[1.01e+00, 1.54e-01, 1.44e+00, 5.77e+00]
    → +4 scen  (total 12 = 6300 rows)

─── Round 2/7 │ 12 scen = 6300 rows ───
    coll=1500  scales=[9.21e-01, 1.45e-01, 1.30e+00, 5.21e+00]
    → +4 scen  (total 16 = 8500 rows)

─── Round 3/7 │ 16 scen = 8500 rows ───
    coll=1500  scales=[8.45e-01, 1.36e-01, 1.17e+00, 4.71e+00]
    → +4 scen  (total 20 = 10600 rows)

─── Round 4/7 │ 20 scen = 10600 rows ───
    coll=1500  scales=[7.78e-01, 1.28e-01, 1.06e+00, 4.24e+00]
    → +4 scen  (total 24 = 12700 rows)

─── Round 5/7 │ 24 scen = 12700 rows ───
    coll=1500  scales=[7.12e-01, 1.21e-01, 9.53e-01, 3.83e+00]
    → +4 scen  (total 28 = 14775 rows)

─── Round 6/7 │ 28 scen = 14775 rows ───
    coll=1500  scales=[6.68e-01, 1.26e-01, 8.62e-01, 3.46e+00]
    → +4 scen  (total 32 = 16850 rows)

─── Round 7/7 │ 32 scen = 16850 rows ───
    coll=1500  scales=[6.24e-01, 1.27e-01, 7.79e-01, 3.13e+00]

─── Final polish │ 300 ep ───
    ep  1160  data=-4.108e-01  pde=5.657e-01  λ=0.0020  val_mse=6.377e-03

[Done v3]  200.7s  32 scen  16850 rows  val_mse=6.2610e-03
  internal: 3.2858e-03  LHS: 1.7522e-01  (201s)

[pinn_oneshot]
  t_max override: ub[:,1] = 20.01  (was 1.00)
  Model: PINN  h=128  L=3  K=3  +PCA bottleneck k=8
  internal: 5.1151e-03  LHS: 2.0521e-01  (239s)

[ann_al]
  t_max override: ub[:,1] = 20.01  (was 1.00)
  Model: ANN   h=128  L=3  +PCA bottleneck k=8
[v3 trainer] ANN  budget=30  n0=4  k=4  rounds=7  total_ep=1260  λ_max=0.0

─── Round 0/7 │ 4 scen = 2100 rows ───
    → +4 scen  (total 8 = 4350 rows)

─── Round 1/7 │ 8 scen = 4350 rows ───
    → +4 scen  (total 12 = 6500 rows)

─── Round 2/7 │ 12 scen = 6500 rows ───
    → +4 scen  (total 16 = 8700 rows)

─── Round 3/7 │ 16 scen = 8700 rows ───
    → +4 scen  (total 20 = 10875 rows)

─── Round 4/7 │ 20 scen = 10875 rows ───
    → +4 scen  (total 24 = 13150 rows)

─── Round 5/7 │ 24 scen = 13150 rows ───
    → +4 scen  (total 28 = 15200 rows)

─── Round 6/7 │ 28 scen = 15200 rows ───
    → +4 scen  (total 32 = 17250 rows)

─── Round 7/7 │ 32 scen = 17250 rows ───

─── Final polish │ 300 ep ───
    ep  1160  data=8.556e-04  pde=0.000e+00  λ=0.0000  val_mse=5.731e-04

[Done v3]  53.0s  32 scen  17250 rows  val_mse=5.7201e-04
  internal: 3.1817e-04  LHS: 1.2244e-01  (53s)

[ann_oneshot]
  t_max override: ub[:,1] = 20.01  (was 1.00)
  Model: ANN   h=128  L=3  +PCA bottleneck k=8
  internal: 1.9961e-03  LHS: 1.0903e-01  (63s)

======================================================================
BUDGET = 60 scenarios
======================================================================

── seed=42 ──

[pinn_al]
  t_max override: ub[:,1] = 20.01  (was 1.00)
  Model: PINN  h=192  L=4  K=3  +PCA bottleneck k=8
[v3 trainer] PINN+committee+PDE  budget=60  n0=4  k=4  rounds=14  total_ep=2100  λ_max=0.002

─── Round 0/14 │ 4 scen = 2100 rows ───
    coll=1500  scales=[1.61e+00, 1.71e+00, 6.78e-01, 3.84e-01]
    → +4 scen  (total 8 = 4350 rows)

─── Round 1/14 │ 8 scen = 4350 rows ───
    coll=1500  scales=[2.62e+00, 1.70e+00, 8.13e-01, 1.31e+00]
    → +4 scen  (total 12 = 6475 rows)

─── Round 2/14 │ 12 scen = 6475 rows ───
    coll=1500  scales=[2.41e+00, 1.67e+00, 7.35e-01, 1.19e+00]
    → +4 scen  (total 16 = 8625 rows)

─── Round 3/14 │ 16 scen = 8625 rows ───
    coll=1500  scales=[2.23e+00, 1.66e+00, 6.66e-01, 1.08e+00]
    → +4 scen  (total 20 = 10775 rows)

─── Round 4/14 │ 20 scen = 10775 rows ───
    coll=1500  scales=[2.15e+00, 1.88e+00, 6.03e-01, 9.87e-01]
    → +4 scen  (total 24 = 12825 rows)

─── Round 5/14 │ 24 scen = 12825 rows ───
    coll=1500  scales=[2.12e+00, 2.07e+00, 5.46e-01, 9.00e-01]
    → +4 scen  (total 28 = 15000 rows)

─── Round 6/14 │ 28 scen = 15000 rows ───
    coll=1500  scales=[1.95e+00, 1.94e+00, 4.94e-01, 8.15e-01]
    → +4 scen  (total 32 = 17175 rows)

─── Round 7/14 │ 32 scen = 17175 rows ───
    coll=1500  scales=[1.80e+00, 1.86e+00, 4.46e-01, 7.37e-01]
    → +4 scen  (total 36 = 19225 rows)

─── Round 8/14 │ 36 scen = 19225 rows ───
    coll=1500  scales=[2.04e+00, 2.68e+00, 4.09e-01, 7.34e-01]
    → +4 scen  (total 40 = 21325 rows)

─── Round 9/14 │ 40 scen = 21325 rows ───
    coll=1500  scales=[1.88e+00, 2.51e+00, 3.70e-01, 6.66e-01]
    → +4 scen  (total 44 = 23500 rows)

─── Round 10/14 │ 44 scen = 23500 rows ───
    coll=1500  scales=[1.73e+00, 2.33e+00, 3.34e-01, 6.03e-01]
    → +4 scen  (total 48 = 25600 rows)

─── Round 11/14 │ 48 scen = 25600 rows ───
    coll=1500  scales=[1.59e+00, 2.26e+00, 3.06e-01, 5.54e-01]
    → +4 scen  (total 52 = 27700 rows)

─── Round 12/14 │ 52 scen = 27700 rows ───
    coll=1500  scales=[1.46e+00, 2.13e+00, 2.77e-01, 5.03e-01]
    → +4 scen  (total 56 = 29800 rows)

─── Round 13/14 │ 56 scen = 29800 rows ───
    coll=1500  scales=[1.35e+00, 2.02e+00, 2.50e-01, 4.56e-01]
    → +4 scen  (total 60 = 31900 rows)

─── Round 14/14 │ 60 scen = 31900 rows ───
    coll=1500  scales=[1.25e+00, 1.89e+00, 2.26e-01, 4.13e-01]

─── Final polish │ 300 ep ───
    ep  2000  data=-4.822e-01  pde=8.574e-02  λ=0.0020  val_mse=3.130e-04

[Done v3]  1138.7s  60 scen  31900 rows  val_mse=3.1209e-04
  internal: 1.8476e-04  LHS: 5.8810e-02  (1139s)

[pinn_ic_coreset]
  t_max override: ub[:,1] = 20.01  (was 1.00)
  Model: PINN  h=192  L=4  K=3  +PCA bottleneck k=8
[v3 trainer] PINN+committee+PDE  budget=60  n0=4  k=4  rounds=14  total_ep=2100  λ_max=0.002

─── Round 0/14 │ 4 scen = 2100 rows ───
    coll=1500  scales=[1.61e+00, 1.71e+00, 6.78e-01, 3.84e-01]
    → +4 scen  (total 8 = 4225 rows)

─── Round 1/14 │ 8 scen = 4225 rows ───
    coll=1500  scales=[3.20e+00, 1.67e+00, 8.37e-01, 1.77e+00]
    → +4 scen  (total 12 = 6400 rows)

─── Round 2/14 │ 12 scen = 6400 rows ───
    coll=1500  scales=[3.01e+00, 1.77e+00, 7.57e-01, 1.60e+00]
    → +4 scen  (total 16 = 8425 rows)

─── Round 3/14 │ 16 scen = 8425 rows ───
    coll=1500  scales=[2.83e+00, 1.74e+00, 6.87e-01, 1.46e+00]
    → +4 scen  (total 20 = 10450 rows)

─── Round 4/14 │ 20 scen = 10450 rows ───
    coll=1500  scales=[2.72e+00, 2.11e+00, 6.24e-01, 1.35e+00]
    → +4 scen  (total 24 = 12500 rows)

─── Round 5/14 │ 24 scen = 12500 rows ───
    coll=1500  scales=[2.55e+00, 2.14e+00, 5.64e-01, 1.22e+00]
    → +4 scen  (total 28 = 14575 rows)

─── Round 6/14 │ 28 scen = 14575 rows ───
    coll=1500  scales=[2.38e+00, 2.15e+00, 5.12e-01, 1.11e+00]
    → +4 scen  (total 32 = 16675 rows)

─── Round 7/14 │ 32 scen = 16675 rows ───
    coll=1500  scales=[2.20e+00, 2.02e+00, 4.63e-01, 1.00e+00]
    → +4 scen  (total 36 = 18750 rows)

─── Round 8/14 │ 36 scen = 18750 rows ───
    coll=1500  scales=[2.02e+00, 1.91e+00, 4.18e-01, 9.07e-01]
    → +4 scen  (total 40 = 20800 rows)

─── Round 9/14 │ 40 scen = 20800 rows ───
    coll=1500  scales=[1.87e+00, 1.86e+00, 3.78e-01, 8.22e-01]
    → +4 scen  (total 44 = 22900 rows)

─── Round 10/14 │ 44 scen = 22900 rows ───
    coll=1500  scales=[1.77e+00, 1.87e+00, 3.43e-01, 7.54e-01]
    → +4 scen  (total 48 = 25000 rows)

─── Round 11/14 │ 48 scen = 25000 rows ───
    coll=1500  scales=[1.65e+00, 1.81e+00, 3.10e-01, 6.83e-01]
    → +4 scen  (total 52 = 27100 rows)

─── Round 12/14 │ 52 scen = 27100 rows ───
    coll=1500  scales=[1.51e+00, 1.70e+00, 2.81e-01, 6.19e-01]
    → +4 scen  (total 56 = 29200 rows)

─── Round 13/14 │ 56 scen = 29200 rows ───
    coll=1500  scales=[1.40e+00, 1.63e+00, 2.54e-01, 5.61e-01]
    → +4 scen  (total 60 = 31400 rows)

─── Round 14/14 │ 60 scen = 31400 rows ───
    coll=1500  scales=[1.30e+00, 1.55e+00, 2.30e-01, 5.08e-01]

─── Final polish │ 300 ep ───
    ep  2000  data=-4.825e-01  pde=8.803e-02  λ=0.0020  val_mse=3.514e-04

[Done v3]  1107.4s  60 scen  31400 rows  val_mse=3.4870e-04
  internal: 2.1123e-04  LHS: 7.3606e-02  (1108s)

[pinn_seqrand]
  t_max override: ub[:,1] = 20.01  (was 1.00)
  Model: PINN  h=192  L=4  K=3  +PCA bottleneck k=8
[v3 trainer] PINN+committee+PDE  budget=60  n0=4  k=4  rounds=14  total_ep=2100  λ_max=0.002

─── Round 0/14 │ 4 scen = 2100 rows ───
    coll=1500  scales=[1.61e+00, 1.71e+00, 6.78e-01, 3.84e-01]
    → +4 scen  (total 8 = 4300 rows)

─── Round 1/14 │ 8 scen = 4300 rows ───
    coll=1500  scales=[1.47e+00, 1.57e+00, 6.17e-01, 4.01e-01]
    → +4 scen  (total 12 = 6575 rows)

─── Round 2/14 │ 12 scen = 6575 rows ───
    coll=1500  scales=[1.41e+00, 1.60e+00, 5.64e-01, 4.25e-01]
    → +4 scen  (total 16 = 8850 rows)

─── Round 3/14 │ 16 scen = 8850 rows ───
    coll=1500  scales=[1.29e+00, 1.51e+00, 5.11e-01, 4.42e-01]
    → +4 scen  (total 20 = 10950 rows)

─── Round 4/14 │ 20 scen = 10950 rows ───
    coll=1500  scales=[1.20e+00, 1.45e+00, 4.65e-01, 4.05e-01]
    → +4 scen  (total 24 = 13050 rows)

─── Round 5/14 │ 24 scen = 13050 rows ───
    coll=1500  scales=[1.11e+00, 1.69e+00, 4.24e-01, 3.80e-01]
    → +4 scen  (total 28 = 15250 rows)

─── Round 6/14 │ 28 scen = 15250 rows ───
    coll=1500  scales=[1.04e+00, 1.70e+00, 3.85e-01, 3.54e-01]
    → +4 scen  (total 32 = 17350 rows)

─── Round 7/14 │ 32 scen = 17350 rows ───
    coll=1500  scales=[9.60e-01, 1.62e+00, 3.51e-01, 3.22e-01]
    → +4 scen  (total 36 = 19550 rows)

─── Round 8/14 │ 36 scen = 19550 rows ───
    coll=1500  scales=[8.80e-01, 1.56e+00, 3.19e-01, 2.97e-01]
    → +4 scen  (total 40 = 21750 rows)

─── Round 9/14 │ 40 scen = 21750 rows ───
    coll=1500  scales=[8.48e-01, 1.64e+00, 2.92e-01, 2.77e-01]
    → +4 scen  (total 44 = 24050 rows)

─── Round 10/14 │ 44 scen = 24050 rows ───
    coll=1500  scales=[7.94e-01, 1.66e+00, 2.66e-01, 2.54e-01]
    → +4 scen  (total 48 = 26225 rows)

─── Round 11/14 │ 48 scen = 26225 rows ───
    coll=1500  scales=[7.34e-01, 1.54e+00, 2.41e-01, 2.31e-01]
    → +4 scen  (total 52 = 28300 rows)

─── Round 12/14 │ 52 scen = 28300 rows ───
    coll=1500  scales=[6.79e-01, 1.46e+00, 2.20e-01, 2.12e-01]
    → +4 scen  (total 56 = 30400 rows)

─── Round 13/14 │ 56 scen = 30400 rows ───
    coll=1500  scales=[6.39e-01, 1.43e+00, 2.00e-01, 1.93e-01]
    → +4 scen  (total 60 = 32575 rows)

─── Round 14/14 │ 60 scen = 32575 rows ───
    coll=1500  scales=[5.90e-01, 1.33e+00, 1.82e-01, 1.75e-01]

─── Final polish │ 300 ep ───
    ep  2000  data=-4.818e-01  pde=7.843e-02  λ=0.0020  val_mse=6.847e-04

[Done v3]  1135.2s  60 scen  32575 rows  val_mse=6.8004e-04
  internal: 4.3241e-04  LHS: 2.5718e-01  (1135s)

[pinn_oneshot]
  t_max override: ub[:,1] = 20.01  (was 1.00)
  Model: PINN  h=192  L=4  K=3  +PCA bottleneck k=8
  internal: 5.5250e-04  LHS: 3.2957e-01  (1560s)

[ann_al]
  t_max override: ub[:,1] = 20.01  (was 1.00)
  Model: ANN   h=192  L=4  +PCA bottleneck k=8
[v3 trainer] ANN  budget=60  n0=4  k=4  rounds=14  total_ep=2100  λ_max=0.0

─── Round 0/14 │ 4 scen = 2100 rows ───
    → +4 scen  (total 8 = 4350 rows)

─── Round 1/14 │ 8 scen = 4350 rows ───
    → +4 scen  (total 12 = 6600 rows)

─── Round 2/14 │ 12 scen = 6600 rows ───
    → +4 scen  (total 16 = 8775 rows)

─── Round 3/14 │ 16 scen = 8775 rows ───
    → +4 scen  (total 20 = 10975 rows)

─── Round 4/14 │ 20 scen = 10975 rows ───
    → +4 scen  (total 24 = 13125 rows)

─── Round 5/14 │ 24 scen = 13125 rows ───
    → +4 scen  (total 28 = 15200 rows)

─── Round 6/14 │ 28 scen = 15200 rows ───
    → +4 scen  (total 32 = 17275 rows)

─── Round 7/14 │ 32 scen = 17275 rows ───
    → +4 scen  (total 36 = 19475 rows)

─── Round 8/14 │ 36 scen = 19475 rows ───
    → +4 scen  (total 40 = 21550 rows)

─── Round 9/14 │ 40 scen = 21550 rows ───
    → +4 scen  (total 44 = 23625 rows)

─── Round 10/14 │ 44 scen = 23625 rows ───
    → +4 scen  (total 48 = 25725 rows)

─── Round 11/14 │ 48 scen = 25725 rows ───
    → +4 scen  (total 52 = 27825 rows)

─── Round 12/14 │ 52 scen = 27825 rows ───
    → +4 scen  (total 56 = 29975 rows)

─── Round 13/14 │ 56 scen = 29975 rows ───
    → +4 scen  (total 60 = 32075 rows)

─── Round 14/14 │ 60 scen = 32075 rows ───

─── Final polish │ 300 ep ───
    ep  2000  data=3.376e-04  pde=0.000e+00  λ=0.0000  val_mse=2.782e-04

[Done v3]  336.6s  60 scen  32075 rows  val_mse=2.7811e-04
  internal: 1.4954e-04  LHS: 1.4630e-01  (337s)

[ann_oneshot]
  t_max override: ub[:,1] = 20.01  (was 1.00)
  Model: ANN   h=192  L=4  +PCA bottleneck k=8
  internal: 2.9871e-04  LHS: 3.4228e-01  (503s)

── seed=123 ──

[pinn_al]
  t_max override: ub[:,1] = 20.01  (was 1.00)
  Model: PINN  h=192  L=4  K=3  +PCA bottleneck k=8
[v3 trainer] PINN+committee+PDE  budget=60  n0=4  k=4  rounds=14  total_ep=2100  λ_max=0.002

─── Round 0/14 │ 4 scen = 2300 rows ───
    coll=1500  scales=[2.11e+01, 2.54e-01, 9.51e+01, 5.08e+02]
    → +4 scen  (total 8 = 4550 rows)

─── Round 1/14 │ 8 scen = 4550 rows ───
    coll=1500  scales=[2.50e+01, 3.25e-01, 8.59e+01, 4.62e+02]
    → +4 scen  (total 12 = 6675 rows)

─── Round 2/14 │ 12 scen = 6675 rows ───
    coll=1500  scales=[2.26e+01, 3.13e-01, 7.74e+01, 4.16e+02]
    → +4 scen  (total 16 = 8750 rows)

─── Round 3/14 │ 16 scen = 8750 rows ───
    coll=1500  scales=[2.04e+01, 3.51e-01, 6.96e+01, 3.75e+02]
    → +4 scen  (total 20 = 10825 rows)

─── Round 4/14 │ 20 scen = 10825 rows ───
    coll=1500  scales=[1.84e+01, 3.42e-01, 6.27e+01, 3.38e+02]
    → +4 scen  (total 24 = 12850 rows)

─── Round 5/14 │ 24 scen = 12850 rows ───
    coll=1500  scales=[1.67e+01, 3.84e-01, 5.64e+01, 3.04e+02]
    → +4 scen  (total 28 = 14925 rows)

─── Round 6/14 │ 28 scen = 14925 rows ───
    coll=1500  scales=[1.51e+01, 3.94e-01, 5.08e+01, 2.74e+02]
    → +4 scen  (total 32 = 17125 rows)

─── Round 7/14 │ 32 scen = 17125 rows ───
    coll=1500  scales=[1.38e+01, 4.42e-01, 4.57e+01, 2.46e+02]
    → +4 scen  (total 36 = 19300 rows)

─── Round 8/14 │ 36 scen = 19300 rows ───
    coll=1500  scales=[1.26e+01, 4.73e-01, 4.12e+01, 2.22e+02]
    → +4 scen  (total 40 = 21500 rows)

─── Round 9/14 │ 40 scen = 21500 rows ───
    coll=1500  scales=[1.15e+01, 4.45e-01, 3.70e+01, 2.00e+02]
    → +4 scen  (total 44 = 23550 rows)

─── Round 10/14 │ 44 scen = 23550 rows ───
    coll=1500  scales=[1.05e+01, 4.53e-01, 3.33e+01, 1.80e+02]
    → +4 scen  (total 48 = 25650 rows)

─── Round 11/14 │ 48 scen = 25650 rows ───
    coll=1500  scales=[9.61e+00, 4.44e-01, 3.00e+01, 1.62e+02]
    → +4 scen  (total 52 = 27725 rows)

─── Round 12/14 │ 52 scen = 27725 rows ───
    coll=1500  scales=[8.75e+00, 4.31e-01, 2.70e+01, 1.45e+02]
    → +4 scen  (total 56 = 29825 rows)

─── Round 13/14 │ 56 scen = 29825 rows ───
    coll=1500  scales=[8.02e+00, 4.29e-01, 2.43e+01, 1.31e+02]
    → +4 scen  (total 60 = 32000 rows)

─── Round 14/14 │ 60 scen = 32000 rows ───
    coll=1500  scales=[7.31e+00, 4.09e-01, 2.19e+01, 1.18e+02]

─── Final polish │ 300 ep ───
    ep  2000  data=-4.772e-01  pde=1.101e-01  λ=0.0020  val_mse=1.249e-03

[Done v3]  1141.1s  60 scen  32000 rows  val_mse=1.2392e-03
  internal: 7.4990e-04  LHS: 2.8022e-01  (1141s)

[pinn_ic_coreset]
  t_max override: ub[:,1] = 20.01  (was 1.00)
  Model: PINN  h=192  L=4  K=3  +PCA bottleneck k=8
[v3 trainer] PINN+committee+PDE  budget=60  n0=4  k=4  rounds=14  total_ep=2100  λ_max=0.002

─── Round 0/14 │ 4 scen = 2300 rows ───
    coll=1500  scales=[2.11e+01, 2.54e-01, 9.51e+01, 5.08e+02]
    → +4 scen  (total 8 = 4425 rows)

─── Round 1/14 │ 8 scen = 4425 rows ───
    coll=1500  scales=[2.56e+01, 3.20e-01, 8.60e+01, 4.63e+02]
    → +4 scen  (total 12 = 6600 rows)

─── Round 2/14 │ 12 scen = 6600 rows ───
    coll=1500  scales=[2.32e+01, 5.99e-01, 7.74e+01, 4.17e+02]
    → +4 scen  (total 16 = 8625 rows)

─── Round 3/14 │ 16 scen = 8625 rows ───
    coll=1500  scales=[2.10e+01, 6.14e-01, 6.97e+01, 3.75e+02]
    → +4 scen  (total 20 = 10650 rows)

─── Round 4/14 │ 20 scen = 10650 rows ───
    coll=1500  scales=[1.90e+01, 6.50e-01, 6.28e+01, 3.38e+02]
    → +4 scen  (total 24 = 12700 rows)

─── Round 5/14 │ 24 scen = 12700 rows ───
    coll=1500  scales=[1.72e+01, 7.34e-01, 5.65e+01, 3.04e+02]
    → +4 scen  (total 28 = 14775 rows)

─── Round 6/14 │ 28 scen = 14775 rows ───
    coll=1500  scales=[1.57e+01, 7.63e-01, 5.09e+01, 2.74e+02]
    → +4 scen  (total 32 = 16875 rows)

─── Round 7/14 │ 32 scen = 16875 rows ───
    coll=1500  scales=[1.46e+01, 1.08e+00, 4.58e+01, 2.46e+02]
    → +4 scen  (total 36 = 18950 rows)

─── Round 8/14 │ 36 scen = 18950 rows ───
    coll=1500  scales=[1.33e+01, 1.02e+00, 4.12e+01, 2.22e+02]
    → +4 scen  (total 40 = 21000 rows)

─── Round 9/14 │ 40 scen = 21000 rows ───
    coll=1500  scales=[1.21e+01, 9.57e-01, 3.71e+01, 2.00e+02]
    → +4 scen  (total 44 = 23100 rows)

─── Round 10/14 │ 44 scen = 23100 rows ───
    coll=1500  scales=[1.10e+01, 9.05e-01, 3.34e+01, 1.80e+02]
    → +4 scen  (total 48 = 25200 rows)

─── Round 11/14 │ 48 scen = 25200 rows ───
    coll=1500  scales=[1.00e+01, 9.16e-01, 3.00e+01, 1.62e+02]
    → +4 scen  (total 52 = 27300 rows)

─── Round 12/14 │ 52 scen = 27300 rows ───
    coll=1500  scales=[9.12e+00, 8.87e-01, 2.70e+01, 1.46e+02]
    → +4 scen  (total 56 = 29500 rows)

─── Round 13/14 │ 56 scen = 29500 rows ───
    coll=1500  scales=[8.28e+00, 8.36e-01, 2.43e+01, 1.31e+02]
    → +4 scen  (total 60 = 31600 rows)

─── Round 14/14 │ 60 scen = 31600 rows ───
    coll=1500  scales=[7.52e+00, 7.94e-01, 2.19e+01, 1.18e+02]

─── Final polish │ 300 ep ───
    ep  2000  data=-4.803e-01  pde=8.106e-02  λ=0.0020  val_mse=6.501e-04

[Done v3]  1115.4s  60 scen  31600 rows  val_mse=6.4667e-04
  internal: 3.1365e-04  LHS: 3.2954e-01  (1116s)

[pinn_seqrand]
  t_max override: ub[:,1] = 20.01  (was 1.00)
  Model: PINN  h=192  L=4  K=3  +PCA bottleneck k=8
[v3 trainer] PINN+committee+PDE  budget=60  n0=4  k=4  rounds=14  total_ep=2100  λ_max=0.002

─── Round 0/14 │ 4 scen = 2300 rows ───
    coll=1500  scales=[2.11e+01, 2.54e-01, 9.51e+01, 5.08e+02]
    → +4 scen  (total 8 = 4500 rows)

─── Round 1/14 │ 8 scen = 4500 rows ───
    coll=1500  scales=[1.90e+01, 2.47e-01, 8.56e+01, 4.58e+02]
    → +4 scen  (total 12 = 6700 rows)

─── Round 2/14 │ 12 scen = 6700 rows ───
    coll=1500  scales=[1.71e+01, 2.37e-01, 7.71e+01, 4.13e+02]
    → +4 scen  (total 16 = 8900 rows)

─── Round 3/14 │ 16 scen = 8900 rows ───
    coll=1500  scales=[1.54e+01, 2.22e-01, 6.94e+01, 3.72e+02]
    → +4 scen  (total 20 = 11100 rows)

─── Round 4/14 │ 20 scen = 11100 rows ───
    coll=1500  scales=[1.52e+01, 2.69e-01, 6.31e+01, 3.69e+02]
    → +4 scen  (total 24 = 13200 rows)

─── Round 5/14 │ 24 scen = 13200 rows ───
    coll=1500  scales=[1.37e+01, 2.56e-01, 5.68e+01, 3.32e+02]
    → +4 scen  (total 28 = 15300 rows)

─── Round 6/14 │ 28 scen = 15300 rows ───
    coll=1500  scales=[1.24e+01, 2.58e-01, 5.11e+01, 2.99e+02]
    → +4 scen  (total 32 = 17400 rows)

─── Round 7/14 │ 32 scen = 17400 rows ───
    coll=1500  scales=[1.13e+01, 2.77e-01, 4.60e+01, 2.69e+02]
    → +4 scen  (total 36 = 19500 rows)

─── Round 8/14 │ 36 scen = 19500 rows ───
    coll=1500  scales=[1.04e+01, 2.73e-01, 4.15e+01, 2.42e+02]
    → +4 scen  (total 40 = 21800 rows)

─── Round 9/14 │ 40 scen = 21800 rows ───
    coll=1500  scales=[9.53e+00, 2.64e-01, 3.73e+01, 2.18e+02]
    → +4 scen  (total 44 = 23900 rows)

─── Round 10/14 │ 44 scen = 23900 rows ───
    coll=1500  scales=[8.76e+00, 2.80e-01, 3.36e+01, 1.96e+02]
    → +4 scen  (total 48 = 26000 rows)

─── Round 11/14 │ 48 scen = 26000 rows ───
    coll=1500  scales=[8.04e+00, 2.88e-01, 3.03e+01, 1.77e+02]
    → +4 scen  (total 52 = 28100 rows)

─── Round 12/14 │ 52 scen = 28100 rows ───
    coll=1500  scales=[7.38e+00, 2.85e-01, 2.73e+01, 1.59e+02]
    → +4 scen  (total 56 = 30200 rows)

─── Round 13/14 │ 56 scen = 30200 rows ───
    coll=1500  scales=[6.77e+00, 2.76e-01, 2.46e+01, 1.43e+02]
    → +4 scen  (total 60 = 32275 rows)

─── Round 14/14 │ 60 scen = 32275 rows ───
    coll=1500  scales=[6.21e+00, 2.73e-01, 2.21e+01, 1.29e+02]

─── Final polish │ 300 ep ───
    ep  2000  data=-4.782e-01  pde=1.140e-01  λ=0.0020  val_mse=2.983e-03

[Done v3]  1134.6s  60 scen  32275 rows  val_mse=2.9668e-03
  internal: 1.3838e-03  LHS: 6.0525e-02  (1135s)

[pinn_oneshot]
  t_max override: ub[:,1] = 20.01  (was 1.00)
  Model: PINN  h=192  L=4  K=3  +PCA bottleneck k=8
  internal: 2.1096e-03  LHS: 1.4792e-01  (1589s)

[ann_al]
  t_max override: ub[:,1] = 20.01  (was 1.00)
  Model: ANN   h=192  L=4  +PCA bottleneck k=8
[v3 trainer] ANN  budget=60  n0=4  k=4  rounds=14  total_ep=2100  λ_max=0.0

─── Round 0/14 │ 4 scen = 2300 rows ───
    → +4 scen  (total 8 = 4550 rows)

─── Round 1/14 │ 8 scen = 4550 rows ───
    → +4 scen  (total 12 = 6600 rows)

─── Round 2/14 │ 12 scen = 6600 rows ───
    → +4 scen  (total 16 = 8800 rows)

─── Round 3/14 │ 16 scen = 8800 rows ───
    → +4 scen  (total 20 = 10825 rows)

─── Round 4/14 │ 20 scen = 10825 rows ───
    → +4 scen  (total 24 = 13000 rows)

─── Round 5/14 │ 24 scen = 13000 rows ───
    → +4 scen  (total 28 = 15075 rows)

─── Round 6/14 │ 28 scen = 15075 rows ───
    → +4 scen  (total 32 = 17275 rows)

─── Round 7/14 │ 32 scen = 17275 rows ───
    → +4 scen  (total 36 = 19325 rows)

─── Round 8/14 │ 36 scen = 19325 rows ───
    → +4 scen  (total 40 = 21425 rows)

─── Round 9/14 │ 40 scen = 21425 rows ───
    → +4 scen  (total 44 = 23600 rows)

─── Round 10/14 │ 44 scen = 23600 rows ───
    → +4 scen  (total 48 = 25700 rows)

─── Round 11/14 │ 48 scen = 25700 rows ───
    → +4 scen  (total 52 = 27750 rows)

─── Round 12/14 │ 52 scen = 27750 rows ───
    → +4 scen  (total 56 = 29925 rows)

─── Round 13/14 │ 56 scen = 29925 rows ───
    → +4 scen  (total 60 = 32025 rows)

─── Round 14/14 │ 60 scen = 32025 rows ───

─── Final polish │ 300 ep ───
    ep  2000  data=4.202e-04  pde=0.000e+00  λ=0.0000  val_mse=3.420e-04

[Done v3]  335.7s  60 scen  32025 rows  val_mse=3.4194e-04
  internal: 1.9147e-04  LHS: 1.6884e-01  (336s)

[ann_oneshot]
  t_max override: ub[:,1] = 20.01  (was 1.00)
  Model: ANN   h=192  L=4  +PCA bottleneck k=8
  internal: 4.3530e-04  LHS: 1.0100e-01  (516s)

── seed=456 ──

[pinn_al]
  t_max override: ub[:,1] = 20.01  (was 1.00)
  Model: PINN  h=192  L=4  K=3  +PCA bottleneck k=8
[v3 trainer] PINN+committee+PDE  budget=60  n0=4  k=4  rounds=14  total_ep=2100  λ_max=0.002

─── Round 0/14 │ 4 scen = 2200 rows ───
    coll=1500  scales=[7.18e-01, 3.45e-01, 4.07e-01, 3.03e+00]
    → +4 scen  (total 8 = 4450 rows)

─── Round 1/14 │ 8 scen = 4450 rows ───
    coll=1500  scales=[7.40e-01, 4.20e-01, 3.76e-01, 2.82e+00]
    → +4 scen  (total 12 = 6600 rows)

─── Round 2/14 │ 12 scen = 6600 rows ───
    coll=1500  scales=[6.91e-01, 4.15e-01, 3.40e-01, 2.55e+00]
    → +4 scen  (total 16 = 8725 rows)

─── Round 3/14 │ 16 scen = 8725 rows ───
    coll=1500  scales=[6.48e-01, 4.68e-01, 3.09e-01, 2.33e+00]
    → +4 scen  (total 20 = 10800 rows)

─── Round 4/14 │ 20 scen = 10800 rows ───
    coll=1500  scales=[6.14e-01, 4.90e-01, 2.82e-01, 2.13e+00]
    → +4 scen  (total 24 = 12850 rows)

─── Round 5/14 │ 24 scen = 12850 rows ───
    coll=1500  scales=[5.76e-01, 4.91e-01, 2.57e-01, 1.93e+00]
    → +4 scen  (total 28 = 15125 rows)

─── Round 6/14 │ 28 scen = 15125 rows ───
    coll=1500  scales=[5.33e-01, 4.71e-01, 2.34e-01, 1.75e+00]
    → +4 scen  (total 32 = 17175 rows)

─── Round 7/14 │ 32 scen = 17175 rows ───
    coll=1500  scales=[4.98e-01, 4.79e-01, 2.13e-01, 1.59e+00]
    → +4 scen  (total 36 = 19275 rows)

─── Round 8/14 │ 36 scen = 19275 rows ───
    coll=1500  scales=[4.67e-01, 5.03e-01, 1.94e-01, 1.44e+00]
    → +4 scen  (total 40 = 21325 rows)

─── Round 9/14 │ 40 scen = 21325 rows ───
    coll=1500  scales=[4.38e-01, 4.84e-01, 1.77e-01, 1.31e+00]
    → +4 scen  (total 44 = 23500 rows)

─── Round 10/14 │ 44 scen = 23500 rows ───
    coll=1500  scales=[4.17e-01, 5.26e-01, 1.62e-01, 1.19e+00]
    → +4 scen  (total 48 = 25600 rows)

─── Round 11/14 │ 48 scen = 25600 rows ───
    coll=1500  scales=[3.91e-01, 5.16e-01, 1.49e-01, 1.08e+00]
    → +4 scen  (total 52 = 27700 rows)

─── Round 12/14 │ 52 scen = 27700 rows ───
    coll=1500  scales=[3.66e-01, 5.12e-01, 1.36e-01, 9.83e-01]
    → +4 scen  (total 56 = 29800 rows)

─── Round 13/14 │ 56 scen = 29800 rows ───
    coll=1500  scales=[3.43e-01, 4.93e-01, 1.24e-01, 8.93e-01]
    → +4 scen  (total 60 = 31900 rows)

─── Round 14/14 │ 60 scen = 31900 rows ───
    coll=1500  scales=[3.20e-01, 4.82e-01, 1.14e-01, 8.13e-01]

─── Final polish │ 300 ep ───
    ep  2000  data=-4.782e-01  pde=1.690e-01  λ=0.0020  val_mse=1.651e-03

[Done v3]  1139.9s  60 scen  31900 rows  val_mse=1.6245e-03
  internal: 1.1539e-03  LHS: 7.5228e-01  (1140s)

[pinn_ic_coreset]
  t_max override: ub[:,1] = 20.01  (was 1.00)
  Model: PINN  h=192  L=4  K=3  +PCA bottleneck k=8
[v3 trainer] PINN+committee+PDE  budget=60  n0=4  k=4  rounds=14  total_ep=2100  λ_max=0.002

─── Round 0/14 │ 4 scen = 2200 rows ───
    coll=1500  scales=[7.18e-01, 3.45e-01, 4.07e-01, 3.03e+00]
    → +4 scen  (total 8 = 4325 rows)

─── Round 1/14 │ 8 scen = 4325 rows ───
    coll=1500  scales=[7.38e-01, 4.25e-01, 3.76e-01, 2.82e+00]
    → +4 scen  (total 12 = 6500 rows)

─── Round 2/14 │ 12 scen = 6500 rows ───
    coll=1500  scales=[6.95e-01, 4.30e-01, 3.43e-01, 2.56e+00]
    → +4 scen  (total 16 = 8525 rows)

─── Round 3/14 │ 16 scen = 8525 rows ───
    coll=1500  scales=[6.47e-01, 4.40e-01, 3.12e-01, 2.33e+00]
    → +4 scen  (total 20 = 10525 rows)

─── Round 4/14 │ 20 scen = 10525 rows ───
    coll=1500  scales=[5.99e-01, 4.26e-01, 2.83e-01, 2.12e+00]
    → +4 scen  (total 24 = 12600 rows)

─── Round 5/14 │ 24 scen = 12600 rows ───
    coll=1500  scales=[5.66e-01, 4.30e-01, 2.58e-01, 1.93e+00]
    → +4 scen  (total 28 = 14675 rows)

─── Round 6/14 │ 28 scen = 14675 rows ───
    coll=1500  scales=[5.24e-01, 4.31e-01, 2.36e-01, 1.76e+00]
    → +4 scen  (total 32 = 16775 rows)

─── Round 7/14 │ 32 scen = 16775 rows ───
    coll=1500  scales=[4.89e-01, 4.20e-01, 2.15e-01, 1.60e+00]
    → +4 scen  (total 36 = 18850 rows)

─── Round 8/14 │ 36 scen = 18850 rows ───
    coll=1500  scales=[4.68e-01, 5.01e-01, 1.98e-01, 1.46e+00]
    → +4 scen  (total 40 = 21000 rows)

─── Round 9/14 │ 40 scen = 21000 rows ───
    coll=1500  scales=[4.37e-01, 5.00e-01, 1.83e-01, 1.33e+00]
    → +4 scen  (total 44 = 23100 rows)

─── Round 10/14 │ 44 scen = 23100 rows ───
    coll=1500  scales=[4.09e-01, 4.94e-01, 1.68e-01, 1.21e+00]
    → +4 scen  (total 48 = 25200 rows)

─── Round 11/14 │ 48 scen = 25200 rows ───
    coll=1500  scales=[3.83e-01, 4.97e-01, 1.53e-01, 1.10e+00]
    → +4 scen  (total 52 = 27400 rows)

─── Round 12/14 │ 52 scen = 27400 rows ───
    coll=1500  scales=[3.57e-01, 4.71e-01, 1.40e-01, 9.95e-01]
    → +4 scen  (total 56 = 29500 rows)

─── Round 13/14 │ 56 scen = 29500 rows ───
    coll=1500  scales=[3.31e-01, 4.42e-01, 1.28e-01, 9.02e-01]
    → +4 scen  (total 60 = 31600 rows)

─── Round 14/14 │ 60 scen = 31600 rows ───
    coll=1500  scales=[3.10e-01, 4.36e-01, 1.17e-01, 8.18e-01]

─── Final polish │ 300 ep ───
    ep  2000  data=-4.788e-01  pde=2.070e-01  λ=0.0020  val_mse=1.438e-03

[Done v3]  1113.4s  60 scen  31600 rows  val_mse=1.4171e-03
  internal: 9.6830e-04  LHS: 7.2868e-01  (1114s)

[pinn_seqrand]
  t_max override: ub[:,1] = 20.01  (was 1.00)
  Model: PINN  h=192  L=4  K=3  +PCA bottleneck k=8
[v3 trainer] PINN+committee+PDE  budget=60  n0=4  k=4  rounds=14  total_ep=2100  λ_max=0.002

─── Round 0/14 │ 4 scen = 2200 rows ───
    coll=1500  scales=[7.18e-01, 3.45e-01, 4.07e-01, 3.03e+00]
    → +4 scen  (total 8 = 4500 rows)

─── Round 1/14 │ 8 scen = 4500 rows ───
    coll=1500  scales=[7.38e-01, 4.44e-01, 3.75e-01, 2.82e+00]
    → +4 scen  (total 12 = 6575 rows)

─── Round 2/14 │ 12 scen = 6575 rows ───
    coll=1500  scales=[6.80e-01, 4.14e-01, 3.40e-01, 2.55e+00]
    → +4 scen  (total 16 = 8675 rows)

─── Round 3/14 │ 16 scen = 8675 rows ───
    coll=1500  scales=[6.33e-01, 3.97e-01, 3.29e-01, 2.41e+00]
    → +4 scen  (total 20 = 10975 rows)

─── Round 4/14 │ 20 scen = 10975 rows ───
    coll=1500  scales=[5.86e-01, 3.69e-01, 2.98e-01, 2.18e+00]
    → +4 scen  (total 24 = 13075 rows)

─── Round 5/14 │ 24 scen = 13075 rows ───
    coll=1500  scales=[5.39e-01, 3.40e-01, 2.70e-01, 1.97e+00]
    → +4 scen  (total 28 = 15175 rows)

─── Round 6/14 │ 28 scen = 15175 rows ───
    coll=1500  scales=[1.32e+00, 3.79e-01, 1.33e+00, 4.31e+00]
    → +4 scen  (total 32 = 17375 rows)

─── Round 7/14 │ 32 scen = 17375 rows ───
    coll=1500  scales=[1.20e+00, 3.94e-01, 1.20e+00, 3.93e+00]
    → +4 scen  (total 36 = 19575 rows)

─── Round 8/14 │ 36 scen = 19575 rows ───
    coll=1500  scales=[1.10e+00, 3.91e-01, 1.08e+00, 3.56e+00]
    → +4 scen  (total 40 = 21675 rows)

─── Round 9/14 │ 40 scen = 21675 rows ───
    coll=1500  scales=[1.01e+00, 3.81e-01, 9.80e-01, 3.23e+00]
    → +4 scen  (total 44 = 23875 rows)

─── Round 10/14 │ 44 scen = 23875 rows ───
    coll=1500  scales=[9.40e-01, 4.56e-01, 8.86e-01, 2.92e+00]
    → +4 scen  (total 48 = 25950 rows)

─── Round 11/14 │ 48 scen = 25950 rows ───
    coll=1500  scales=[8.63e-01, 4.51e-01, 8.01e-01, 2.65e+00]
    → +4 scen  (total 52 = 28050 rows)

─── Round 12/14 │ 52 scen = 28050 rows ───
    coll=1500  scales=[7.91e-01, 4.30e-01, 7.25e-01, 2.40e+00]
    → +4 scen  (total 56 = 30250 rows)

─── Round 13/14 │ 56 scen = 30250 rows ───
    coll=1500  scales=[7.26e-01, 4.23e-01, 6.56e-01, 2.17e+00]
    → +4 scen  (total 60 = 32425 rows)

─── Round 14/14 │ 60 scen = 32425 rows ───
    coll=1500  scales=[6.69e-01, 4.08e-01, 5.94e-01, 1.97e+00]

─── Final polish │ 300 ep ───
    ep  2000  data=-4.746e-01  pde=1.926e-01  λ=0.0020  val_mse=3.414e-03

[Done v3]  1133.7s  60 scen  32425 rows  val_mse=3.3868e-03
  internal: 2.4786e-03  LHS: 4.8605e-01  (1134s)

[pinn_oneshot]
  t_max override: ub[:,1] = 20.01  (was 1.00)
  Model: PINN  h=192  L=4  K=3  +PCA bottleneck k=8
  internal: 1.7777e-03  LHS: 6.3365e-01  (1575s)

[ann_al]
  t_max override: ub[:,1] = 20.01  (was 1.00)
  Model: ANN   h=192  L=4  +PCA bottleneck k=8
[v3 trainer] ANN  budget=60  n0=4  k=4  rounds=14  total_ep=2100  λ_max=0.0

─── Round 0/14 │ 4 scen = 2200 rows ───
    → +4 scen  (total 8 = 4325 rows)

─── Round 1/14 │ 8 scen = 4325 rows ───
    → +4 scen  (total 12 = 6600 rows)

─── Round 2/14 │ 12 scen = 6600 rows ───
    → +4 scen  (total 16 = 8900 rows)

─── Round 3/14 │ 16 scen = 8900 rows ───
    → +4 scen  (total 20 = 10950 rows)

─── Round 4/14 │ 20 scen = 10950 rows ───
    → +4 scen  (total 24 = 13100 rows)

─── Round 5/14 │ 24 scen = 13100 rows ───
    → +4 scen  (total 28 = 15175 rows)

─── Round 6/14 │ 28 scen = 15175 rows ───
    → +4 scen  (total 32 = 17250 rows)

─── Round 7/14 │ 32 scen = 17250 rows ───
    → +4 scen  (total 36 = 19425 rows)

─── Round 8/14 │ 36 scen = 19425 rows ───
    → +4 scen  (total 40 = 21525 rows)

─── Round 9/14 │ 40 scen = 21525 rows ───
    → +4 scen  (total 44 = 23575 rows)

─── Round 10/14 │ 44 scen = 23575 rows ───
    → +4 scen  (total 48 = 25675 rows)

─── Round 11/14 │ 48 scen = 25675 rows ───
    → +4 scen  (total 52 = 27750 rows)

─── Round 12/14 │ 52 scen = 27750 rows ───
    → +4 scen  (total 56 = 29925 rows)

─── Round 13/14 │ 56 scen = 29925 rows ───
    → +4 scen  (total 60 = 32025 rows)

─── Round 14/14 │ 60 scen = 32025 rows ───

─── Final polish │ 300 ep ───
    ep  2000  data=3.647e-04  pde=0.000e+00  λ=0.0000  val_mse=2.681e-04

[Done v3]  337.4s  60 scen  32025 rows  val_mse=2.6804e-04
  internal: 1.6238e-04  LHS: 1.2123e-01  (337s)

[ann_oneshot]
  t_max override: ub[:,1] = 20.01  (was 1.00)
  Model: ANN   h=192  L=4  +PCA bottleneck k=8
  internal: 3.0087e-04  LHS: 1.7066e-01  (510s)

── seed=789 ──

[pinn_al]
  t_max override: ub[:,1] = 20.01  (was 1.00)
  Model: PINN  h=192  L=4  K=3  +PCA bottleneck k=8
[v3 trainer] PINN+committee+PDE  budget=60  n0=4  k=4  rounds=14  total_ep=2100  λ_max=0.002

─── Round 0/14 │ 4 scen = 2200 rows ───
    coll=1500  scales=[8.73e+01, 9.62e-01, 7.51e+01, 8.76e+01]
    → +4 scen  (total 8 = 4325 rows)

─── Round 1/14 │ 8 scen = 4325 rows ───
    coll=1500  scales=[7.87e+01, 1.17e+00, 7.03e+01, 1.85e+02]
    → +4 scen  (total 12 = 6475 rows)

─── Round 2/14 │ 12 scen = 6475 rows ───
    coll=1500  scales=[7.09e+01, 1.24e+00, 6.32e+01, 1.67e+02]
    → +4 scen  (total 16 = 8775 rows)

─── Round 3/14 │ 16 scen = 8775 rows ───
    coll=1500  scales=[6.39e+01, 1.19e+00, 5.69e+01, 1.50e+02]
    → +4 scen  (total 20 = 10800 rows)

─── Round 4/14 │ 20 scen = 10800 rows ───
    coll=1500  scales=[5.77e+01, 1.22e+00, 5.12e+01, 1.35e+02]
    → +4 scen  (total 24 = 12850 rows)

─── Round 5/14 │ 24 scen = 12850 rows ───
    coll=1500  scales=[5.21e+01, 1.15e+00, 4.61e+01, 1.21e+02]
    → +4 scen  (total 28 = 14900 rows)

─── Round 6/14 │ 28 scen = 14900 rows ───
    coll=1500  scales=[4.71e+01, 1.09e+00, 4.15e+01, 1.09e+02]
    → +4 scen  (total 32 = 17000 rows)

─── Round 7/14 │ 32 scen = 17000 rows ───
    coll=1500  scales=[4.26e+01, 1.04e+00, 3.74e+01, 9.84e+01]
    → +4 scen  (total 36 = 19300 rows)

─── Round 8/14 │ 36 scen = 19300 rows ───
    coll=1500  scales=[3.86e+01, 9.79e-01, 3.36e+01, 8.86e+01]
    → +4 scen  (total 40 = 21375 rows)

─── Round 9/14 │ 40 scen = 21375 rows ───
    coll=1500  scales=[3.49e+01, 1.03e+00, 3.03e+01, 7.98e+01]
    → +4 scen  (total 44 = 23475 rows)

─── Round 10/14 │ 44 scen = 23475 rows ───
    coll=1500  scales=[3.17e+01, 1.03e+00, 2.72e+01, 7.18e+01]
    → +4 scen  (total 48 = 25650 rows)

─── Round 11/14 │ 48 scen = 25650 rows ───
    coll=1500  scales=[2.87e+01, 1.03e+00, 2.45e+01, 6.46e+01]
    → +4 scen  (total 52 = 27725 rows)

─── Round 12/14 │ 52 scen = 27725 rows ───
    coll=1500  scales=[2.60e+01, 9.82e-01, 2.21e+01, 5.82e+01]
    → +4 scen  (total 56 = 29800 rows)

─── Round 13/14 │ 56 scen = 29800 rows ───
    coll=1500  scales=[2.36e+01, 9.50e-01, 1.99e+01, 5.24e+01]
    → +4 scen  (total 60 = 31900 rows)

─── Round 14/14 │ 60 scen = 31900 rows ───
    coll=1500  scales=[2.14e+01, 9.15e-01, 1.79e+01, 4.72e+01]

─── Final polish │ 300 ep ───
    ep  2000  data=-4.811e-01  pde=8.896e-02  λ=0.0020  val_mse=3.517e-04

[Done v3]  1140.0s  60 scen  31900 rows  val_mse=3.4901e-04
  internal: 1.7808e-04  LHS: 3.4459e-02  (1140s)

[pinn_ic_coreset]
  t_max override: ub[:,1] = 20.01  (was 1.00)
  Model: PINN  h=192  L=4  K=3  +PCA bottleneck k=8
[v3 trainer] PINN+committee+PDE  budget=60  n0=4  k=4  rounds=14  total_ep=2100  λ_max=0.002

─── Round 0/14 │ 4 scen = 2200 rows ───
    coll=1500  scales=[8.73e+01, 9.62e-01, 7.51e+01, 8.76e+01]
    → +4 scen  (total 8 = 4325 rows)

─── Round 1/14 │ 8 scen = 4325 rows ───
    coll=1500  scales=[7.87e+01, 1.18e+00, 7.03e+01, 1.85e+02]
    → +4 scen  (total 12 = 6500 rows)

─── Round 2/14 │ 12 scen = 6500 rows ───
    coll=1500  scales=[7.29e+01, 1.38e+00, 6.38e+01, 1.71e+02]
    → +4 scen  (total 16 = 8525 rows)

─── Round 3/14 │ 16 scen = 8525 rows ───
    coll=1500  scales=[6.58e+01, 1.33e+00, 5.74e+01, 1.54e+02]
    → +4 scen  (total 20 = 10550 rows)

─── Round 4/14 │ 20 scen = 10550 rows ───
    coll=1500  scales=[5.94e+01, 1.29e+00, 5.17e+01, 1.39e+02]
    → +4 scen  (total 24 = 12600 rows)

─── Round 5/14 │ 24 scen = 12600 rows ───
    coll=1500  scales=[5.38e+01, 1.22e+00, 4.65e+01, 1.25e+02]
    → +4 scen  (total 28 = 14675 rows)

─── Round 6/14 │ 28 scen = 14675 rows ───
    coll=1500  scales=[4.87e+01, 1.19e+00, 4.19e+01, 1.12e+02]
    → +4 scen  (total 32 = 16775 rows)

─── Round 7/14 │ 32 scen = 16775 rows ───
    coll=1500  scales=[4.40e+01, 1.12e+00, 3.77e+01, 1.01e+02]
    → +4 scen  (total 36 = 18950 rows)

─── Round 8/14 │ 36 scen = 18950 rows ───
    coll=1500  scales=[3.99e+01, 1.07e+00, 3.39e+01, 9.10e+01]
    → +4 scen  (total 40 = 21025 rows)

─── Round 9/14 │ 40 scen = 21025 rows ───
    coll=1500  scales=[3.62e+01, 1.04e+00, 3.05e+01, 8.19e+01]
    → +4 scen  (total 44 = 23100 rows)

─── Round 10/14 │ 44 scen = 23100 rows ───
    coll=1500  scales=[3.29e+01, 9.82e-01, 2.75e+01, 7.38e+01]
    → +4 scen  (total 48 = 25200 rows)

─── Round 11/14 │ 48 scen = 25200 rows ───
    coll=1500  scales=[2.98e+01, 9.86e-01, 2.47e+01, 6.64e+01]
    → +4 scen  (total 52 = 27300 rows)

─── Round 12/14 │ 52 scen = 27300 rows ───
    coll=1500  scales=[2.70e+01, 9.32e-01, 2.23e+01, 5.98e+01]
    → +4 scen  (total 56 = 29400 rows)

─── Round 13/14 │ 56 scen = 29400 rows ───
    coll=1500  scales=[2.45e+01, 9.04e-01, 2.00e+01, 5.38e+01]
    → +4 scen  (total 60 = 31500 rows)

─── Round 14/14 │ 60 scen = 31500 rows ───
    coll=1500  scales=[2.22e+01, 8.63e-01, 1.80e+01, 4.85e+01]

─── Final polish │ 300 ep ───
    ep  2000  data=-4.817e-01  pde=8.318e-02  λ=0.0020  val_mse=3.477e-04

[Done v3]  1112.0s  60 scen  31500 rows  val_mse=3.4511e-04
  internal: 1.6966e-04  LHS: 6.7794e-02  (1112s)

[pinn_seqrand]
  t_max override: ub[:,1] = 20.01  (was 1.00)
  Model: PINN  h=192  L=4  K=3  +PCA bottleneck k=8
[v3 trainer] PINN+committee+PDE  budget=60  n0=4  k=4  rounds=14  total_ep=2100  λ_max=0.002

─── Round 0/14 │ 4 scen = 2200 rows ───
    coll=1500  scales=[8.73e+01, 9.62e-01, 7.51e+01, 8.76e+01]
    → +4 scen  (total 8 = 4300 rows)

─── Round 1/14 │ 8 scen = 4300 rows ───
    coll=1500  scales=[7.86e+01, 9.43e-01, 7.03e+01, 1.85e+02]
    → +4 scen  (total 12 = 6400 rows)

─── Round 2/14 │ 12 scen = 6400 rows ───
    coll=1500  scales=[7.08e+01, 8.70e-01, 6.32e+01, 1.67e+02]
    → +4 scen  (total 16 = 8475 rows)

─── Round 3/14 │ 16 scen = 8475 rows ───
    coll=1500  scales=[6.39e+01, 9.65e-01, 5.69e+01, 1.50e+02]
    → +4 scen  (total 20 = 10625 rows)

─── Round 4/14 │ 20 scen = 10625 rows ───
    coll=1500  scales=[5.78e+01, 1.02e+00, 5.13e+01, 1.35e+02]
    → +4 scen  (total 24 = 12700 rows)

─── Round 5/14 │ 24 scen = 12700 rows ───
    coll=1500  scales=[5.25e+01, 9.99e-01, 4.61e+01, 1.22e+02]
    → +4 scen  (total 28 = 14900 rows)

─── Round 6/14 │ 28 scen = 14900 rows ───
    coll=1500  scales=[4.77e+01, 9.50e-01, 4.15e+01, 1.10e+02]
    → +4 scen  (total 32 = 17000 rows)

─── Round 7/14 │ 32 scen = 17000 rows ───
    coll=1500  scales=[4.32e+01, 9.42e-01, 3.74e+01, 9.89e+01]
    → +4 scen  (total 36 = 19100 rows)

─── Round 8/14 │ 36 scen = 19100 rows ───
    coll=1500  scales=[3.94e+01, 8.98e-01, 3.36e+01, 8.91e+01]
    → +4 scen  (total 40 = 21200 rows)

─── Round 9/14 │ 40 scen = 21200 rows ───
    coll=1500  scales=[3.60e+01, 8.85e-01, 3.03e+01, 8.02e+01]
    → +4 scen  (total 44 = 23275 rows)

─── Round 10/14 │ 44 scen = 23275 rows ───
    coll=1500  scales=[3.28e+01, 8.25e-01, 2.73e+01, 7.22e+01]
    → +4 scen  (total 48 = 25575 rows)

─── Round 11/14 │ 48 scen = 25575 rows ───
    coll=1500  scales=[2.98e+01, 8.15e-01, 2.45e+01, 6.50e+01]
    → +4 scen  (total 52 = 27675 rows)

─── Round 12/14 │ 52 scen = 27675 rows ───
    coll=1500  scales=[2.71e+01, 8.15e-01, 2.21e+01, 5.85e+01]
    → +4 scen  (total 56 = 29875 rows)

─── Round 13/14 │ 56 scen = 29875 rows ───
    coll=1500  scales=[2.47e+01, 7.87e-01, 1.99e+01, 5.26e+01]
    → +4 scen  (total 60 = 32075 rows)

─── Round 14/14 │ 60 scen = 32075 rows ───
    coll=1500  scales=[2.25e+01, 9.19e-01, 1.79e+01, 4.74e+01]

─── Final polish │ 300 ep ───
    ep  2000  data=-4.810e-01  pde=5.893e-02  λ=0.0020  val_mse=6.467e-04

[Done v3]  1121.3s  60 scen  32075 rows  val_mse=6.4070e-04
  internal: 3.2360e-04  LHS: 6.9394e-02  (1121s)

[pinn_oneshot]
  t_max override: ub[:,1] = 20.01  (was 1.00)
  Model: PINN  h=192  L=4  K=3  +PCA bottleneck k=8
  internal: 3.8709e-04  LHS: 1.3484e-01  (1578s)

[ann_al]
  t_max override: ub[:,1] = 20.01  (was 1.00)
  Model: ANN   h=192  L=4  +PCA bottleneck k=8
[v3 trainer] ANN  budget=60  n0=4  k=4  rounds=14  total_ep=2100  λ_max=0.0

─── Round 0/14 │ 4 scen = 2200 rows ───
    → +4 scen  (total 8 = 4325 rows)

─── Round 1/14 │ 8 scen = 4325 rows ───
    → +4 scen  (total 12 = 6475 rows)

─── Round 2/14 │ 12 scen = 6475 rows ───
    → +4 scen  (total 16 = 8675 rows)

─── Round 3/14 │ 16 scen = 8675 rows ───
    → +4 scen  (total 20 = 10950 rows)

─── Round 4/14 │ 20 scen = 10950 rows ───
    → +4 scen  (total 24 = 13025 rows)

─── Round 5/14 │ 24 scen = 13025 rows ───
    → +4 scen  (total 28 = 15075 rows)

─── Round 6/14 │ 28 scen = 15075 rows ───
    → +4 scen  (total 32 = 17275 rows)

─── Round 7/14 │ 32 scen = 17275 rows ───
    → +4 scen  (total 36 = 19475 rows)

─── Round 8/14 │ 36 scen = 19475 rows ───
    → +4 scen  (total 40 = 21525 rows)

─── Round 9/14 │ 40 scen = 21525 rows ───
    → +4 scen  (total 44 = 23625 rows)

─── Round 10/14 │ 44 scen = 23625 rows ───
    → +4 scen  (total 48 = 25725 rows)

─── Round 11/14 │ 48 scen = 25725 rows ───
    → +4 scen  (total 52 = 27800 rows)

─── Round 12/14 │ 52 scen = 27800 rows ───
    → +4 scen  (total 56 = 29875 rows)

─── Round 13/14 │ 56 scen = 29875 rows ───
    → +4 scen  (total 60 = 31925 rows)

─── Round 14/14 │ 60 scen = 31925 rows ───

─── Final polish │ 300 ep ───
    ep  2000  data=4.034e-04  pde=0.000e+00  λ=0.0000  val_mse=3.024e-04

[Done v3]  341.5s  60 scen  31925 rows  val_mse=3.0227e-04
  internal: 1.7084e-04  LHS: 3.4217e-02  (342s)

[ann_oneshot]
  t_max override: ub[:,1] = 20.01  (was 1.00)
  Model: ANN   h=192  L=4  +PCA bottleneck k=8
  internal: 1.9113e-04  LHS: 4.8224e-02  (512s)

── seed=1024 ──

[pinn_al]
  t_max override: ub[:,1] = 20.01  (was 1.00)
  Model: PINN  h=192  L=4  K=3  +PCA bottleneck k=8
[v3 trainer] PINN+committee+PDE  budget=60  n0=4  k=4  rounds=14  total_ep=2100  λ_max=0.002

─── Round 0/14 │ 4 scen = 2100 rows ───
    coll=1500  scales=[4.26e-01, 8.84e-01, 5.60e-02, 3.40e+00]
    → +4 scen  (total 8 = 4350 rows)

─── Round 1/14 │ 8 scen = 4350 rows ───
    coll=1500  scales=[5.07e-01, 1.08e+00, 2.59e+00, 5.26e+01]
    → +4 scen  (total 12 = 6625 rows)

─── Round 2/14 │ 12 scen = 6625 rows ───
    coll=1500  scales=[4.72e-01, 1.02e+00, 2.37e+00, 4.74e+01]
    → +4 scen  (total 16 = 8650 rows)

─── Round 3/14 │ 16 scen = 8650 rows ───
    coll=1500  scales=[4.43e-01, 9.80e-01, 2.16e+00, 4.27e+01]
    → +4 scen  (total 20 = 10800 rows)

─── Round 4/14 │ 20 scen = 10800 rows ───
    coll=1500  scales=[4.69e-01, 1.16e+00, 1.98e+00, 3.86e+01]
    → +4 scen  (total 24 = 12875 rows)

─── Round 5/14 │ 24 scen = 12875 rows ───
    coll=1500  scales=[4.43e-01, 1.11e+00, 1.80e+00, 3.47e+01]
    → +4 scen  (total 28 = 15050 rows)

─── Round 6/14 │ 28 scen = 15050 rows ───
    coll=1500  scales=[4.23e-01, 1.12e+00, 1.64e+00, 3.13e+01]
    → +4 scen  (total 32 = 17075 rows)

─── Round 7/14 │ 32 scen = 17075 rows ───
    coll=1500  scales=[3.93e-01, 1.08e+00, 1.50e+00, 2.82e+01]
    → +4 scen  (total 36 = 19250 rows)

─── Round 8/14 │ 36 scen = 19250 rows ───
    coll=1500  scales=[3.96e-01, 1.24e+00, 1.37e+00, 2.54e+01]
    → +4 scen  (total 40 = 21325 rows)

─── Round 9/14 │ 40 scen = 21325 rows ───
    coll=1500  scales=[3.67e-01, 1.17e+00, 1.25e+00, 2.29e+01]
    → +4 scen  (total 44 = 23425 rows)

─── Round 10/14 │ 44 scen = 23425 rows ───
    coll=1500  scales=[3.83e-01, 1.32e+00, 1.13e+00, 2.06e+01]
    → +4 scen  (total 48 = 25625 rows)

─── Round 11/14 │ 48 scen = 25625 rows ───
    coll=1500  scales=[3.79e-01, 1.31e+00, 1.03e+00, 1.86e+01]
    → +4 scen  (total 52 = 27725 rows)

─── Round 12/14 │ 52 scen = 27725 rows ───
    coll=1500  scales=[3.49e-01, 1.22e+00, 9.37e-01, 1.67e+01]
    → +4 scen  (total 56 = 29800 rows)

─── Round 13/14 │ 56 scen = 29800 rows ───
    coll=1500  scales=[3.27e-01, 1.15e+00, 8.52e-01, 1.51e+01]
    → +4 scen  (total 60 = 31900 rows)

─── Round 14/14 │ 60 scen = 31900 rows ───
    coll=1500  scales=[3.07e-01, 1.08e+00, 7.75e-01, 1.36e+01]

─── Final polish │ 300 ep ───
    ep  2000  data=-4.775e-01  pde=1.151e-01  λ=0.0020  val_mse=1.586e-03

[Done v3]  1154.8s  60 scen  31900 rows  val_mse=1.5680e-03
  internal: 1.2648e-03  LHS: 2.3461e-01  (1155s)

[pinn_ic_coreset]
  t_max override: ub[:,1] = 20.01  (was 1.00)
  Model: PINN  h=192  L=4  K=3  +PCA bottleneck k=8
[v3 trainer] PINN+committee+PDE  budget=60  n0=4  k=4  rounds=14  total_ep=2100  λ_max=0.002

─── Round 0/14 │ 4 scen = 2100 rows ───
    coll=1500  scales=[4.26e-01, 8.84e-01, 5.60e-02, 3.40e+00]
    → +4 scen  (total 8 = 4225 rows)

─── Round 1/14 │ 8 scen = 4225 rows ───
    coll=1500  scales=[5.03e-01, 1.05e+00, 2.59e+00, 5.26e+01]
    → +4 scen  (total 12 = 6400 rows)

─── Round 2/14 │ 12 scen = 6400 rows ───
    coll=1500  scales=[4.71e-01, 1.13e+00, 2.35e+00, 4.74e+01]
    → +4 scen  (total 16 = 8425 rows)

─── Round 3/14 │ 16 scen = 8425 rows ───
    coll=1500  scales=[4.70e-01, 1.23e+00, 2.15e+00, 4.29e+01]
    → +4 scen  (total 20 = 10450 rows)

─── Round 4/14 │ 20 scen = 10450 rows ───
    coll=1500  scales=[4.39e-01, 1.28e+00, 1.96e+00, 3.86e+01]
    → +4 scen  (total 24 = 12500 rows)

─── Round 5/14 │ 24 scen = 12500 rows ───
    coll=1500  scales=[4.12e-01, 1.21e+00, 1.77e+00, 3.48e+01]
    → +4 scen  (total 28 = 14575 rows)

─── Round 6/14 │ 28 scen = 14575 rows ───
    coll=1500  scales=[4.21e-01, 1.92e+00, 1.60e+00, 3.13e+01]
    → +4 scen  (total 32 = 16675 rows)

─── Round 7/14 │ 32 scen = 16675 rows ───
    coll=1500  scales=[3.97e-01, 1.82e+00, 1.45e+00, 2.82e+01]
    → +4 scen  (total 36 = 18750 rows)

─── Round 8/14 │ 36 scen = 18750 rows ───
    coll=1500  scales=[3.75e-01, 1.74e+00, 1.31e+00, 2.54e+01]
    → +4 scen  (total 40 = 20925 rows)

─── Round 9/14 │ 40 scen = 20925 rows ───
    coll=1500  scales=[3.49e-01, 1.62e+00, 1.19e+00, 2.29e+01]
    → +4 scen  (total 44 = 23000 rows)

─── Round 10/14 │ 44 scen = 23000 rows ───
    coll=1500  scales=[3.32e-01, 1.58e+00, 1.08e+00, 2.06e+01]
    → +4 scen  (total 48 = 25100 rows)

─── Round 11/14 │ 48 scen = 25100 rows ───
    coll=1500  scales=[3.21e-01, 1.55e+00, 9.75e-01, 1.86e+01]
    → +4 scen  (total 52 = 27300 rows)

─── Round 12/14 │ 52 scen = 27300 rows ───
    coll=1500  scales=[3.04e-01, 1.54e+00, 8.83e-01, 1.67e+01]
    → +4 scen  (total 56 = 29400 rows)

─── Round 13/14 │ 56 scen = 29400 rows ───
    coll=1500  scales=[2.98e-01, 1.47e+00, 8.01e-01, 1.51e+01]
    → +4 scen  (total 60 = 31500 rows)

─── Round 14/14 │ 60 scen = 31500 rows ───
    coll=1500  scales=[2.78e-01, 1.38e+00, 7.27e-01, 1.36e+01]

─── Final polish │ 300 ep ───
    ep  2000  data=-4.810e-01  pde=1.164e-01  λ=0.0020  val_mse=1.467e-03

[Done v3]  1118.9s  60 scen  31500 rows  val_mse=1.4435e-03
  internal: 1.2196e-03  LHS: 5.1847e-02  (1119s)

[pinn_seqrand]
  t_max override: ub[:,1] = 20.01  (was 1.00)
  Model: PINN  h=192  L=4  K=3  +PCA bottleneck k=8
[v3 trainer] PINN+committee+PDE  budget=60  n0=4  k=4  rounds=14  total_ep=2100  λ_max=0.002

─── Round 0/14 │ 4 scen = 2100 rows ───
    coll=1500  scales=[4.26e-01, 8.84e-01, 5.60e-02, 3.40e+00]
    → +4 scen  (total 8 = 4200 rows)

─── Round 1/14 │ 8 scen = 4200 rows ───
    coll=1500  scales=[3.93e-01, 8.11e-01, 2.59e+00, 5.26e+01]
    → +4 scen  (total 12 = 6300 rows)

─── Round 2/14 │ 12 scen = 6300 rows ───
    coll=1500  scales=[3.67e-01, 7.45e-01, 2.36e+00, 4.74e+01]
    → +4 scen  (total 16 = 8500 rows)

─── Round 3/14 │ 16 scen = 8500 rows ───
    coll=1500  scales=[3.46e-01, 6.85e-01, 2.14e+00, 4.27e+01]
    → +4 scen  (total 20 = 10600 rows)

─── Round 4/14 │ 20 scen = 10600 rows ───
    coll=1500  scales=[3.17e-01, 6.37e-01, 1.95e+00, 3.84e+01]
    → +4 scen  (total 24 = 12700 rows)

─── Round 5/14 │ 24 scen = 12700 rows ───
    coll=1500  scales=[3.11e-01, 6.50e-01, 1.77e+00, 3.46e+01]
    → +4 scen  (total 28 = 14775 rows)

─── Round 6/14 │ 28 scen = 14775 rows ───
    coll=1500  scales=[2.91e-01, 6.84e-01, 1.61e+00, 3.12e+01]
    → +4 scen  (total 32 = 16850 rows)

─── Round 7/14 │ 32 scen = 16850 rows ───
    coll=1500  scales=[2.71e-01, 7.06e-01, 1.47e+00, 2.81e+01]
    → +4 scen  (total 36 = 18925 rows)

─── Round 8/14 │ 36 scen = 18925 rows ───
    coll=1500  scales=[2.52e-01, 7.03e-01, 1.34e+00, 2.53e+01]
    → +4 scen  (total 40 = 21125 rows)

─── Round 9/14 │ 40 scen = 21125 rows ───
    coll=1500  scales=[2.36e-01, 7.22e-01, 1.22e+00, 2.28e+01]
    → +4 scen  (total 44 = 23325 rows)

─── Round 10/14 │ 44 scen = 23325 rows ───
    coll=1500  scales=[2.18e-01, 6.98e-01, 1.11e+00, 2.05e+01]
    → +4 scen  (total 48 = 25525 rows)

─── Round 11/14 │ 48 scen = 25525 rows ───
    coll=1500  scales=[2.03e-01, 6.86e-01, 1.00e+00, 1.85e+01]
    → +4 scen  (total 52 = 27800 rows)

─── Round 12/14 │ 52 scen = 27800 rows ───
    coll=1500  scales=[1.88e-01, 6.83e-01, 9.13e-01, 1.67e+01]
    → +4 scen  (total 56 = 29900 rows)

─── Round 13/14 │ 56 scen = 29900 rows ───
    coll=1500  scales=[1.75e-01, 6.72e-01, 8.31e-01, 1.50e+01]
    → +4 scen  (total 60 = 32100 rows)

─── Round 14/14 │ 60 scen = 32100 rows ───
    coll=1500  scales=[1.64e-01, 6.47e-01, 7.56e-01, 1.35e+01]

─── Final polish │ 300 ep ───
    ep  2000  data=-4.799e-01  pde=1.595e-01  λ=0.0020  val_mse=3.495e-03

[Done v3]  1129.5s  60 scen  32100 rows  val_mse=3.4644e-03
  internal: 2.7682e-03  LHS: 7.5704e-02  (1130s)

[pinn_oneshot]
  t_max override: ub[:,1] = 20.01  (was 1.00)
  Model: PINN  h=192  L=4  K=3  +PCA bottleneck k=8
  internal: 1.4062e-03  LHS: 9.2126e-02  (1566s)

[ann_al]
  t_max override: ub[:,1] = 20.01  (was 1.00)
  Model: ANN   h=192  L=4  +PCA bottleneck k=8
[v3 trainer] ANN  budget=60  n0=4  k=4  rounds=14  total_ep=2100  λ_max=0.0

─── Round 0/14 │ 4 scen = 2100 rows ───
    → +4 scen  (total 8 = 4350 rows)

─── Round 1/14 │ 8 scen = 4350 rows ───
    → +4 scen  (total 12 = 6400 rows)

─── Round 2/14 │ 12 scen = 6400 rows ───
    → +4 scen  (total 16 = 8700 rows)

─── Round 3/14 │ 16 scen = 8700 rows ───
    → +4 scen  (total 20 = 11000 rows)

─── Round 4/14 │ 20 scen = 11000 rows ───
    → +4 scen  (total 24 = 13175 rows)

─── Round 5/14 │ 24 scen = 13175 rows ───
    → +4 scen  (total 28 = 15225 rows)

─── Round 6/14 │ 28 scen = 15225 rows ───
    → +4 scen  (total 32 = 17300 rows)

─── Round 7/14 │ 32 scen = 17300 rows ───
    → +4 scen  (total 36 = 19475 rows)

─── Round 8/14 │ 36 scen = 19475 rows ───
    → +4 scen  (total 40 = 21575 rows)

─── Round 9/14 │ 40 scen = 21575 rows ───
    → +4 scen  (total 44 = 23650 rows)

─── Round 10/14 │ 44 scen = 23650 rows ───
    → +4 scen  (total 48 = 25750 rows)

─── Round 11/14 │ 48 scen = 25750 rows ───
    → +4 scen  (total 52 = 27800 rows)

─── Round 12/14 │ 52 scen = 27800 rows ───
    → +4 scen  (total 56 = 29900 rows)

─── Round 13/14 │ 56 scen = 29900 rows ───
    → +4 scen  (total 60 = 32050 rows)

─── Round 14/14 │ 60 scen = 32050 rows ───

─── Final polish │ 300 ep ───
    ep  2000  data=3.536e-04  pde=0.000e+00  λ=0.0000  val_mse=2.830e-04

[Done v3]  343.4s  60 scen  32050 rows  val_mse=2.8295e-04
  internal: 1.5593e-04  LHS: 3.8136e-02  (344s)

[ann_oneshot]
  t_max override: ub[:,1] = 20.01  (was 1.00)
  Model: ANN   h=192  L=4  +PCA bottleneck k=8
  internal: 2.8340e-04  LHS: 5.9643e-02  (504s)

[Sweep done] → psa_biased_v8_blow\psa_v7_sweep_final.json

====================================================================================================
  INTERNAL TEST
====================================================================================================
Budget           pinn_al  pinn_ic_corese    pinn_seqrand    pinn_oneshot          ann_al     ann_oneshot
--------------------------------------------------------------------------------------------------------
    12        1.7900e-03      1.7794e-03      3.1319e-03      3.5248e-03      1.7676e-03      5.6352e-03
    30        9.0983e-04      7.7328e-04      1.9150e-03      2.5262e-03      3.5595e-04      1.5741e-03
    60        7.0629e-04      5.7648e-04      1.4773e-03      1.2466e-03      1.6603e-04      3.0188e-04

  IMPROVEMENT % on internal test (pinn_al vs each baseline, mean across budgets):
    pinn_al vs pinn_ic_coreset: mean= -13.6%  range [-22.5%,  -0.6%]
    pinn_al vs   pinn_seqrand: mean= +49.2%  range [+42.8%, +52.5%]
    pinn_al vs   pinn_oneshot: mean= +52.2%  range [+43.3%, +64.0%]
    pinn_al vs         ann_al: mean=-160.8%  range [-325.4%,  -1.3%]
    pinn_al vs    ann_oneshot: mean=  -7.8%  range [-134.0%, +68.2%]

====================================================================================================
  LHS EXTERNAL TEST
====================================================================================================
Budget           pinn_al  pinn_ic_corese    pinn_seqrand    pinn_oneshot          ann_al     ann_oneshot
--------------------------------------------------------------------------------------------------------
    12        4.5241e-01      3.4975e-01      5.5642e-01      2.2726e-01      1.2612e-01      2.4091e-01
    30        2.1055e-01      3.5222e-01      2.4043e-01      4.7530e-01      1.3896e-01      2.1476e-01
    60        2.7208e-01      2.5029e-01      1.8977e-01      2.6762e-01      1.0174e-01      1.4436e-01

  IMPROVEMENT % on LHS external test (pinn_al vs each baseline, mean across budgets):
    pinn_al vs pinn_ic_coreset: mean=  +0.7%  range [-29.4%, +40.2%]
    pinn_al vs   pinn_seqrand: mean=  -4.1%  range [-43.4%, +18.7%]
    pinn_al vs   pinn_oneshot: mean= -15.0%  range [-99.1%, +55.7%]
    pinn_al vs         ann_al: mean=-159.2%  range [-258.7%, -51.5%]
    pinn_al vs    ann_oneshot: mean= -58.1%  range [-88.5%,  +2.0%]
