Traceback (most recent call last):
  File "E:\Aqib\Semester 4\AL_PINN\code_PSA_latest\run_psa_budget_sweep_v7.py", line 379, in run_sweep
    res = run_sequential(method, budget, cfg, splits, lb, ub, seed, device)
  File "E:\Aqib\Semester 4\AL_PINN\code_PSA_latest\run_psa_budget_sweep_v7.py", line 219, in run_sequential
    res = trainer.run(
        splits['pool_scenarios'],
    ...<3 lines>...
        x_val=splits['x_val'], y_val=splits['y_val'],
        seed=seed)
  File "E:\Aqib\Semester 4\AL_PINN\code_PSA_latest\psa_al_trainer_v3.py", line 267, in run
    h = self._train_block(opt, scheduler, x_lab, y_lab, x_coll,
                           self.epochs_per_round, global_ep,
                           x_val=x_val, y_val=y_val)
  File "E:\Aqib\Semester 4\AL_PINN\code_PSA_latest\psa_al_trainer_v3.py", line 158, in _train_block
    dl, pl, tl = self._step(opt, x_lab, y_lab, x_coll, lam)
                 ~~~~~~~~~~^^^^^^^^^^^^^^^^^^^^^^^^^^^^^^^^
  File "E:\Aqib\Semester 4\AL_PINN\code_PSA_latest\psa_al_trainer_v3.py", line 125, in _step
    d_evid = self.model.loss_evidential(x_lab, y_lab, lam_evid=self.lam_evid)
  File "E:\Aqib\Semester 4\AL_PINN\code_PSA_latest\psa_pinn_model_v3.py", line 247, in loss_evidential
    gamma, nu, alpha, beta = self.forward_evidential(x)
                             ~~~~~~~~~~~~~~~~~~~~~~~^^^
  File "E:\Aqib\Semester 4\AL_PINN\code_PSA_latest\psa_pinn_model_v3.py", line 237, in forward_evidential
    def forward_evidential(self, x): return self.evid_head(self.features(x))
                                                           ~~~~~~~~~~~~~^^^
  File "E:\Aqib\Semester 4\AL_PINN\code_PSA_latest\psa_pinn_model_v3.py", line 219, in features
    def features(self, x): return self.backbone(self._normalise(self._bottleneck(x)))
                                  ~~~~~~~~~~~~~^^^^^^^^^^^^^^^^^^^^^^^^^^^^^^^^^^^^^^
  File "C:\Users\mohdaqib\AppData\Roaming\Python\Python314\site-packages\torch\nn\modules\module.py", line 1779, in _wrapped_call_impl
    return self._call_impl(*args, **kwargs)
           ~~~~~~~~~~~~~~~^^^^^^^^^^^^^^^^^
  File "C:\Users\mohdaqib\AppData\Roaming\Python\Python314\site-packages\torch\nn\modules\module.py", line 1790, in _call_impl
    return forward_call(*args, **kwargs)
  File "C:\Users\mohdaqib\AppData\Roaming\Python\Python314\site-packages\torch\nn\modules\container.py", line 253, in forward
    input = module(input)
  File "C:\Users\mohdaqib\AppData\Roaming\Python\Python314\site-packages\torch\nn\modules\module.py", line 1779, in _wrapped_call_impl
    return self._call_impl(*args, **kwargs)
           ~~~~~~~~~~~~~~~^^^^^^^^^^^^^^^^^
  File "C:\Users\mohdaqib\AppData\Roaming\Python\Python314\site-packages\torch\nn\modules\module.py", line 1790, in _call_impl
    return forward_call(*args, **kwargs)
  File "C:\Users\mohdaqib\AppData\Roaming\Python\Python314\site-packages\torch\nn\modules\activation.py", line 432, in forward
    return torch.tanh(input)
           ~~~~~~~~~~^^^^^^^
torch.AcceleratorError: CUDA error: out of memory
Search for `cudaErrorMemoryAllocation' in https://docs.nvidia.com/cuda/cuda-runtime-api/group__CUDART__TYPES.html for more information.
CUDA kernel errors might be asynchronously reported at some other API call, so the stacktrace below might be incorrect.
For debugging consider passing CUDA_LAUNCH_BLOCKING=1
Compile with `TORCH_USE_CUDA_DSA` to enable device-side assertions.

Traceback (most recent call last):
  File "E:\Aqib\Semester 4\AL_PINN\code_PSA_latest\run_psa_budget_sweep_v7.py", line 379, in run_sweep
    res = run_sequential(method, budget, cfg, splits, lb, ub, seed, device)
  File "E:\Aqib\Semester 4\AL_PINN\code_PSA_latest\run_psa_budget_sweep_v7.py", line 169, in run_sequential
    torch.manual_seed(seed); np.random.seed(seed)
    ~~~~~~~~~~~~~~~~~^^^^^^
  File "C:\Users\mohdaqib\AppData\Roaming\Python\Python314\site-packages\torch\_compile.py", line 54, in inner
    return disable_fn(*args, **kwargs)
  File "C:\Users\mohdaqib\AppData\Roaming\Python\Python314\site-packages\torch\_dynamo\eval_frame.py", line 1263, in _fn
    return fn(*args, **kwargs)
  File "C:\Users\mohdaqib\AppData\Roaming\Python\Python314\site-packages\torch\random.py", line 42, in manual_seed
    return _manual_seed_impl(seed)
  File "C:\Users\mohdaqib\AppData\Roaming\Python\Python314\site-packages\torch\random.py", line 50, in _manual_seed_impl
    torch.cuda.manual_seed_all(seed)
    ~~~~~~~~~~~~~~~~~~~~~~~~~~^^^^^^
  File "C:\Users\mohdaqib\AppData\Roaming\Python\Python314\site-packages\torch\cuda\random.py", line 128, in manual_seed_all
    _lazy_call(cb, seed_all=True)
    ~~~~~~~~~~^^^^^^^^^^^^^^^^^^^
  File "C:\Users\mohdaqib\AppData\Roaming\Python\Python314\site-packages\torch\cuda\__init__.py", line 409, in _lazy_call
    callable()
    ~~~~~~~~^^
  File "C:\Users\mohdaqib\AppData\Roaming\Python\Python314\site-packages\torch\cuda\random.py", line 126, in cb
    default_generator.manual_seed(seed)
    ~~~~~~~~~~~~~~~~~~~~~~~~~~~~~^^^^^^
torch.AcceleratorError: CUDA error: out of memory
Search for `cudaErrorMemoryAllocation' in https://docs.nvidia.com/cuda/cuda-runtime-api/group__CUDART__TYPES.html for more information.
CUDA kernel errors might be asynchronously reported at some other API call, so the stacktrace below might be incorrect.
For debugging consider passing CUDA_LAUNCH_BLOCKING=1
Compile with `TORCH_USE_CUDA_DSA` to enable device-side assertions.

Traceback (most recent call last):
  File "E:\Aqib\Semester 4\AL_PINN\code_PSA_latest\run_psa_budget_sweep_v7.py", line 377, in run_sweep
    res = run_oneshot(method, budget, cfg, splits, lb, ub, seed, device)
  File "E:\Aqib\Semester 4\AL_PINN\code_PSA_latest\run_psa_budget_sweep_v7.py", line 247, in run_oneshot
    torch.manual_seed(seed); np.random.seed(seed)
    ~~~~~~~~~~~~~~~~~^^^^^^
  File "C:\Users\mohdaqib\AppData\Roaming\Python\Python314\site-packages\torch\_compile.py", line 54, in inner
    return disable_fn(*args, **kwargs)
  File "C:\Users\mohdaqib\AppData\Roaming\Python\Python314\site-packages\torch\_dynamo\eval_frame.py", line 1263, in _fn
    return fn(*args, **kwargs)
  File "C:\Users\mohdaqib\AppData\Roaming\Python\Python314\site-packages\torch\random.py", line 42, in manual_seed
    return _manual_seed_impl(seed)
  File "C:\Users\mohdaqib\AppData\Roaming\Python\Python314\site-packages\torch\random.py", line 50, in _manual_seed_impl
    torch.cuda.manual_seed_all(seed)
    ~~~~~~~~~~~~~~~~~~~~~~~~~~^^^^^^
  File "C:\Users\mohdaqib\AppData\Roaming\Python\Python314\site-packages\torch\cuda\random.py", line 128, in manual_seed_all
    _lazy_call(cb, seed_all=True)
    ~~~~~~~~~~^^^^^^^^^^^^^^^^^^^
  File "C:\Users\mohdaqib\AppData\Roaming\Python\Python314\site-packages\torch\cuda\__init__.py", line 409, in _lazy_call
    callable()
    ~~~~~~~~^^
  File "C:\Users\mohdaqib\AppData\Roaming\Python\Python314\site-packages\torch\cuda\random.py", line 126, in cb
    default_generator.manual_seed(seed)
    ~~~~~~~~~~~~~~~~~~~~~~~~~~~~~^^^^^^
torch.AcceleratorError: CUDA error: out of memory
Search for `cudaErrorMemoryAllocation' in https://docs.nvidia.com/cuda/cuda-runtime-api/group__CUDART__TYPES.html for more information.
CUDA kernel errors might be asynchronously reported at some other API call, so the stacktrace below might be incorrect.
For debugging consider passing CUDA_LAUNCH_BLOCKING=1
Compile with `TORCH_USE_CUDA_DSA` to enable device-side assertions.

Traceback (most recent call last):
  File "E:\Aqib\Semester 4\AL_PINN\code_PSA_latest\run_psa_budget_sweep_v7.py", line 379, in run_sweep
    res = run_sequential(method, budget, cfg, splits, lb, ub, seed, device)
  File "E:\Aqib\Semester 4\AL_PINN\code_PSA_latest\run_psa_budget_sweep_v7.py", line 169, in run_sequential
    torch.manual_seed(seed); np.random.seed(seed)
    ~~~~~~~~~~~~~~~~~^^^^^^
  File "C:\Users\mohdaqib\AppData\Roaming\Python\Python314\site-packages\torch\_compile.py", line 54, in inner
    return disable_fn(*args, **kwargs)
  File "C:\Users\mohdaqib\AppData\Roaming\Python\Python314\site-packages\torch\_dynamo\eval_frame.py", line 1263, in _fn
    return fn(*args, **kwargs)
  File "C:\Users\mohdaqib\AppData\Roaming\Python\Python314\site-packages\torch\random.py", line 42, in manual_seed
    return _manual_seed_impl(seed)
  File "C:\Users\mohdaqib\AppData\Roaming\Python\Python314\site-packages\torch\random.py", line 50, in _manual_seed_impl
    torch.cuda.manual_seed_all(seed)
    ~~~~~~~~~~~~~~~~~~~~~~~~~~^^^^^^
  File "C:\Users\mohdaqib\AppData\Roaming\Python\Python314\site-packages\torch\cuda\random.py", line 128, in manual_seed_all
    _lazy_call(cb, seed_all=True)
    ~~~~~~~~~~^^^^^^^^^^^^^^^^^^^
  File "C:\Users\mohdaqib\AppData\Roaming\Python\Python314\site-packages\torch\cuda\__init__.py", line 409, in _lazy_call
    callable()
    ~~~~~~~~^^
  File "C:\Users\mohdaqib\AppData\Roaming\Python\Python314\site-packages\torch\cuda\random.py", line 126, in cb
    default_generator.manual_seed(seed)
    ~~~~~~~~~~~~~~~~~~~~~~~~~~~~~^^^^^^
torch.AcceleratorError: CUDA error: out of memory
Search for `cudaErrorMemoryAllocation' in https://docs.nvidia.com/cuda/cuda-runtime-api/group__CUDART__TYPES.html for more information.
CUDA kernel errors might be asynchronously reported at some other API call, so the stacktrace below might be incorrect.
For debugging consider passing CUDA_LAUNCH_BLOCKING=1
Compile with `TORCH_USE_CUDA_DSA` to enable device-side assertions.

Traceback (most recent call last):
  File "E:\Aqib\Semester 4\AL_PINN\code_PSA_latest\run_psa_budget_sweep_v7.py", line 377, in run_sweep
    res = run_oneshot(method, budget, cfg, splits, lb, ub, seed, device)
  File "E:\Aqib\Semester 4\AL_PINN\code_PSA_latest\run_psa_budget_sweep_v7.py", line 247, in run_oneshot
    torch.manual_seed(seed); np.random.seed(seed)
    ~~~~~~~~~~~~~~~~~^^^^^^
  File "C:\Users\mohdaqib\AppData\Roaming\Python\Python314\site-packages\torch\_compile.py", line 54, in inner
    return disable_fn(*args, **kwargs)
  File "C:\Users\mohdaqib\AppData\Roaming\Python\Python314\site-packages\torch\_dynamo\eval_frame.py", line 1263, in _fn
    return fn(*args, **kwargs)
  File "C:\Users\mohdaqib\AppData\Roaming\Python\Python314\site-packages\torch\random.py", line 42, in manual_seed
    return _manual_seed_impl(seed)
  File "C:\Users\mohdaqib\AppData\Roaming\Python\Python314\site-packages\torch\random.py", line 50, in _manual_seed_impl
    torch.cuda.manual_seed_all(seed)
    ~~~~~~~~~~~~~~~~~~~~~~~~~~^^^^^^
  File "C:\Users\mohdaqib\AppData\Roaming\Python\Python314\site-packages\torch\cuda\random.py", line 128, in manual_seed_all
    _lazy_call(cb, seed_all=True)
    ~~~~~~~~~~^^^^^^^^^^^^^^^^^^^
  File "C:\Users\mohdaqib\AppData\Roaming\Python\Python314\site-packages\torch\cuda\__init__.py", line 409, in _lazy_call
    callable()
    ~~~~~~~~^^
  File "C:\Users\mohdaqib\AppData\Roaming\Python\Python314\site-packages\torch\cuda\random.py", line 126, in cb
    default_generator.manual_seed(seed)
    ~~~~~~~~~~~~~~~~~~~~~~~~~~~~~^^^^^^
torch.AcceleratorError: CUDA error: out of memory
Search for `cudaErrorMemoryAllocation' in https://docs.nvidia.com/cuda/cuda-runtime-api/group__CUDART__TYPES.html for more information.
CUDA kernel errors might be asynchronously reported at some other API call, so the stacktrace below might be incorrect.
For debugging consider passing CUDA_LAUNCH_BLOCKING=1
Compile with `TORCH_USE_CUDA_DSA` to enable device-side assertions.

Traceback (most recent call last):
  File "E:\Aqib\Semester 4\AL_PINN\code_PSA_latest\run_psa_budget_sweep_v7.py", line 379, in run_sweep
    res = run_sequential(method, budget, cfg, splits, lb, ub, seed, device)
  File "E:\Aqib\Semester 4\AL_PINN\code_PSA_latest\run_psa_budget_sweep_v7.py", line 169, in run_sequential
    torch.manual_seed(seed); np.random.seed(seed)
    ~~~~~~~~~~~~~~~~~^^^^^^
  File "C:\Users\mohdaqib\AppData\Roaming\Python\Python314\site-packages\torch\_compile.py", line 54, in inner
    return disable_fn(*args, **kwargs)
  File "C:\Users\mohdaqib\AppData\Roaming\Python\Python314\site-packages\torch\_dynamo\eval_frame.py", line 1263, in _fn
    return fn(*args, **kwargs)
  File "C:\Users\mohdaqib\AppData\Roaming\Python\Python314\site-packages\torch\random.py", line 42, in manual_seed
    return _manual_seed_impl(seed)
  File "C:\Users\mohdaqib\AppData\Roaming\Python\Python314\site-packages\torch\random.py", line 50, in _manual_seed_impl
    torch.cuda.manual_seed_all(seed)
    ~~~~~~~~~~~~~~~~~~~~~~~~~~^^^^^^
  File "C:\Users\mohdaqib\AppData\Roaming\Python\Python314\site-packages\torch\cuda\random.py", line 128, in manual_seed_all
    _lazy_call(cb, seed_all=True)
    ~~~~~~~~~~^^^^^^^^^^^^^^^^^^^
  File "C:\Users\mohdaqib\AppData\Roaming\Python\Python314\site-packages\torch\cuda\__init__.py", line 409, in _lazy_call
    callable()
    ~~~~~~~~^^
  File "C:\Users\mohdaqib\AppData\Roaming\Python\Python314\site-packages\torch\cuda\random.py", line 126, in cb
    default_generator.manual_seed(seed)
    ~~~~~~~~~~~~~~~~~~~~~~~~~~~~~^^^^^^
torch.AcceleratorError: CUDA error: out of memory
Search for `cudaErrorMemoryAllocation' in https://docs.nvidia.com/cuda/cuda-runtime-api/group__CUDART__TYPES.html for more information.
CUDA kernel errors might be asynchronously reported at some other API call, so the stacktrace below might be incorrect.
For debugging consider passing CUDA_LAUNCH_BLOCKING=1
Compile with `TORCH_USE_CUDA_DSA` to enable device-side assertions.

Traceback (most recent call last):
  File "E:\Aqib\Semester 4\AL_PINN\code_PSA_latest\run_psa_budget_sweep_v7.py", line 379, in run_sweep
    res = run_sequential(method, budget, cfg, splits, lb, ub, seed, device)
  File "E:\Aqib\Semester 4\AL_PINN\code_PSA_latest\run_psa_budget_sweep_v7.py", line 169, in run_sequential
    torch.manual_seed(seed); np.random.seed(seed)
    ~~~~~~~~~~~~~~~~~^^^^^^
  File "C:\Users\mohdaqib\AppData\Roaming\Python\Python314\site-packages\torch\_compile.py", line 54, in inner
    return disable_fn(*args, **kwargs)
  File "C:\Users\mohdaqib\AppData\Roaming\Python\Python314\site-packages\torch\_dynamo\eval_frame.py", line 1263, in _fn
    return fn(*args, **kwargs)
  File "C:\Users\mohdaqib\AppData\Roaming\Python\Python314\site-packages\torch\random.py", line 42, in manual_seed
    return _manual_seed_impl(seed)
  File "C:\Users\mohdaqib\AppData\Roaming\Python\Python314\site-packages\torch\random.py", line 50, in _manual_seed_impl
    torch.cuda.manual_seed_all(seed)
    ~~~~~~~~~~~~~~~~~~~~~~~~~~^^^^^^
  File "C:\Users\mohdaqib\AppData\Roaming\Python\Python314\site-packages\torch\cuda\random.py", line 128, in manual_seed_all
    _lazy_call(cb, seed_all=True)
    ~~~~~~~~~~^^^^^^^^^^^^^^^^^^^
  File "C:\Users\mohdaqib\AppData\Roaming\Python\Python314\site-packages\torch\cuda\__init__.py", line 409, in _lazy_call
    callable()
    ~~~~~~~~^^
  File "C:\Users\mohdaqib\AppData\Roaming\Python\Python314\site-packages\torch\cuda\random.py", line 126, in cb
    default_generator.manual_seed(seed)
    ~~~~~~~~~~~~~~~~~~~~~~~~~~~~~^^^^^^
torch.AcceleratorError: CUDA error: out of memory
Search for `cudaErrorMemoryAllocation' in https://docs.nvidia.com/cuda/cuda-runtime-api/group__CUDART__TYPES.html for more information.
CUDA kernel errors might be asynchronously reported at some other API call, so the stacktrace below might be incorrect.
For debugging consider passing CUDA_LAUNCH_BLOCKING=1
Compile with `TORCH_USE_CUDA_DSA` to enable device-side assertions.

Traceback (most recent call last):
  File "E:\Aqib\Semester 4\AL_PINN\code_PSA_latest\run_psa_budget_sweep_v7.py", line 379, in run_sweep
    res = run_sequential(method, budget, cfg, splits, lb, ub, seed, device)
  File "E:\Aqib\Semester 4\AL_PINN\code_PSA_latest\run_psa_budget_sweep_v7.py", line 169, in run_sequential
    torch.manual_seed(seed); np.random.seed(seed)
    ~~~~~~~~~~~~~~~~~^^^^^^
  File "C:\Users\mohdaqib\AppData\Roaming\Python\Python314\site-packages\torch\_compile.py", line 54, in inner
    return disable_fn(*args, **kwargs)
  File "C:\Users\mohdaqib\AppData\Roaming\Python\Python314\site-packages\torch\_dynamo\eval_frame.py", line 1263, in _fn
    return fn(*args, **kwargs)
  File "C:\Users\mohdaqib\AppData\Roaming\Python\Python314\site-packages\torch\random.py", line 42, in manual_seed
    return _manual_seed_impl(seed)
  File "C:\Users\mohdaqib\AppData\Roaming\Python\Python314\site-packages\torch\random.py", line 50, in _manual_seed_impl
    torch.cuda.manual_seed_all(seed)
    ~~~~~~~~~~~~~~~~~~~~~~~~~~^^^^^^
  File "C:\Users\mohdaqib\AppData\Roaming\Python\Python314\site-packages\torch\cuda\random.py", line 128, in manual_seed_all
    _lazy_call(cb, seed_all=True)
    ~~~~~~~~~~^^^^^^^^^^^^^^^^^^^
  File "C:\Users\mohdaqib\AppData\Roaming\Python\Python314\site-packages\torch\cuda\__init__.py", line 409, in _lazy_call
    callable()
    ~~~~~~~~^^
  File "C:\Users\mohdaqib\AppData\Roaming\Python\Python314\site-packages\torch\cuda\random.py", line 126, in cb
    default_generator.manual_seed(seed)
    ~~~~~~~~~~~~~~~~~~~~~~~~~~~~~^^^^^^
torch.AcceleratorError: CUDA error: out of memory
Search for `cudaErrorMemoryAllocation' in https://docs.nvidia.com/cuda/cuda-runtime-api/group__CUDART__TYPES.html for more information.
CUDA kernel errors might be asynchronously reported at some other API call, so the stacktrace below might be incorrect.
For debugging consider passing CUDA_LAUNCH_BLOCKING=1
Compile with `TORCH_USE_CUDA_DSA` to enable device-side assertions.

Traceback (most recent call last):
  File "E:\Aqib\Semester 4\AL_PINN\code_PSA_latest\run_psa_budget_sweep_v7.py", line 377, in run_sweep
    res = run_oneshot(method, budget, cfg, splits, lb, ub, seed, device)
  File "E:\Aqib\Semester 4\AL_PINN\code_PSA_latest\run_psa_budget_sweep_v7.py", line 247, in run_oneshot
    torch.manual_seed(seed); np.random.seed(seed)
    ~~~~~~~~~~~~~~~~~^^^^^^
  File "C:\Users\mohdaqib\AppData\Roaming\Python\Python314\site-packages\torch\_compile.py", line 54, in inner
    return disable_fn(*args, **kwargs)
  File "C:\Users\mohdaqib\AppData\Roaming\Python\Python314\site-packages\torch\_dynamo\eval_frame.py", line 1263, in _fn
    return fn(*args, **kwargs)
  File "C:\Users\mohdaqib\AppData\Roaming\Python\Python314\site-packages\torch\random.py", line 42, in manual_seed
    return _manual_seed_impl(seed)
  File "C:\Users\mohdaqib\AppData\Roaming\Python\Python314\site-packages\torch\random.py", line 50, in _manual_seed_impl
    torch.cuda.manual_seed_all(seed)
    ~~~~~~~~~~~~~~~~~~~~~~~~~~^^^^^^
  File "C:\Users\mohdaqib\AppData\Roaming\Python\Python314\site-packages\torch\cuda\random.py", line 128, in manual_seed_all
    _lazy_call(cb, seed_all=True)
    ~~~~~~~~~~^^^^^^^^^^^^^^^^^^^
  File "C:\Users\mohdaqib\AppData\Roaming\Python\Python314\site-packages\torch\cuda\__init__.py", line 409, in _lazy_call
    callable()
    ~~~~~~~~^^
  File "C:\Users\mohdaqib\AppData\Roaming\Python\Python314\site-packages\torch\cuda\random.py", line 126, in cb
    default_generator.manual_seed(seed)
    ~~~~~~~~~~~~~~~~~~~~~~~~~~~~~^^^^^^
torch.AcceleratorError: CUDA error: out of memory
Search for `cudaErrorMemoryAllocation' in https://docs.nvidia.com/cuda/cuda-runtime-api/group__CUDART__TYPES.html for more information.
CUDA kernel errors might be asynchronously reported at some other API call, so the stacktrace below might be incorrect.
For debugging consider passing CUDA_LAUNCH_BLOCKING=1
Compile with `TORCH_USE_CUDA_DSA` to enable device-side assertions.

Traceback (most recent call last):
  File "E:\Aqib\Semester 4\AL_PINN\code_PSA_latest\run_psa_budget_sweep_v7.py", line 379, in run_sweep
    res = run_sequential(method, budget, cfg, splits, lb, ub, seed, device)
  File "E:\Aqib\Semester 4\AL_PINN\code_PSA_latest\run_psa_budget_sweep_v7.py", line 169, in run_sequential
    torch.manual_seed(seed); np.random.seed(seed)
    ~~~~~~~~~~~~~~~~~^^^^^^
  File "C:\Users\mohdaqib\AppData\Roaming\Python\Python314\site-packages\torch\_compile.py", line 54, in inner
    return disable_fn(*args, **kwargs)
  File "C:\Users\mohdaqib\AppData\Roaming\Python\Python314\site-packages\torch\_dynamo\eval_frame.py", line 1263, in _fn
    return fn(*args, **kwargs)
  File "C:\Users\mohdaqib\AppData\Roaming\Python\Python314\site-packages\torch\random.py", line 42, in manual_seed
    return _manual_seed_impl(seed)
  File "C:\Users\mohdaqib\AppData\Roaming\Python\Python314\site-packages\torch\random.py", line 50, in _manual_seed_impl
    torch.cuda.manual_seed_all(seed)
    ~~~~~~~~~~~~~~~~~~~~~~~~~~^^^^^^
  File "C:\Users\mohdaqib\AppData\Roaming\Python\Python314\site-packages\torch\cuda\random.py", line 128, in manual_seed_all
    _lazy_call(cb, seed_all=True)
    ~~~~~~~~~~^^^^^^^^^^^^^^^^^^^
  File "C:\Users\mohdaqib\AppData\Roaming\Python\Python314\site-packages\torch\cuda\__init__.py", line 409, in _lazy_call
    callable()
    ~~~~~~~~^^
  File "C:\Users\mohdaqib\AppData\Roaming\Python\Python314\site-packages\torch\cuda\random.py", line 126, in cb
    default_generator.manual_seed(seed)
    ~~~~~~~~~~~~~~~~~~~~~~~~~~~~~^^^^^^
torch.AcceleratorError: CUDA error: out of memory
Search for `cudaErrorMemoryAllocation' in https://docs.nvidia.com/cuda/cuda-runtime-api/group__CUDART__TYPES.html for more information.
CUDA kernel errors might be asynchronously reported at some other API call, so the stacktrace below might be incorrect.
For debugging consider passing CUDA_LAUNCH_BLOCKING=1
Compile with `TORCH_USE_CUDA_DSA` to enable device-side assertions.

Traceback (most recent call last):
  File "E:\Aqib\Semester 4\AL_PINN\code_PSA_latest\run_psa_budget_sweep_v7.py", line 377, in run_sweep
    res = run_oneshot(method, budget, cfg, splits, lb, ub, seed, device)
  File "E:\Aqib\Semester 4\AL_PINN\code_PSA_latest\run_psa_budget_sweep_v7.py", line 247, in run_oneshot
    torch.manual_seed(seed); np.random.seed(seed)
    ~~~~~~~~~~~~~~~~~^^^^^^
  File "C:\Users\mohdaqib\AppData\Roaming\Python\Python314\site-packages\torch\_compile.py", line 54, in inner
    return disable_fn(*args, **kwargs)
  File "C:\Users\mohdaqib\AppData\Roaming\Python\Python314\site-packages\torch\_dynamo\eval_frame.py", line 1263, in _fn
    return fn(*args, **kwargs)
  File "C:\Users\mohdaqib\AppData\Roaming\Python\Python314\site-packages\torch\random.py", line 42, in manual_seed
    return _manual_seed_impl(seed)
  File "C:\Users\mohdaqib\AppData\Roaming\Python\Python314\site-packages\torch\random.py", line 50, in _manual_seed_impl
    torch.cuda.manual_seed_all(seed)
    ~~~~~~~~~~~~~~~~~~~~~~~~~~^^^^^^
  File "C:\Users\mohdaqib\AppData\Roaming\Python\Python314\site-packages\torch\cuda\random.py", line 128, in manual_seed_all
    _lazy_call(cb, seed_all=True)
    ~~~~~~~~~~^^^^^^^^^^^^^^^^^^^
  File "C:\Users\mohdaqib\AppData\Roaming\Python\Python314\site-packages\torch\cuda\__init__.py", line 409, in _lazy_call
    callable()
    ~~~~~~~~^^
  File "C:\Users\mohdaqib\AppData\Roaming\Python\Python314\site-packages\torch\cuda\random.py", line 126, in cb
    default_generator.manual_seed(seed)
    ~~~~~~~~~~~~~~~~~~~~~~~~~~~~~^^^^^^
torch.AcceleratorError: CUDA error: out of memory
Search for `cudaErrorMemoryAllocation' in https://docs.nvidia.com/cuda/cuda-runtime-api/group__CUDART__TYPES.html for more information.
CUDA kernel errors might be asynchronously reported at some other API call, so the stacktrace below might be incorrect.
For debugging consider passing CUDA_LAUNCH_BLOCKING=1
Compile with `TORCH_USE_CUDA_DSA` to enable device-side assertions.

Traceback (most recent call last):
  File "E:\Aqib\Semester 4\AL_PINN\code_PSA_latest\run_psa_budget_sweep_v7.py", line 379, in run_sweep
    res = run_sequential(method, budget, cfg, splits, lb, ub, seed, device)
  File "E:\Aqib\Semester 4\AL_PINN\code_PSA_latest\run_psa_budget_sweep_v7.py", line 169, in run_sequential
    torch.manual_seed(seed); np.random.seed(seed)
    ~~~~~~~~~~~~~~~~~^^^^^^
  File "C:\Users\mohdaqib\AppData\Roaming\Python\Python314\site-packages\torch\_compile.py", line 54, in inner
    return disable_fn(*args, **kwargs)
  File "C:\Users\mohdaqib\AppData\Roaming\Python\Python314\site-packages\torch\_dynamo\eval_frame.py", line 1263, in _fn
    return fn(*args, **kwargs)
  File "C:\Users\mohdaqib\AppData\Roaming\Python\Python314\site-packages\torch\random.py", line 42, in manual_seed
    return _manual_seed_impl(seed)
  File "C:\Users\mohdaqib\AppData\Roaming\Python\Python314\site-packages\torch\random.py", line 50, in _manual_seed_impl
    torch.cuda.manual_seed_all(seed)
    ~~~~~~~~~~~~~~~~~~~~~~~~~~^^^^^^
  File "C:\Users\mohdaqib\AppData\Roaming\Python\Python314\site-packages\torch\cuda\random.py", line 128, in manual_seed_all
    _lazy_call(cb, seed_all=True)
    ~~~~~~~~~~^^^^^^^^^^^^^^^^^^^
  File "C:\Users\mohdaqib\AppData\Roaming\Python\Python314\site-packages\torch\cuda\__init__.py", line 409, in _lazy_call
    callable()
    ~~~~~~~~^^
  File "C:\Users\mohdaqib\AppData\Roaming\Python\Python314\site-packages\torch\cuda\random.py", line 126, in cb
    default_generator.manual_seed(seed)
    ~~~~~~~~~~~~~~~~~~~~~~~~~~~~~^^^^^^
torch.AcceleratorError: CUDA error: out of memory
Search for `cudaErrorMemoryAllocation' in https://docs.nvidia.com/cuda/cuda-runtime-api/group__CUDART__TYPES.html for more information.
CUDA kernel errors might be asynchronously reported at some other API call, so the stacktrace below might be incorrect.
For debugging consider passing CUDA_LAUNCH_BLOCKING=1
Compile with `TORCH_USE_CUDA_DSA` to enable device-side assertions.

Traceback (most recent call last):
  File "E:\Aqib\Semester 4\AL_PINN\code_PSA_latest\run_psa_budget_sweep_v7.py", line 379, in run_sweep
    res = run_sequential(method, budget, cfg, splits, lb, ub, seed, device)
  File "E:\Aqib\Semester 4\AL_PINN\code_PSA_latest\run_psa_budget_sweep_v7.py", line 169, in run_sequential
    torch.manual_seed(seed); np.random.seed(seed)
    ~~~~~~~~~~~~~~~~~^^^^^^
  File "C:\Users\mohdaqib\AppData\Roaming\Python\Python314\site-packages\torch\_compile.py", line 54, in inner
    return disable_fn(*args, **kwargs)
  File "C:\Users\mohdaqib\AppData\Roaming\Python\Python314\site-packages\torch\_dynamo\eval_frame.py", line 1263, in _fn
    return fn(*args, **kwargs)
  File "C:\Users\mohdaqib\AppData\Roaming\Python\Python314\site-packages\torch\random.py", line 42, in manual_seed
    return _manual_seed_impl(seed)
  File "C:\Users\mohdaqib\AppData\Roaming\Python\Python314\site-packages\torch\random.py", line 50, in _manual_seed_impl
    torch.cuda.manual_seed_all(seed)
    ~~~~~~~~~~~~~~~~~~~~~~~~~~^^^^^^
  File "C:\Users\mohdaqib\AppData\Roaming\Python\Python314\site-packages\torch\cuda\random.py", line 128, in manual_seed_all
    _lazy_call(cb, seed_all=True)
    ~~~~~~~~~~^^^^^^^^^^^^^^^^^^^
  File "C:\Users\mohdaqib\AppData\Roaming\Python\Python314\site-packages\torch\cuda\__init__.py", line 409, in _lazy_call
    callable()
    ~~~~~~~~^^
  File "C:\Users\mohdaqib\AppData\Roaming\Python\Python314\site-packages\torch\cuda\random.py", line 126, in cb
    default_generator.manual_seed(seed)
    ~~~~~~~~~~~~~~~~~~~~~~~~~~~~~^^^^^^
torch.AcceleratorError: CUDA error: out of memory
Search for `cudaErrorMemoryAllocation' in https://docs.nvidia.com/cuda/cuda-runtime-api/group__CUDART__TYPES.html for more information.
CUDA kernel errors might be asynchronously reported at some other API call, so the stacktrace below might be incorrect.
For debugging consider passing CUDA_LAUNCH_BLOCKING=1
Compile with `TORCH_USE_CUDA_DSA` to enable device-side assertions.

Traceback (most recent call last):
  File "E:\Aqib\Semester 4\AL_PINN\code_PSA_latest\run_psa_budget_sweep_v7.py", line 379, in run_sweep
    res = run_sequential(method, budget, cfg, splits, lb, ub, seed, device)
  File "E:\Aqib\Semester 4\AL_PINN\code_PSA_latest\run_psa_budget_sweep_v7.py", line 169, in run_sequential
    torch.manual_seed(seed); np.random.seed(seed)
    ~~~~~~~~~~~~~~~~~^^^^^^
  File "C:\Users\mohdaqib\AppData\Roaming\Python\Python314\site-packages\torch\_compile.py", line 54, in inner
    return disable_fn(*args, **kwargs)
  File "C:\Users\mohdaqib\AppData\Roaming\Python\Python314\site-packages\torch\_dynamo\eval_frame.py", line 1263, in _fn
    return fn(*args, **kwargs)
  File "C:\Users\mohdaqib\AppData\Roaming\Python\Python314\site-packages\torch\random.py", line 42, in manual_seed
    return _manual_seed_impl(seed)
  File "C:\Users\mohdaqib\AppData\Roaming\Python\Python314\site-packages\torch\random.py", line 50, in _manual_seed_impl
    torch.cuda.manual_seed_all(seed)
    ~~~~~~~~~~~~~~~~~~~~~~~~~~^^^^^^
  File "C:\Users\mohdaqib\AppData\Roaming\Python\Python314\site-packages\torch\cuda\random.py", line 128, in manual_seed_all
    _lazy_call(cb, seed_all=True)
    ~~~~~~~~~~^^^^^^^^^^^^^^^^^^^
  File "C:\Users\mohdaqib\AppData\Roaming\Python\Python314\site-packages\torch\cuda\__init__.py", line 409, in _lazy_call
    callable()
    ~~~~~~~~^^
  File "C:\Users\mohdaqib\AppData\Roaming\Python\Python314\site-packages\torch\cuda\random.py", line 126, in cb
    default_generator.manual_seed(seed)
    ~~~~~~~~~~~~~~~~~~~~~~~~~~~~~^^^^^^
torch.AcceleratorError: CUDA error: out of memory
Search for `cudaErrorMemoryAllocation' in https://docs.nvidia.com/cuda/cuda-runtime-api/group__CUDART__TYPES.html for more information.
CUDA kernel errors might be asynchronously reported at some other API call, so the stacktrace below might be incorrect.
For debugging consider passing CUDA_LAUNCH_BLOCKING=1
Compile with `TORCH_USE_CUDA_DSA` to enable device-side assertions.

Traceback (most recent call last):
  File "E:\Aqib\Semester 4\AL_PINN\code_PSA_latest\run_psa_budget_sweep_v7.py", line 377, in run_sweep
    res = run_oneshot(method, budget, cfg, splits, lb, ub, seed, device)
  File "E:\Aqib\Semester 4\AL_PINN\code_PSA_latest\run_psa_budget_sweep_v7.py", line 247, in run_oneshot
    torch.manual_seed(seed); np.random.seed(seed)
    ~~~~~~~~~~~~~~~~~^^^^^^
  File "C:\Users\mohdaqib\AppData\Roaming\Python\Python314\site-packages\torch\_compile.py", line 54, in inner
    return disable_fn(*args, **kwargs)
  File "C:\Users\mohdaqib\AppData\Roaming\Python\Python314\site-packages\torch\_dynamo\eval_frame.py", line 1263, in _fn
    return fn(*args, **kwargs)
  File "C:\Users\mohdaqib\AppData\Roaming\Python\Python314\site-packages\torch\random.py", line 42, in manual_seed
    return _manual_seed_impl(seed)
  File "C:\Users\mohdaqib\AppData\Roaming\Python\Python314\site-packages\torch\random.py", line 50, in _manual_seed_impl
    torch.cuda.manual_seed_all(seed)
    ~~~~~~~~~~~~~~~~~~~~~~~~~~^^^^^^
  File "C:\Users\mohdaqib\AppData\Roaming\Python\Python314\site-packages\torch\cuda\random.py", line 128, in manual_seed_all
    _lazy_call(cb, seed_all=True)
    ~~~~~~~~~~^^^^^^^^^^^^^^^^^^^
  File "C:\Users\mohdaqib\AppData\Roaming\Python\Python314\site-packages\torch\cuda\__init__.py", line 409, in _lazy_call
    callable()
    ~~~~~~~~^^
  File "C:\Users\mohdaqib\AppData\Roaming\Python\Python314\site-packages\torch\cuda\random.py", line 126, in cb
    default_generator.manual_seed(seed)
    ~~~~~~~~~~~~~~~~~~~~~~~~~~~~~^^^^^^
torch.AcceleratorError: CUDA error: out of memory
Search for `cudaErrorMemoryAllocation' in https://docs.nvidia.com/cuda/cuda-runtime-api/group__CUDART__TYPES.html for more information.
CUDA kernel errors might be asynchronously reported at some other API call, so the stacktrace below might be incorrect.
For debugging consider passing CUDA_LAUNCH_BLOCKING=1
Compile with `TORCH_USE_CUDA_DSA` to enable device-side assertions.

Traceback (most recent call last):
  File "E:\Aqib\Semester 4\AL_PINN\code_PSA_latest\run_psa_budget_sweep_v7.py", line 379, in run_sweep
    res = run_sequential(method, budget, cfg, splits, lb, ub, seed, device)
  File "E:\Aqib\Semester 4\AL_PINN\code_PSA_latest\run_psa_budget_sweep_v7.py", line 169, in run_sequential
    torch.manual_seed(seed); np.random.seed(seed)
    ~~~~~~~~~~~~~~~~~^^^^^^
  File "C:\Users\mohdaqib\AppData\Roaming\Python\Python314\site-packages\torch\_compile.py", line 54, in inner
    return disable_fn(*args, **kwargs)
  File "C:\Users\mohdaqib\AppData\Roaming\Python\Python314\site-packages\torch\_dynamo\eval_frame.py", line 1263, in _fn
    return fn(*args, **kwargs)
  File "C:\Users\mohdaqib\AppData\Roaming\Python\Python314\site-packages\torch\random.py", line 42, in manual_seed
    return _manual_seed_impl(seed)
  File "C:\Users\mohdaqib\AppData\Roaming\Python\Python314\site-packages\torch\random.py", line 50, in _manual_seed_impl
    torch.cuda.manual_seed_all(seed)
    ~~~~~~~~~~~~~~~~~~~~~~~~~~^^^^^^
  File "C:\Users\mohdaqib\AppData\Roaming\Python\Python314\site-packages\torch\cuda\random.py", line 128, in manual_seed_all
    _lazy_call(cb, seed_all=True)
    ~~~~~~~~~~^^^^^^^^^^^^^^^^^^^
  File "C:\Users\mohdaqib\AppData\Roaming\Python\Python314\site-packages\torch\cuda\__init__.py", line 409, in _lazy_call
    callable()
    ~~~~~~~~^^
  File "C:\Users\mohdaqib\AppData\Roaming\Python\Python314\site-packages\torch\cuda\random.py", line 126, in cb
    default_generator.manual_seed(seed)
    ~~~~~~~~~~~~~~~~~~~~~~~~~~~~~^^^^^^
torch.AcceleratorError: CUDA error: out of memory
Search for `cudaErrorMemoryAllocation' in https://docs.nvidia.com/cuda/cuda-runtime-api/group__CUDART__TYPES.html for more information.
CUDA kernel errors might be asynchronously reported at some other API call, so the stacktrace below might be incorrect.
For debugging consider passing CUDA_LAUNCH_BLOCKING=1
Compile with `TORCH_USE_CUDA_DSA` to enable device-side assertions.

Traceback (most recent call last):
  File "E:\Aqib\Semester 4\AL_PINN\code_PSA_latest\run_psa_budget_sweep_v7.py", line 377, in run_sweep
    res = run_oneshot(method, budget, cfg, splits, lb, ub, seed, device)
  File "E:\Aqib\Semester 4\AL_PINN\code_PSA_latest\run_psa_budget_sweep_v7.py", line 247, in run_oneshot
    torch.manual_seed(seed); np.random.seed(seed)
    ~~~~~~~~~~~~~~~~~^^^^^^
  File "C:\Users\mohdaqib\AppData\Roaming\Python\Python314\site-packages\torch\_compile.py", line 54, in inner
    return disable_fn(*args, **kwargs)
  File "C:\Users\mohdaqib\AppData\Roaming\Python\Python314\site-packages\torch\_dynamo\eval_frame.py", line 1263, in _fn
    return fn(*args, **kwargs)
  File "C:\Users\mohdaqib\AppData\Roaming\Python\Python314\site-packages\torch\random.py", line 42, in manual_seed
    return _manual_seed_impl(seed)
  File "C:\Users\mohdaqib\AppData\Roaming\Python\Python314\site-packages\torch\random.py", line 50, in _manual_seed_impl
    torch.cuda.manual_seed_all(seed)
    ~~~~~~~~~~~~~~~~~~~~~~~~~~^^^^^^
  File "C:\Users\mohdaqib\AppData\Roaming\Python\Python314\site-packages\torch\cuda\random.py", line 128, in manual_seed_all
    _lazy_call(cb, seed_all=True)
    ~~~~~~~~~~^^^^^^^^^^^^^^^^^^^
  File "C:\Users\mohdaqib\AppData\Roaming\Python\Python314\site-packages\torch\cuda\__init__.py", line 409, in _lazy_call
    callable()
    ~~~~~~~~^^
  File "C:\Users\mohdaqib\AppData\Roaming\Python\Python314\site-packages\torch\cuda\random.py", line 126, in cb
    default_generator.manual_seed(seed)
    ~~~~~~~~~~~~~~~~~~~~~~~~~~~~~^^^^^^
torch.AcceleratorError: CUDA error: out of memory
Search for `cudaErrorMemoryAllocation' in https://docs.nvidia.com/cuda/cuda-runtime-api/group__CUDART__TYPES.html for more information.
CUDA kernel errors might be asynchronously reported at some other API call, so the stacktrace below might be incorrect.
For debugging consider passing CUDA_LAUNCH_BLOCKING=1
Compile with `TORCH_USE_CUDA_DSA` to enable device-side assertions.

Traceback (most recent call last):
  File "E:\Aqib\Semester 4\AL_PINN\code_PSA_latest\run_psa_budget_sweep_v7.py", line 379, in run_sweep
    res = run_sequential(method, budget, cfg, splits, lb, ub, seed, device)
  File "E:\Aqib\Semester 4\AL_PINN\code_PSA_latest\run_psa_budget_sweep_v7.py", line 169, in run_sequential
    torch.manual_seed(seed); np.random.seed(seed)
    ~~~~~~~~~~~~~~~~~^^^^^^
  File "C:\Users\mohdaqib\AppData\Roaming\Python\Python314\site-packages\torch\_compile.py", line 54, in inner
    return disable_fn(*args, **kwargs)
  File "C:\Users\mohdaqib\AppData\Roaming\Python\Python314\site-packages\torch\_dynamo\eval_frame.py", line 1263, in _fn
    return fn(*args, **kwargs)
  File "C:\Users\mohdaqib\AppData\Roaming\Python\Python314\site-packages\torch\random.py", line 42, in manual_seed
    return _manual_seed_impl(seed)
  File "C:\Users\mohdaqib\AppData\Roaming\Python\Python314\site-packages\torch\random.py", line 50, in _manual_seed_impl
    torch.cuda.manual_seed_all(seed)
    ~~~~~~~~~~~~~~~~~~~~~~~~~~^^^^^^
  File "C:\Users\mohdaqib\AppData\Roaming\Python\Python314\site-packages\torch\cuda\random.py", line 128, in manual_seed_all
    _lazy_call(cb, seed_all=True)
    ~~~~~~~~~~^^^^^^^^^^^^^^^^^^^
  File "C:\Users\mohdaqib\AppData\Roaming\Python\Python314\site-packages\torch\cuda\__init__.py", line 409, in _lazy_call
    callable()
    ~~~~~~~~^^
  File "C:\Users\mohdaqib\AppData\Roaming\Python\Python314\site-packages\torch\cuda\random.py", line 126, in cb
    default_generator.manual_seed(seed)
    ~~~~~~~~~~~~~~~~~~~~~~~~~~~~~^^^^^^
torch.AcceleratorError: CUDA error: out of memory
Search for `cudaErrorMemoryAllocation' in https://docs.nvidia.com/cuda/cuda-runtime-api/group__CUDART__TYPES.html for more information.
CUDA kernel errors might be asynchronously reported at some other API call, so the stacktrace below might be incorrect.
For debugging consider passing CUDA_LAUNCH_BLOCKING=1
Compile with `TORCH_USE_CUDA_DSA` to enable device-side assertions.

Traceback (most recent call last):
  File "E:\Aqib\Semester 4\AL_PINN\code_PSA_latest\run_psa_budget_sweep_v7.py", line 379, in run_sweep
    res = run_sequential(method, budget, cfg, splits, lb, ub, seed, device)
  File "E:\Aqib\Semester 4\AL_PINN\code_PSA_latest\run_psa_budget_sweep_v7.py", line 169, in run_sequential
    torch.manual_seed(seed); np.random.seed(seed)
    ~~~~~~~~~~~~~~~~~^^^^^^
  File "C:\Users\mohdaqib\AppData\Roaming\Python\Python314\site-packages\torch\_compile.py", line 54, in inner
    return disable_fn(*args, **kwargs)
  File "C:\Users\mohdaqib\AppData\Roaming\Python\Python314\site-packages\torch\_dynamo\eval_frame.py", line 1263, in _fn
    return fn(*args, **kwargs)
  File "C:\Users\mohdaqib\AppData\Roaming\Python\Python314\site-packages\torch\random.py", line 42, in manual_seed
    return _manual_seed_impl(seed)
  File "C:\Users\mohdaqib\AppData\Roaming\Python\Python314\site-packages\torch\random.py", line 50, in _manual_seed_impl
    torch.cuda.manual_seed_all(seed)
    ~~~~~~~~~~~~~~~~~~~~~~~~~~^^^^^^
  File "C:\Users\mohdaqib\AppData\Roaming\Python\Python314\site-packages\torch\cuda\random.py", line 128, in manual_seed_all
    _lazy_call(cb, seed_all=True)
    ~~~~~~~~~~^^^^^^^^^^^^^^^^^^^
  File "C:\Users\mohdaqib\AppData\Roaming\Python\Python314\site-packages\torch\cuda\__init__.py", line 409, in _lazy_call
    callable()
    ~~~~~~~~^^
  File "C:\Users\mohdaqib\AppData\Roaming\Python\Python314\site-packages\torch\cuda\random.py", line 126, in cb
    default_generator.manual_seed(seed)
    ~~~~~~~~~~~~~~~~~~~~~~~~~~~~~^^^^^^
torch.AcceleratorError: CUDA error: out of memory
Search for `cudaErrorMemoryAllocation' in https://docs.nvidia.com/cuda/cuda-runtime-api/group__CUDART__TYPES.html for more information.
CUDA kernel errors might be asynchronously reported at some other API call, so the stacktrace below might be incorrect.
For debugging consider passing CUDA_LAUNCH_BLOCKING=1
Compile with `TORCH_USE_CUDA_DSA` to enable device-side assertions.

Traceback (most recent call last):
  File "E:\Aqib\Semester 4\AL_PINN\code_PSA_latest\run_psa_budget_sweep_v7.py", line 379, in run_sweep
    res = run_sequential(method, budget, cfg, splits, lb, ub, seed, device)
  File "E:\Aqib\Semester 4\AL_PINN\code_PSA_latest\run_psa_budget_sweep_v7.py", line 169, in run_sequential
    torch.manual_seed(seed); np.random.seed(seed)
    ~~~~~~~~~~~~~~~~~^^^^^^
  File "C:\Users\mohdaqib\AppData\Roaming\Python\Python314\site-packages\torch\_compile.py", line 54, in inner
    return disable_fn(*args, **kwargs)
  File "C:\Users\mohdaqib\AppData\Roaming\Python\Python314\site-packages\torch\_dynamo\eval_frame.py", line 1263, in _fn
    return fn(*args, **kwargs)
  File "C:\Users\mohdaqib\AppData\Roaming\Python\Python314\site-packages\torch\random.py", line 42, in manual_seed
    return _manual_seed_impl(seed)
  File "C:\Users\mohdaqib\AppData\Roaming\Python\Python314\site-packages\torch\random.py", line 50, in _manual_seed_impl
    torch.cuda.manual_seed_all(seed)
    ~~~~~~~~~~~~~~~~~~~~~~~~~~^^^^^^
  File "C:\Users\mohdaqib\AppData\Roaming\Python\Python314\site-packages\torch\cuda\random.py", line 128, in manual_seed_all
    _lazy_call(cb, seed_all=True)
    ~~~~~~~~~~^^^^^^^^^^^^^^^^^^^
  File "C:\Users\mohdaqib\AppData\Roaming\Python\Python314\site-packages\torch\cuda\__init__.py", line 409, in _lazy_call
    callable()
    ~~~~~~~~^^
  File "C:\Users\mohdaqib\AppData\Roaming\Python\Python314\site-packages\torch\cuda\random.py", line 126, in cb
    default_generator.manual_seed(seed)
    ~~~~~~~~~~~~~~~~~~~~~~~~~~~~~^^^^^^
torch.AcceleratorError: CUDA error: out of memory
Search for `cudaErrorMemoryAllocation' in https://docs.nvidia.com/cuda/cuda-runtime-api/group__CUDART__TYPES.html for more information.
CUDA kernel errors might be asynchronously reported at some other API call, so the stacktrace below might be incorrect.
For debugging consider passing CUDA_LAUNCH_BLOCKING=1
Compile with `TORCH_USE_CUDA_DSA` to enable device-side assertions.

Traceback (most recent call last):
  File "E:\Aqib\Semester 4\AL_PINN\code_PSA_latest\run_psa_budget_sweep_v7.py", line 377, in run_sweep
    res = run_oneshot(method, budget, cfg, splits, lb, ub, seed, device)
  File "E:\Aqib\Semester 4\AL_PINN\code_PSA_latest\run_psa_budget_sweep_v7.py", line 247, in run_oneshot
    torch.manual_seed(seed); np.random.seed(seed)
    ~~~~~~~~~~~~~~~~~^^^^^^
  File "C:\Users\mohdaqib\AppData\Roaming\Python\Python314\site-packages\torch\_compile.py", line 54, in inner
    return disable_fn(*args, **kwargs)
  File "C:\Users\mohdaqib\AppData\Roaming\Python\Python314\site-packages\torch\_dynamo\eval_frame.py", line 1263, in _fn
    return fn(*args, **kwargs)
  File "C:\Users\mohdaqib\AppData\Roaming\Python\Python314\site-packages\torch\random.py", line 42, in manual_seed
    return _manual_seed_impl(seed)
  File "C:\Users\mohdaqib\AppData\Roaming\Python\Python314\site-packages\torch\random.py", line 50, in _manual_seed_impl
    torch.cuda.manual_seed_all(seed)
    ~~~~~~~~~~~~~~~~~~~~~~~~~~^^^^^^
  File "C:\Users\mohdaqib\AppData\Roaming\Python\Python314\site-packages\torch\cuda\random.py", line 128, in manual_seed_all
    _lazy_call(cb, seed_all=True)
    ~~~~~~~~~~^^^^^^^^^^^^^^^^^^^
  File "C:\Users\mohdaqib\AppData\Roaming\Python\Python314\site-packages\torch\cuda\__init__.py", line 409, in _lazy_call
    callable()
    ~~~~~~~~^^
  File "C:\Users\mohdaqib\AppData\Roaming\Python\Python314\site-packages\torch\cuda\random.py", line 126, in cb
    default_generator.manual_seed(seed)
    ~~~~~~~~~~~~~~~~~~~~~~~~~~~~~^^^^^^
torch.AcceleratorError: CUDA error: out of memory
Search for `cudaErrorMemoryAllocation' in https://docs.nvidia.com/cuda/cuda-runtime-api/group__CUDART__TYPES.html for more information.
CUDA kernel errors might be asynchronously reported at some other API call, so the stacktrace below might be incorrect.
For debugging consider passing CUDA_LAUNCH_BLOCKING=1
Compile with `TORCH_USE_CUDA_DSA` to enable device-side assertions.

Traceback (most recent call last):
  File "E:\Aqib\Semester 4\AL_PINN\code_PSA_latest\run_psa_budget_sweep_v7.py", line 379, in run_sweep
    res = run_sequential(method, budget, cfg, splits, lb, ub, seed, device)
  File "E:\Aqib\Semester 4\AL_PINN\code_PSA_latest\run_psa_budget_sweep_v7.py", line 169, in run_sequential
    torch.manual_seed(seed); np.random.seed(seed)
    ~~~~~~~~~~~~~~~~~^^^^^^
  File "C:\Users\mohdaqib\AppData\Roaming\Python\Python314\site-packages\torch\_compile.py", line 54, in inner
    return disable_fn(*args, **kwargs)
  File "C:\Users\mohdaqib\AppData\Roaming\Python\Python314\site-packages\torch\_dynamo\eval_frame.py", line 1263, in _fn
    return fn(*args, **kwargs)
  File "C:\Users\mohdaqib\AppData\Roaming\Python\Python314\site-packages\torch\random.py", line 42, in manual_seed
    return _manual_seed_impl(seed)
  File "C:\Users\mohdaqib\AppData\Roaming\Python\Python314\site-packages\torch\random.py", line 50, in _manual_seed_impl
    torch.cuda.manual_seed_all(seed)
    ~~~~~~~~~~~~~~~~~~~~~~~~~~^^^^^^
  File "C:\Users\mohdaqib\AppData\Roaming\Python\Python314\site-packages\torch\cuda\random.py", line 128, in manual_seed_all
    _lazy_call(cb, seed_all=True)
    ~~~~~~~~~~^^^^^^^^^^^^^^^^^^^
  File "C:\Users\mohdaqib\AppData\Roaming\Python\Python314\site-packages\torch\cuda\__init__.py", line 409, in _lazy_call
    callable()
    ~~~~~~~~^^
  File "C:\Users\mohdaqib\AppData\Roaming\Python\Python314\site-packages\torch\cuda\random.py", line 126, in cb
    default_generator.manual_seed(seed)
    ~~~~~~~~~~~~~~~~~~~~~~~~~~~~~^^^^^^
torch.AcceleratorError: CUDA error: out of memory
Search for `cudaErrorMemoryAllocation' in https://docs.nvidia.com/cuda/cuda-runtime-api/group__CUDART__TYPES.html for more information.
CUDA kernel errors might be asynchronously reported at some other API call, so the stacktrace below might be incorrect.
For debugging consider passing CUDA_LAUNCH_BLOCKING=1
Compile with `TORCH_USE_CUDA_DSA` to enable device-side assertions.

Traceback (most recent call last):
  File "E:\Aqib\Semester 4\AL_PINN\code_PSA_latest\run_psa_budget_sweep_v7.py", line 377, in run_sweep
    res = run_oneshot(method, budget, cfg, splits, lb, ub, seed, device)
  File "E:\Aqib\Semester 4\AL_PINN\code_PSA_latest\run_psa_budget_sweep_v7.py", line 247, in run_oneshot
    torch.manual_seed(seed); np.random.seed(seed)
    ~~~~~~~~~~~~~~~~~^^^^^^
  File "C:\Users\mohdaqib\AppData\Roaming\Python\Python314\site-packages\torch\_compile.py", line 54, in inner
    return disable_fn(*args, **kwargs)
  File "C:\Users\mohdaqib\AppData\Roaming\Python\Python314\site-packages\torch\_dynamo\eval_frame.py", line 1263, in _fn
    return fn(*args, **kwargs)
  File "C:\Users\mohdaqib\AppData\Roaming\Python\Python314\site-packages\torch\random.py", line 42, in manual_seed
    return _manual_seed_impl(seed)
  File "C:\Users\mohdaqib\AppData\Roaming\Python\Python314\site-packages\torch\random.py", line 50, in _manual_seed_impl
    torch.cuda.manual_seed_all(seed)
    ~~~~~~~~~~~~~~~~~~~~~~~~~~^^^^^^
  File "C:\Users\mohdaqib\AppData\Roaming\Python\Python314\site-packages\torch\cuda\random.py", line 128, in manual_seed_all
    _lazy_call(cb, seed_all=True)
    ~~~~~~~~~~^^^^^^^^^^^^^^^^^^^
  File "C:\Users\mohdaqib\AppData\Roaming\Python\Python314\site-packages\torch\cuda\__init__.py", line 409, in _lazy_call
    callable()
    ~~~~~~~~^^
  File "C:\Users\mohdaqib\AppData\Roaming\Python\Python314\site-packages\torch\cuda\random.py", line 126, in cb
    default_generator.manual_seed(seed)
    ~~~~~~~~~~~~~~~~~~~~~~~~~~~~~^^^^^^
torch.AcceleratorError: CUDA error: out of memory
Search for `cudaErrorMemoryAllocation' in https://docs.nvidia.com/cuda/cuda-runtime-api/group__CUDART__TYPES.html for more information.
CUDA kernel errors might be asynchronously reported at some other API call, so the stacktrace below might be incorrect.
For debugging consider passing CUDA_LAUNCH_BLOCKING=1
Compile with `TORCH_USE_CUDA_DSA` to enable device-side assertions.

Traceback (most recent call last):
  File "E:\Aqib\Semester 4\AL_PINN\code_PSA_latest\run_psa_budget_sweep_v7.py", line 379, in run_sweep
    res = run_sequential(method, budget, cfg, splits, lb, ub, seed, device)
  File "E:\Aqib\Semester 4\AL_PINN\code_PSA_latest\run_psa_budget_sweep_v7.py", line 169, in run_sequential
    torch.manual_seed(seed); np.random.seed(seed)
    ~~~~~~~~~~~~~~~~~^^^^^^
  File "C:\Users\mohdaqib\AppData\Roaming\Python\Python314\site-packages\torch\_compile.py", line 54, in inner
    return disable_fn(*args, **kwargs)
  File "C:\Users\mohdaqib\AppData\Roaming\Python\Python314\site-packages\torch\_dynamo\eval_frame.py", line 1263, in _fn
    return fn(*args, **kwargs)
  File "C:\Users\mohdaqib\AppData\Roaming\Python\Python314\site-packages\torch\random.py", line 42, in manual_seed
    return _manual_seed_impl(seed)
  File "C:\Users\mohdaqib\AppData\Roaming\Python\Python314\site-packages\torch\random.py", line 50, in _manual_seed_impl
    torch.cuda.manual_seed_all(seed)
    ~~~~~~~~~~~~~~~~~~~~~~~~~~^^^^^^
  File "C:\Users\mohdaqib\AppData\Roaming\Python\Python314\site-packages\torch\cuda\random.py", line 128, in manual_seed_all
    _lazy_call(cb, seed_all=True)
    ~~~~~~~~~~^^^^^^^^^^^^^^^^^^^
  File "C:\Users\mohdaqib\AppData\Roaming\Python\Python314\site-packages\torch\cuda\__init__.py", line 409, in _lazy_call
    callable()
    ~~~~~~~~^^
  File "C:\Users\mohdaqib\AppData\Roaming\Python\Python314\site-packages\torch\cuda\random.py", line 126, in cb
    default_generator.manual_seed(seed)
    ~~~~~~~~~~~~~~~~~~~~~~~~~~~~~^^^^^^
torch.AcceleratorError: CUDA error: out of memory
Search for `cudaErrorMemoryAllocation' in https://docs.nvidia.com/cuda/cuda-runtime-api/group__CUDART__TYPES.html for more information.
CUDA kernel errors might be asynchronously reported at some other API call, so the stacktrace below might be incorrect.
For debugging consider passing CUDA_LAUNCH_BLOCKING=1
Compile with `TORCH_USE_CUDA_DSA` to enable device-side assertions.

Traceback (most recent call last):
  File "E:\Aqib\Semester 4\AL_PINN\code_PSA_latest\run_psa_budget_sweep_v7.py", line 379, in run_sweep
    res = run_sequential(method, budget, cfg, splits, lb, ub, seed, device)
  File "E:\Aqib\Semester 4\AL_PINN\code_PSA_latest\run_psa_budget_sweep_v7.py", line 169, in run_sequential
    torch.manual_seed(seed); np.random.seed(seed)
    ~~~~~~~~~~~~~~~~~^^^^^^
  File "C:\Users\mohdaqib\AppData\Roaming\Python\Python314\site-packages\torch\_compile.py", line 54, in inner
    return disable_fn(*args, **kwargs)
  File "C:\Users\mohdaqib\AppData\Roaming\Python\Python314\site-packages\torch\_dynamo\eval_frame.py", line 1263, in _fn
    return fn(*args, **kwargs)
  File "C:\Users\mohdaqib\AppData\Roaming\Python\Python314\site-packages\torch\random.py", line 42, in manual_seed
    return _manual_seed_impl(seed)
  File "C:\Users\mohdaqib\AppData\Roaming\Python\Python314\site-packages\torch\random.py", line 50, in _manual_seed_impl
    torch.cuda.manual_seed_all(seed)
    ~~~~~~~~~~~~~~~~~~~~~~~~~~^^^^^^
  File "C:\Users\mohdaqib\AppData\Roaming\Python\Python314\site-packages\torch\cuda\random.py", line 128, in manual_seed_all
    _lazy_call(cb, seed_all=True)
    ~~~~~~~~~~^^^^^^^^^^^^^^^^^^^
  File "C:\Users\mohdaqib\AppData\Roaming\Python\Python314\site-packages\torch\cuda\__init__.py", line 409, in _lazy_call
    callable()
    ~~~~~~~~^^
  File "C:\Users\mohdaqib\AppData\Roaming\Python\Python314\site-packages\torch\cuda\random.py", line 126, in cb
    default_generator.manual_seed(seed)
    ~~~~~~~~~~~~~~~~~~~~~~~~~~~~~^^^^^^
torch.AcceleratorError: CUDA error: out of memory
Search for `cudaErrorMemoryAllocation' in https://docs.nvidia.com/cuda/cuda-runtime-api/group__CUDART__TYPES.html for more information.
CUDA kernel errors might be asynchronously reported at some other API call, so the stacktrace below might be incorrect.
For debugging consider passing CUDA_LAUNCH_BLOCKING=1
Compile with `TORCH_USE_CUDA_DSA` to enable device-side assertions.

Traceback (most recent call last):
  File "E:\Aqib\Semester 4\AL_PINN\code_PSA_latest\run_psa_budget_sweep_v7.py", line 379, in run_sweep
    res = run_sequential(method, budget, cfg, splits, lb, ub, seed, device)
  File "E:\Aqib\Semester 4\AL_PINN\code_PSA_latest\run_psa_budget_sweep_v7.py", line 169, in run_sequential
    torch.manual_seed(seed); np.random.seed(seed)
    ~~~~~~~~~~~~~~~~~^^^^^^
  File "C:\Users\mohdaqib\AppData\Roaming\Python\Python314\site-packages\torch\_compile.py", line 54, in inner
    return disable_fn(*args, **kwargs)
  File "C:\Users\mohdaqib\AppData\Roaming\Python\Python314\site-packages\torch\_dynamo\eval_frame.py", line 1263, in _fn
    return fn(*args, **kwargs)
  File "C:\Users\mohdaqib\AppData\Roaming\Python\Python314\site-packages\torch\random.py", line 42, in manual_seed
    return _manual_seed_impl(seed)
  File "C:\Users\mohdaqib\AppData\Roaming\Python\Python314\site-packages\torch\random.py", line 50, in _manual_seed_impl
    torch.cuda.manual_seed_all(seed)
    ~~~~~~~~~~~~~~~~~~~~~~~~~~^^^^^^
  File "C:\Users\mohdaqib\AppData\Roaming\Python\Python314\site-packages\torch\cuda\random.py", line 128, in manual_seed_all
    _lazy_call(cb, seed_all=True)
    ~~~~~~~~~~^^^^^^^^^^^^^^^^^^^
  File "C:\Users\mohdaqib\AppData\Roaming\Python\Python314\site-packages\torch\cuda\__init__.py", line 409, in _lazy_call
    callable()
    ~~~~~~~~^^
  File "C:\Users\mohdaqib\AppData\Roaming\Python\Python314\site-packages\torch\cuda\random.py", line 126, in cb
    default_generator.manual_seed(seed)
    ~~~~~~~~~~~~~~~~~~~~~~~~~~~~~^^^^^^
torch.AcceleratorError: CUDA error: out of memory
Search for `cudaErrorMemoryAllocation' in https://docs.nvidia.com/cuda/cuda-runtime-api/group__CUDART__TYPES.html for more information.
CUDA kernel errors might be asynchronously reported at some other API call, so the stacktrace below might be incorrect.
For debugging consider passing CUDA_LAUNCH_BLOCKING=1
Compile with `TORCH_USE_CUDA_DSA` to enable device-side assertions.

Traceback (most recent call last):
  File "E:\Aqib\Semester 4\AL_PINN\code_PSA_latest\run_psa_budget_sweep_v7.py", line 377, in run_sweep
    res = run_oneshot(method, budget, cfg, splits, lb, ub, seed, device)
  File "E:\Aqib\Semester 4\AL_PINN\code_PSA_latest\run_psa_budget_sweep_v7.py", line 247, in run_oneshot
    torch.manual_seed(seed); np.random.seed(seed)
    ~~~~~~~~~~~~~~~~~^^^^^^
  File "C:\Users\mohdaqib\AppData\Roaming\Python\Python314\site-packages\torch\_compile.py", line 54, in inner
    return disable_fn(*args, **kwargs)
  File "C:\Users\mohdaqib\AppData\Roaming\Python\Python314\site-packages\torch\_dynamo\eval_frame.py", line 1263, in _fn
    return fn(*args, **kwargs)
  File "C:\Users\mohdaqib\AppData\Roaming\Python\Python314\site-packages\torch\random.py", line 42, in manual_seed
    return _manual_seed_impl(seed)
  File "C:\Users\mohdaqib\AppData\Roaming\Python\Python314\site-packages\torch\random.py", line 50, in _manual_seed_impl
    torch.cuda.manual_seed_all(seed)
    ~~~~~~~~~~~~~~~~~~~~~~~~~~^^^^^^
  File "C:\Users\mohdaqib\AppData\Roaming\Python\Python314\site-packages\torch\cuda\random.py", line 128, in manual_seed_all
    _lazy_call(cb, seed_all=True)
    ~~~~~~~~~~^^^^^^^^^^^^^^^^^^^
  File "C:\Users\mohdaqib\AppData\Roaming\Python\Python314\site-packages\torch\cuda\__init__.py", line 409, in _lazy_call
    callable()
    ~~~~~~~~^^
  File "C:\Users\mohdaqib\AppData\Roaming\Python\Python314\site-packages\torch\cuda\random.py", line 126, in cb
    default_generator.manual_seed(seed)
    ~~~~~~~~~~~~~~~~~~~~~~~~~~~~~^^^^^^
torch.AcceleratorError: CUDA error: out of memory
Search for `cudaErrorMemoryAllocation' in https://docs.nvidia.com/cuda/cuda-runtime-api/group__CUDART__TYPES.html for more information.
CUDA kernel errors might be asynchronously reported at some other API call, so the stacktrace below might be incorrect.
For debugging consider passing CUDA_LAUNCH_BLOCKING=1
Compile with `TORCH_USE_CUDA_DSA` to enable device-side assertions.

Traceback (most recent call last):
  File "E:\Aqib\Semester 4\AL_PINN\code_PSA_latest\run_psa_budget_sweep_v7.py", line 379, in run_sweep
    res = run_sequential(method, budget, cfg, splits, lb, ub, seed, device)
  File "E:\Aqib\Semester 4\AL_PINN\code_PSA_latest\run_psa_budget_sweep_v7.py", line 169, in run_sequential
    torch.manual_seed(seed); np.random.seed(seed)
    ~~~~~~~~~~~~~~~~~^^^^^^
  File "C:\Users\mohdaqib\AppData\Roaming\Python\Python314\site-packages\torch\_compile.py", line 54, in inner
    return disable_fn(*args, **kwargs)
  File "C:\Users\mohdaqib\AppData\Roaming\Python\Python314\site-packages\torch\_dynamo\eval_frame.py", line 1263, in _fn
    return fn(*args, **kwargs)
  File "C:\Users\mohdaqib\AppData\Roaming\Python\Python314\site-packages\torch\random.py", line 42, in manual_seed
    return _manual_seed_impl(seed)
  File "C:\Users\mohdaqib\AppData\Roaming\Python\Python314\site-packages\torch\random.py", line 50, in _manual_seed_impl
    torch.cuda.manual_seed_all(seed)
    ~~~~~~~~~~~~~~~~~~~~~~~~~~^^^^^^
  File "C:\Users\mohdaqib\AppData\Roaming\Python\Python314\site-packages\torch\cuda\random.py", line 128, in manual_seed_all
    _lazy_call(cb, seed_all=True)
    ~~~~~~~~~~^^^^^^^^^^^^^^^^^^^
  File "C:\Users\mohdaqib\AppData\Roaming\Python\Python314\site-packages\torch\cuda\__init__.py", line 409, in _lazy_call
    callable()
    ~~~~~~~~^^
  File "C:\Users\mohdaqib\AppData\Roaming\Python\Python314\site-packages\torch\cuda\random.py", line 126, in cb
    default_generator.manual_seed(seed)
    ~~~~~~~~~~~~~~~~~~~~~~~~~~~~~^^^^^^
torch.AcceleratorError: CUDA error: out of memory
Search for `cudaErrorMemoryAllocation' in https://docs.nvidia.com/cuda/cuda-runtime-api/group__CUDART__TYPES.html for more information.
CUDA kernel errors might be asynchronously reported at some other API call, so the stacktrace below might be incorrect.
For debugging consider passing CUDA_LAUNCH_BLOCKING=1
Compile with `TORCH_USE_CUDA_DSA` to enable device-side assertions.

Traceback (most recent call last):
  File "E:\Aqib\Semester 4\AL_PINN\code_PSA_latest\run_psa_budget_sweep_v7.py", line 377, in run_sweep
    res = run_oneshot(method, budget, cfg, splits, lb, ub, seed, device)
  File "E:\Aqib\Semester 4\AL_PINN\code_PSA_latest\run_psa_budget_sweep_v7.py", line 247, in run_oneshot
    torch.manual_seed(seed); np.random.seed(seed)
    ~~~~~~~~~~~~~~~~~^^^^^^
  File "C:\Users\mohdaqib\AppData\Roaming\Python\Python314\site-packages\torch\_compile.py", line 54, in inner
    return disable_fn(*args, **kwargs)
  File "C:\Users\mohdaqib\AppData\Roaming\Python\Python314\site-packages\torch\_dynamo\eval_frame.py", line 1263, in _fn
    return fn(*args, **kwargs)
  File "C:\Users\mohdaqib\AppData\Roaming\Python\Python314\site-packages\torch\random.py", line 42, in manual_seed
    return _manual_seed_impl(seed)
  File "C:\Users\mohdaqib\AppData\Roaming\Python\Python314\site-packages\torch\random.py", line 50, in _manual_seed_impl
    torch.cuda.manual_seed_all(seed)
    ~~~~~~~~~~~~~~~~~~~~~~~~~~^^^^^^
  File "C:\Users\mohdaqib\AppData\Roaming\Python\Python314\site-packages\torch\cuda\random.py", line 128, in manual_seed_all
    _lazy_call(cb, seed_all=True)
    ~~~~~~~~~~^^^^^^^^^^^^^^^^^^^
  File "C:\Users\mohdaqib\AppData\Roaming\Python\Python314\site-packages\torch\cuda\__init__.py", line 409, in _lazy_call
    callable()
    ~~~~~~~~^^
  File "C:\Users\mohdaqib\AppData\Roaming\Python\Python314\site-packages\torch\cuda\random.py", line 126, in cb
    default_generator.manual_seed(seed)
    ~~~~~~~~~~~~~~~~~~~~~~~~~~~~~^^^^^^
torch.AcceleratorError: CUDA error: out of memory
Search for `cudaErrorMemoryAllocation' in https://docs.nvidia.com/cuda/cuda-runtime-api/group__CUDART__TYPES.html for more information.
CUDA kernel errors might be asynchronously reported at some other API call, so the stacktrace below might be incorrect.
For debugging consider passing CUDA_LAUNCH_BLOCKING=1
Compile with `TORCH_USE_CUDA_DSA` to enable device-side assertions.

[Quick mode]
device=cuda  out_dir=psa_headline_v8
Loaded ads: x=(1556250, 102)  y=(1556250, 4)
Identified 403 scenarios
Split: pool=333  val=30  internal-test=40
External LHS test: x=(78475, 102)  y=(78475, 4)
  LHS scenarios: 24, rows after extraction: 15000
  PCA bottleneck k=8: explains 99.5% IC variance
  t_max (physical) = 124.10s — will override ub[:,1] inside build_model

======================================================================
BUDGET = 12 scenarios
======================================================================

── seed=42 ──

[pinn_al]
  t_max override: ub[:,1] = 124.10  (was 1.00)
  Model: PINN  h=96  L=3  K=3  +PCA bottleneck k=8
[v3 trainer] PINN+committee+PDE  budget=12  n0=4  k=4  rounds=2  total_ep=660  λ_max=0.002

─── Round 0/2 │ 4 scen = 2500 rows ───
    coll=1500  scales=[3.16e-02, 5.68e-02, 6.10e-02, 5.20e-01]
    → +4 scen  (total 8 = 5000 rows)

─── Round 1/2 │ 8 scen = 5000 rows ───
    coll=1500  scales=[3.12e-02, 7.14e-02, 5.88e-02, 5.28e-01]
    → +4 scen  (total 12 = 7500 rows)

─── Round 2/2 │ 12 scen = 7500 rows ───
    coll=1500  scales=[3.04e-02, 8.67e-02, 5.40e-02, 4.81e-01]

─── Final polish │ 300 ep ───
    ep   560  data=-4.446e-01  pde=4.963e-01  λ=0.0020  val_mse=6.106e-03

[Done v3]  64.3s  12 scen  7500 rows  val_mse=6.0558e-03
  internal: 3.3248e-04  LHS: 1.9395e-01  (65s)

[pinn_ic_coreset]
  t_max override: ub[:,1] = 124.10  (was 1.00)
  Model: PINN  h=96  L=3  K=3  +PCA bottleneck k=8
[v3 trainer] PINN+committee+PDE  budget=12  n0=4  k=4  rounds=2  total_ep=660  λ_max=0.002

─── Round 0/2 │ 4 scen = 2500 rows ───
    coll=1500  scales=[3.16e-02, 5.68e-02, 6.10e-02, 5.20e-01]
    → +4 scen  (total 8 = 5000 rows)

─── Round 1/2 │ 8 scen = 5000 rows ───
    coll=1500  scales=[3.14e-02, 7.34e-02, 5.88e-02, 5.28e-01]
    → +4 scen  (total 12 = 7500 rows)

─── Round 2/2 │ 12 scen = 7500 rows ───
    coll=1500  scales=[2.99e-02, 7.39e-02, 5.44e-02, 4.81e-01]

─── Final polish │ 300 ep ───
    ep   560  data=-4.544e-01  pde=4.642e-01  λ=0.0020  val_mse=6.153e-03

[Done v3]  56.3s  12 scen  7500 rows  val_mse=6.0643e-03
  internal: 3.3700e-04  LHS: 9.8502e-02  (56s)

[pinn_seqrand]
  t_max override: ub[:,1] = 124.10  (was 1.00)
  Model: PINN  h=96  L=3  K=3  +PCA bottleneck k=8
[v3 trainer] PINN+committee+PDE  budget=12  n0=4  k=4  rounds=2  total_ep=660  λ_max=0.002

─── Round 0/2 │ 4 scen = 2500 rows ───
    coll=1500  scales=[3.16e-02, 5.68e-02, 6.10e-02, 5.20e-01]
    → +4 scen  (total 8 = 5000 rows)

─── Round 1/2 │ 8 scen = 5000 rows ───
    coll=1500  scales=[2.94e-02, 5.58e-02, 5.83e-02, 5.27e-01]
    → +4 scen  (total 12 = 7500 rows)

─── Round 2/2 │ 12 scen = 7500 rows ───
    coll=1500  scales=[2.76e-02, 5.50e-02, 5.39e-02, 4.80e-01]

─── Final polish │ 300 ep ───
    ep   560  data=-4.529e-01  pde=3.126e-01  λ=0.0020  val_mse=7.852e-03

[Done v3]  55.6s  12 scen  7500 rows  val_mse=7.8006e-03
  internal: 9.3069e-04  LHS: 1.6024e-01  (56s)

[pinn_oneshot]
  t_max override: ub[:,1] = 124.10  (was 1.00)
  Model: PINN  h=96  L=3  K=3  +PCA bottleneck k=8
  internal: 4.4091e-04  LHS: 1.2264e-01  (58s)

[ann_al]
  t_max override: ub[:,1] = 124.10  (was 1.00)
  Model: ANN   h=96  L=3  +PCA bottleneck k=8
[v3 trainer] ANN  budget=12  n0=4  k=4  rounds=2  total_ep=660  λ_max=0.0

─── Round 0/2 │ 4 scen = 2500 rows ───
    → +4 scen  (total 8 = 5000 rows)

─── Round 1/2 │ 8 scen = 5000 rows ───
    → +4 scen  (total 12 = 7500 rows)

─── Round 2/2 │ 12 scen = 7500 rows ───

─── Final polish │ 300 ep ───
    ep   560  data=2.236e-03  pde=0.000e+00  λ=0.0000  val_mse=2.221e-03

[Done v3]  12.2s  12 scen  7500 rows  val_mse=2.1871e-03
  internal: 2.3358e-04  LHS: 1.1964e-01  (12s)

[ann_oneshot]
  t_max override: ub[:,1] = 124.10  (was 1.00)
  Model: ANN   h=96  L=3  +PCA bottleneck k=8
  internal: 4.2849e-04  LHS: 5.5574e-02  (11s)

── seed=123 ──

[pinn_al]
  t_max override: ub[:,1] = 124.10  (was 1.00)
  Model: PINN  h=96  L=3  K=3  +PCA bottleneck k=8
[v3 trainer] PINN+committee+PDE  budget=12  n0=4  k=4  rounds=2  total_ep=660  λ_max=0.002

─── Round 0/2 │ 4 scen = 2500 rows ───
    coll=1500  scales=[2.50e-02, 4.97e-02, 1.03e-01, 2.42e-01]
    → +4 scen  (total 8 = 5000 rows)

─── Round 1/2 │ 8 scen = 5000 rows ───
    coll=1500  scales=[2.33e-02, 5.37e-02, 1.02e-01, 2.45e-01]
    → +4 scen  (total 12 = 7500 rows)

─── Round 2/2 │ 12 scen = 7500 rows ───
    coll=1500  scales=[2.21e-02, 5.35e-02, 9.31e-02, 2.28e-01]

─── Final polish │ 300 ep ───
    ep   560  data=-4.264e-01  pde=5.467e-01  λ=0.0020  val_mse=6.438e-03

[Done v3]  60.4s  12 scen  7500 rows  val_mse=6.3492e-03
  internal: 2.7847e-04  LHS: 7.4831e-02  (60s)

[pinn_ic_coreset]
  t_max override: ub[:,1] = 124.10  (was 1.00)
  Model: PINN  h=96  L=3  K=3  +PCA bottleneck k=8
[v3 trainer] PINN+committee+PDE  budget=12  n0=4  k=4  rounds=2  total_ep=660  λ_max=0.002

─── Round 0/2 │ 4 scen = 2500 rows ───
    coll=1500  scales=[2.50e-02, 4.97e-02, 1.03e-01, 2.42e-01]
    → +4 scen  (total 8 = 5000 rows)

─── Round 1/2 │ 8 scen = 5000 rows ───
    coll=1500  scales=[2.31e-02, 5.23e-02, 1.02e-01, 2.45e-01]
    → +4 scen  (total 12 = 7500 rows)

─── Round 2/2 │ 12 scen = 7500 rows ───
    coll=1500  scales=[2.21e-02, 5.57e-02, 9.44e-02, 2.25e-01]

─── Final polish │ 300 ep ───
    ep   560  data=-4.320e-01  pde=5.759e-01  λ=0.0020  val_mse=7.338e-03

[Done v3]  58.1s  12 scen  7500 rows  val_mse=7.2344e-03
  internal: 4.1165e-04  LHS: 3.3384e-02  (58s)

[pinn_seqrand]
  t_max override: ub[:,1] = 124.10  (was 1.00)
  Model: PINN  h=96  L=3  K=3  +PCA bottleneck k=8
[v3 trainer] PINN+committee+PDE  budget=12  n0=4  k=4  rounds=2  total_ep=660  λ_max=0.002

─── Round 0/2 │ 4 scen = 2500 rows ───
    coll=1500  scales=[2.50e-02, 4.97e-02, 1.03e-01, 2.42e-01]
    → +4 scen  (total 8 = 5000 rows)

─── Round 1/2 │ 8 scen = 5000 rows ───
    coll=1500  scales=[2.28e-02, 5.05e-02, 1.02e-01, 2.45e-01]
    → +4 scen  (total 12 = 7500 rows)

─── Round 2/2 │ 12 scen = 7500 rows ───
    coll=1500  scales=[2.15e-02, 5.52e-02, 9.30e-02, 2.25e-01]

─── Final polish │ 300 ep ───
    ep   560  data=-4.434e-01  pde=4.420e-01  λ=0.0020  val_mse=6.080e-03

[Done v3]  55.9s  12 scen  7500 rows  val_mse=6.0278e-03
  internal: 3.7773e-04  LHS: 5.7034e-02  (56s)

[pinn_oneshot]
  t_max override: ub[:,1] = 124.10  (was 1.00)
  Model: PINN  h=96  L=3  K=3  +PCA bottleneck k=8
  internal: 4.2243e-04  LHS: 6.3604e-02  (57s)

[ann_al]
  t_max override: ub[:,1] = 124.10  (was 1.00)
  Model: ANN   h=96  L=3  +PCA bottleneck k=8
[v3 trainer] ANN  budget=12  n0=4  k=4  rounds=2  total_ep=660  λ_max=0.0

─── Round 0/2 │ 4 scen = 2500 rows ───
    → +4 scen  (total 8 = 5000 rows)

─── Round 1/2 │ 8 scen = 5000 rows ───
    → +4 scen  (total 12 = 7500 rows)

─── Round 2/2 │ 12 scen = 7500 rows ───

─── Final polish │ 300 ep ───
    ep   560  data=3.599e-03  pde=0.000e+00  λ=0.0000  val_mse=3.252e-03

[Done v3]  11.3s  12 scen  7500 rows  val_mse=3.1991e-03
  internal: 3.6667e-04  LHS: 2.1102e-02  (11s)

[ann_oneshot]
  t_max override: ub[:,1] = 124.10  (was 1.00)
  Model: ANN   h=96  L=3  +PCA bottleneck k=8
  internal: 3.6901e-04  LHS: 1.0939e-01  (11s)

── seed=456 ──

[pinn_al]
  t_max override: ub[:,1] = 124.10  (was 1.00)
  Model: PINN  h=96  L=3  K=3  +PCA bottleneck k=8
[v3 trainer] PINN+committee+PDE  budget=12  n0=4  k=4  rounds=2  total_ep=660  λ_max=0.002

─── Round 0/2 │ 4 scen = 2500 rows ───
    coll=1500  scales=[3.17e-02, 4.30e-02, 5.71e-02, 2.59e-01]
    → +4 scen  (total 8 = 5000 rows)

─── Round 1/2 │ 8 scen = 5000 rows ───
    coll=1500  scales=[3.06e-02, 5.37e-02, 6.57e-02, 2.41e-01]
    → +4 scen  (total 12 = 7500 rows)

─── Round 2/2 │ 12 scen = 7500 rows ───
    coll=1500  scales=[2.90e-02, 5.79e-02, 6.02e-02, 2.21e-01]

─── Final polish │ 300 ep ───
    ep   560  data=-4.509e-01  pde=5.761e-01  λ=0.0020  val_mse=5.281e-03

[Done v3]  60.8s  12 scen  7500 rows  val_mse=5.2383e-03
  internal: 3.7623e-04  LHS: 8.3925e-02  (61s)

[pinn_ic_coreset]
  t_max override: ub[:,1] = 124.10  (was 1.00)
  Model: PINN  h=96  L=3  K=3  +PCA bottleneck k=8
[v3 trainer] PINN+committee+PDE  budget=12  n0=4  k=4  rounds=2  total_ep=660  λ_max=0.002

─── Round 0/2 │ 4 scen = 2500 rows ───
    coll=1500  scales=[3.17e-02, 4.30e-02, 5.71e-02, 2.59e-01]
    → +4 scen  (total 8 = 5000 rows)

─── Round 1/2 │ 8 scen = 5000 rows ───
    coll=1500  scales=[3.05e-02, 5.50e-02, 6.56e-02, 2.42e-01]
    → +4 scen  (total 12 = 7500 rows)

─── Round 2/2 │ 12 scen = 7500 rows ───
    coll=1500  scales=[2.88e-02, 5.75e-02, 6.04e-02, 2.22e-01]

─── Final polish │ 300 ep ───
    ep   560  data=-4.494e-01  pde=5.640e-01  λ=0.0020  val_mse=5.718e-03

[Done v3]  59.0s  12 scen  7500 rows  val_mse=5.6311e-03
  internal: 3.4472e-04  LHS: 6.3745e-02  (59s)

[pinn_seqrand]
  t_max override: ub[:,1] = 124.10  (was 1.00)
  Model: PINN  h=96  L=3  K=3  +PCA bottleneck k=8
[v3 trainer] PINN+committee+PDE  budget=12  n0=4  k=4  rounds=2  total_ep=660  λ_max=0.002

─── Round 0/2 │ 4 scen = 2500 rows ───
    coll=1500  scales=[3.17e-02, 4.30e-02, 5.71e-02, 2.59e-01]
    → +4 scen  (total 8 = 5000 rows)

─── Round 1/2 │ 8 scen = 5000 rows ───
    coll=1500  scales=[2.91e-02, 4.23e-02, 6.56e-02, 2.39e-01]
    → +4 scen  (total 12 = 7500 rows)

─── Round 2/2 │ 12 scen = 7500 rows ───
    coll=1500  scales=[2.72e-02, 5.16e-02, 6.01e-02, 2.20e-01]

─── Final polish │ 300 ep ───
    ep   560  data=-4.508e-01  pde=4.258e-01  λ=0.0020  val_mse=5.880e-03

[Done v3]  60.0s  12 scen  7500 rows  val_mse=5.8092e-03
  internal: 3.4618e-04  LHS: 1.1166e-01  (60s)

[pinn_oneshot]
  t_max override: ub[:,1] = 124.10  (was 1.00)
  Model: PINN  h=96  L=3  K=3  +PCA bottleneck k=8
  internal: 3.6419e-04  LHS: 7.9212e-02  (60s)

[ann_al]
  t_max override: ub[:,1] = 124.10  (was 1.00)
  Model: ANN   h=96  L=3  +PCA bottleneck k=8
[v3 trainer] ANN  budget=12  n0=4  k=4  rounds=2  total_ep=660  λ_max=0.0

─── Round 0/2 │ 4 scen = 2500 rows ───
    → +4 scen  (total 8 = 5000 rows)

─── Round 1/2 │ 8 scen = 5000 rows ───
    → +4 scen  (total 12 = 7500 rows)

─── Round 2/2 │ 12 scen = 7500 rows ───

─── Final polish │ 300 ep ───
    ep   560  data=2.352e-03  pde=0.000e+00  λ=0.0000  val_mse=2.298e-03

[Done v3]  12.5s  12 scen  7500 rows  val_mse=2.2552e-03
  internal: 1.9955e-04  LHS: 1.1063e-01  (13s)

[ann_oneshot]
  t_max override: ub[:,1] = 124.10  (was 1.00)
  Model: ANN   h=96  L=3  +PCA bottleneck k=8
  internal: 2.3288e-04  LHS: 9.4094e-02  (11s)

── seed=789 ──

[pinn_al]
  t_max override: ub[:,1] = 124.10  (was 1.00)
  Model: PINN  h=96  L=3  K=3  +PCA bottleneck k=8
[v3 trainer] PINN+committee+PDE  budget=12  n0=4  k=4  rounds=2  total_ep=660  λ_max=0.002

─── Round 0/2 │ 4 scen = 2500 rows ───
    coll=1500  scales=[8.61e-02, 8.04e-02, 3.32e-02, 4.10e-01]
    → +4 scen  (total 8 = 5000 rows)

─── Round 1/2 │ 8 scen = 5000 rows ───
    coll=1500  scales=[8.01e-02, 9.75e-02, 3.76e-02, 4.24e-01]
    → +4 scen  (total 12 = 7500 rows)

─── Round 2/2 │ 12 scen = 7500 rows ───
    coll=1500  scales=[7.65e-02, 9.64e-02, 3.47e-02, 3.85e-01]

─── Final polish │ 300 ep ───
    ep   560  data=-4.295e-01  pde=6.039e-01  λ=0.0020  val_mse=4.540e-03

[Done v3]  61.4s  12 scen  7500 rows  val_mse=4.4817e-03
  internal: 2.5696e-04  LHS: 2.7988e-03  (61s)

[pinn_ic_coreset]
  t_max override: ub[:,1] = 124.10  (was 1.00)
  Model: PINN  h=96  L=3  K=3  +PCA bottleneck k=8
[v3 trainer] PINN+committee+PDE  budget=12  n0=4  k=4  rounds=2  total_ep=660  λ_max=0.002

─── Round 0/2 │ 4 scen = 2500 rows ───
    coll=1500  scales=[8.61e-02, 8.04e-02, 3.32e-02, 4.10e-01]
    → +4 scen  (total 8 = 5000 rows)

─── Round 1/2 │ 8 scen = 5000 rows ───
    coll=1500  scales=[8.02e-02, 9.26e-02, 3.69e-02, 4.20e-01]
    → +4 scen  (total 12 = 7500 rows)

─── Round 2/2 │ 12 scen = 7500 rows ───
    coll=1500  scales=[7.77e-02, 1.07e-01, 3.39e-02, 3.81e-01]

─── Final polish │ 300 ep ───
    ep   560  data=-4.378e-01  pde=5.806e-01  λ=0.0020  val_mse=4.245e-03

[Done v3]  59.3s  12 scen  7500 rows  val_mse=4.2064e-03
  internal: 2.4446e-04  LHS: 5.8891e-03  (59s)

[pinn_seqrand]
  t_max override: ub[:,1] = 124.10  (was 1.00)
  Model: PINN  h=96  L=3  K=3  +PCA bottleneck k=8
[v3 trainer] PINN+committee+PDE  budget=12  n0=4  k=4  rounds=2  total_ep=660  λ_max=0.002

─── Round 0/2 │ 4 scen = 2500 rows ───
    coll=1500  scales=[8.61e-02, 8.04e-02, 3.32e-02, 4.10e-01]
    → +4 scen  (total 8 = 5000 rows)

─── Round 1/2 │ 8 scen = 5000 rows ───
    coll=1500  scales=[8.03e-02, 8.42e-02, 3.61e-02, 4.12e-01]
    → +4 scen  (total 12 = 7500 rows)

─── Round 2/2 │ 12 scen = 7500 rows ───
    coll=1500  scales=[7.63e-02, 8.37e-02, 3.32e-02, 3.74e-01]

─── Final polish │ 300 ep ───
    ep   560  data=-4.464e-01  pde=5.004e-01  λ=0.0020  val_mse=6.080e-03

[Done v3]  59.9s  12 scen  7500 rows  val_mse=5.9429e-03
  internal: 2.6327e-04  LHS: 2.5054e-02  (60s)

[pinn_oneshot]
  t_max override: ub[:,1] = 124.10  (was 1.00)
  Model: PINN  h=96  L=3  K=3  +PCA bottleneck k=8
  internal: 3.3896e-04  LHS: 1.2895e-01  (61s)

[ann_al]
  t_max override: ub[:,1] = 124.10  (was 1.00)
  Model: ANN   h=96  L=3  +PCA bottleneck k=8
[v3 trainer] ANN  budget=12  n0=4  k=4  rounds=2  total_ep=660  λ_max=0.0

─── Round 0/2 │ 4 scen = 2500 rows ───
    → +4 scen  (total 8 = 5000 rows)

─── Round 1/2 │ 8 scen = 5000 rows ───
    → +4 scen  (total 12 = 7500 rows)

─── Round 2/2 │ 12 scen = 7500 rows ───

─── Final polish │ 300 ep ───
    ep   560  data=3.602e-03  pde=0.000e+00  λ=0.0000  val_mse=3.326e-03

[Done v3]  12.5s  12 scen  7500 rows  val_mse=3.2559e-03
  internal: 2.9442e-04  LHS: 5.5470e-03  (13s)

[ann_oneshot]
  t_max override: ub[:,1] = 124.10  (was 1.00)
  Model: ANN   h=96  L=3  +PCA bottleneck k=8
  internal: 3.2605e-04  LHS: 1.8170e-02  (11s)

── seed=1024 ──

[pinn_al]
  t_max override: ub[:,1] = 124.10  (was 1.00)
  Model: PINN  h=96  L=3  K=3  +PCA bottleneck k=8
[v3 trainer] PINN+committee+PDE  budget=12  n0=4  k=4  rounds=2  total_ep=660  λ_max=0.002

─── Round 0/2 │ 4 scen = 2500 rows ───
    coll=1500  scales=[3.81e-02, 7.12e-02, 8.09e-02, 3.21e-01]
    → +4 scen  (total 8 = 5000 rows)

─── Round 1/2 │ 8 scen = 5000 rows ───
    coll=1500  scales=[3.80e-02, 8.92e-02, 8.84e-02, 2.96e-01]
    → +4 scen  (total 12 = 7500 rows)

─── Round 2/2 │ 12 scen = 7500 rows ───
    coll=1500  scales=[3.62e-02, 8.90e-02, 8.07e-02, 2.69e-01]

─── Final polish │ 300 ep ───
    ep   560  data=-4.508e-01  pde=6.196e-01  λ=0.0020  val_mse=5.472e-03

[Done v3]  60.4s  12 scen  7500 rows  val_mse=5.3957e-03
  internal: 2.4210e-04  LHS: 1.9331e-01  (60s)

[pinn_ic_coreset]
  t_max override: ub[:,1] = 124.10  (was 1.00)
  Model: PINN  h=96  L=3  K=3  +PCA bottleneck k=8
[v3 trainer] PINN+committee+PDE  budget=12  n0=4  k=4  rounds=2  total_ep=660  λ_max=0.002

─── Round 0/2 │ 4 scen = 2500 rows ───
    coll=1500  scales=[3.81e-02, 7.12e-02, 8.09e-02, 3.21e-01]
    → +4 scen  (total 8 = 5000 rows)

─── Round 1/2 │ 8 scen = 5000 rows ───
    coll=1500  scales=[3.80e-02, 8.72e-02, 8.84e-02, 2.95e-01]
    → +4 scen  (total 12 = 7500 rows)

─── Round 2/2 │ 12 scen = 7500 rows ───
    coll=1500  scales=[3.56e-02, 9.10e-02, 8.09e-02, 2.72e-01]

─── Final polish │ 300 ep ───
    ep   560  data=-4.522e-01  pde=5.051e-01  λ=0.0020  val_mse=5.707e-03

[Done v3]  61.4s  12 scen  7500 rows  val_mse=5.6491e-03
  internal: 3.9340e-04  LHS: 1.0892e-01  (62s)

[pinn_seqrand]
  t_max override: ub[:,1] = 124.10  (was 1.00)
  Model: PINN  h=96  L=3  K=3  +PCA bottleneck k=8
[v3 trainer] PINN+committee+PDE  budget=12  n0=4  k=4  rounds=2  total_ep=660  λ_max=0.002

─── Round 0/2 │ 4 scen = 2500 rows ───
    coll=1500  scales=[3.81e-02, 7.12e-02, 8.09e-02, 3.21e-01]
    → +4 scen  (total 8 = 5000 rows)

─── Round 1/2 │ 8 scen = 5000 rows ───
    coll=1500  scales=[3.53e-02, 7.72e-02, 8.83e-02, 2.93e-01]
    → +4 scen  (total 12 = 7500 rows)

─── Round 2/2 │ 12 scen = 7500 rows ───
    coll=1500  scales=[3.30e-02, 9.35e-02, 8.11e-02, 2.68e-01]

─── Final polish │ 300 ep ───
    ep   560  data=-4.562e-01  pde=4.503e-01  λ=0.0020  val_mse=7.012e-03

[Done v3]  59.1s  12 scen  7500 rows  val_mse=6.8829e-03
  internal: 3.2321e-04  LHS: 1.0880e-01  (59s)

[pinn_oneshot]
  t_max override: ub[:,1] = 124.10  (was 1.00)
  Model: PINN  h=96  L=3  K=3  +PCA bottleneck k=8
  internal: 4.9446e-04  LHS: 2.5107e-03  (62s)

[ann_al]
  t_max override: ub[:,1] = 124.10  (was 1.00)
  Model: ANN   h=96  L=3  +PCA bottleneck k=8
[v3 trainer] ANN  budget=12  n0=4  k=4  rounds=2  total_ep=660  λ_max=0.0

─── Round 0/2 │ 4 scen = 2500 rows ───
    → +4 scen  (total 8 = 5000 rows)

─── Round 1/2 │ 8 scen = 5000 rows ───
    → +4 scen  (total 12 = 7500 rows)

─── Round 2/2 │ 12 scen = 7500 rows ───

─── Final polish │ 300 ep ───
    ep   560  data=1.822e-03  pde=0.000e+00  λ=0.0000  val_mse=2.262e-03

[Done v3]  12.2s  12 scen  7500 rows  val_mse=2.2299e-03
  internal: 2.1636e-04  LHS: 2.6388e-02  (12s)

[ann_oneshot]
  t_max override: ub[:,1] = 124.10  (was 1.00)
  Model: ANN   h=96  L=3  +PCA bottleneck k=8
  internal: 4.2733e-04  LHS: 4.6637e-02  (11s)

======================================================================
BUDGET = 30 scenarios
======================================================================

── seed=42 ──

[pinn_al]
  t_max override: ub[:,1] = 124.10  (was 1.00)
  Model: PINN  h=128  L=3  K=3  +PCA bottleneck k=8
[v3 trainer] PINN+committee+PDE  budget=30  n0=4  k=4  rounds=7  total_ep=1260  λ_max=0.002

─── Round 0/7 │ 4 scen = 2500 rows ───
    coll=1500  scales=[9.59e-02, 6.95e-02, 5.04e-02, 2.92e-01]
    → +4 scen  (total 8 = 5000 rows)

─── Round 1/7 │ 8 scen = 5000 rows ───
    coll=1500  scales=[9.38e-02, 8.42e-02, 6.31e-02, 2.71e-01]
    → +4 scen  (total 12 = 7500 rows)

─── Round 2/7 │ 12 scen = 7500 rows ───
    coll=1500  scales=[8.85e-02, 8.37e-02, 5.74e-02, 2.47e-01]
    → +4 scen  (total 16 = 10000 rows)

─── Round 3/7 │ 16 scen = 10000 rows ───
    coll=1500  scales=[8.37e-02, 8.50e-02, 5.23e-02, 2.25e-01]
    → +4 scen  (total 20 = 12500 rows)

─── Round 4/7 │ 20 scen = 12500 rows ───
    coll=1500  scales=[7.87e-02, 9.31e-02, 4.77e-02, 2.04e-01]
    → +4 scen  (total 24 = 15000 rows)

─── Round 5/7 │ 24 scen = 15000 rows ───
    coll=1500  scales=[7.43e-02, 9.08e-02, 4.44e-02, 1.89e-01]
    → +4 scen  (total 28 = 17500 rows)

─── Round 6/7 │ 28 scen = 17500 rows ───
    coll=1500  scales=[6.97e-02, 8.98e-02, 4.14e-02, 1.75e-01]
    → +4 scen  (total 32 = 20000 rows)

─── Round 7/7 │ 32 scen = 20000 rows ───
    coll=1500  scales=[6.54e-02, 8.70e-02, 3.85e-02, 1.62e-01]

─── Final polish │ 300 ep ───
    ep  1160  data=-4.708e-01  pde=4.279e-01  λ=0.0020  val_mse=3.348e-03

[Done v3]  229.8s  32 scen  20000 rows  val_mse=3.3397e-03
  internal: 2.0060e-04  LHS: 1.2773e-02  (230s)

[pinn_ic_coreset]
  t_max override: ub[:,1] = 124.10  (was 1.00)
  Model: PINN  h=128  L=3  K=3  +PCA bottleneck k=8
[v3 trainer] PINN+committee+PDE  budget=30  n0=4  k=4  rounds=7  total_ep=1260  λ_max=0.002

─── Round 0/7 │ 4 scen = 2500 rows ───
    coll=1500  scales=[9.59e-02, 6.95e-02, 5.04e-02, 2.92e-01]
    → +4 scen  (total 8 = 5000 rows)

─── Round 1/7 │ 8 scen = 5000 rows ───
    coll=1500  scales=[9.34e-02, 8.34e-02, 6.30e-02, 2.71e-01]
    → +4 scen  (total 12 = 7500 rows)

─── Round 2/7 │ 12 scen = 7500 rows ───
    coll=1500  scales=[8.94e-02, 8.14e-02, 5.75e-02, 2.47e-01]
    → +4 scen  (total 16 = 10000 rows)

─── Round 3/7 │ 16 scen = 10000 rows ───
    coll=1500  scales=[8.44e-02, 9.97e-02, 5.25e-02, 2.25e-01]
    → +4 scen  (total 20 = 12500 rows)

─── Round 4/7 │ 20 scen = 12500 rows ───
    coll=1500  scales=[8.09e-02, 9.50e-02, 4.81e-02, 2.05e-01]
    → +4 scen  (total 24 = 15000 rows)

─── Round 5/7 │ 24 scen = 15000 rows ───
    coll=1500  scales=[7.67e-02, 9.14e-02, 4.43e-02, 1.88e-01]
    → +4 scen  (total 28 = 17500 rows)

─── Round 6/7 │ 28 scen = 17500 rows ───
    coll=1500  scales=[7.26e-02, 9.33e-02, 4.09e-02, 1.73e-01]
    → +4 scen  (total 32 = 20000 rows)

─── Round 7/7 │ 32 scen = 20000 rows ───
    coll=1500  scales=[6.85e-02, 9.01e-02, 3.79e-02, 1.58e-01]

─── Final polish │ 300 ep ───
    ep  1160  data=-4.524e-01  pde=3.968e-01  λ=0.0020  val_mse=3.681e-03

[Done v3]  224.2s  32 scen  20000 rows  val_mse=3.6713e-03
  internal: 2.8484e-04  LHS: 4.2214e-02  (224s)

[pinn_seqrand]
  t_max override: ub[:,1] = 124.10  (was 1.00)
  Model: PINN  h=128  L=3  K=3  +PCA bottleneck k=8
[v3 trainer] PINN+committee+PDE  budget=30  n0=4  k=4  rounds=7  total_ep=1260  λ_max=0.002

─── Round 0/7 │ 4 scen = 2500 rows ───
    coll=1500  scales=[9.59e-02, 6.95e-02, 5.04e-02, 2.92e-01]
    → +4 scen  (total 8 = 5000 rows)

─── Round 1/7 │ 8 scen = 5000 rows ───
    coll=1500  scales=[8.85e-02, 7.28e-02, 6.26e-02, 2.68e-01]
    → +4 scen  (total 12 = 7500 rows)

─── Round 2/7 │ 12 scen = 7500 rows ───
    coll=1500  scales=[8.31e-02, 7.42e-02, 5.75e-02, 2.45e-01]
    → +4 scen  (total 16 = 10000 rows)

─── Round 3/7 │ 16 scen = 10000 rows ───
    coll=1500  scales=[7.84e-02, 7.36e-02, 5.29e-02, 2.25e-01]
    → +4 scen  (total 20 = 12500 rows)

─── Round 4/7 │ 20 scen = 12500 rows ───
    coll=1500  scales=[7.35e-02, 8.29e-02, 4.84e-02, 2.05e-01]
    → +4 scen  (total 24 = 15000 rows)

─── Round 5/7 │ 24 scen = 15000 rows ───
    coll=1500  scales=[6.96e-02, 8.45e-02, 4.51e-02, 1.91e-01]
    → +4 scen  (total 28 = 17500 rows)

─── Round 6/7 │ 28 scen = 17500 rows ───
    coll=1500  scales=[6.58e-02, 8.57e-02, 4.22e-02, 1.76e-01]
    → +4 scen  (total 32 = 20000 rows)

─── Round 7/7 │ 32 scen = 20000 rows ───
    coll=1500  scales=[6.16e-02, 8.43e-02, 3.91e-02, 1.62e-01]

─── Final polish │ 300 ep ───
    ep  1160  data=-4.648e-01  pde=3.608e-01  λ=0.0020  val_mse=4.421e-03

[Done v3]  223.3s  32 scen  20000 rows  val_mse=4.4170e-03
  internal: 4.0919e-04  LHS: 2.1817e-02  (223s)

[pinn_oneshot]
  t_max override: ub[:,1] = 124.10  (was 1.00)
  Model: PINN  h=128  L=3  K=3  +PCA bottleneck k=8
  internal: 2.9222e-04  LHS: 1.6412e-01  (265s)

[ann_al]
  t_max override: ub[:,1] = 124.10  (was 1.00)
  Model: ANN   h=128  L=3  +PCA bottleneck k=8
[v3 trainer] ANN  budget=30  n0=4  k=4  rounds=7  total_ep=1260  λ_max=0.0

─── Round 0/7 │ 4 scen = 2500 rows ───
    → +4 scen  (total 8 = 5000 rows)

─── Round 1/7 │ 8 scen = 5000 rows ───
    → +4 scen  (total 12 = 7500 rows)

─── Round 2/7 │ 12 scen = 7500 rows ───
    → +4 scen  (total 16 = 10000 rows)

─── Round 3/7 │ 16 scen = 10000 rows ───
    → +4 scen  (total 20 = 12500 rows)

─── Round 4/7 │ 20 scen = 12500 rows ───
    → +4 scen  (total 24 = 15000 rows)

─── Round 5/7 │ 24 scen = 15000 rows ───
    → +4 scen  (total 28 = 17500 rows)

─── Round 6/7 │ 28 scen = 17500 rows ───
    → +4 scen  (total 32 = 20000 rows)

─── Round 7/7 │ 32 scen = 20000 rows ───

─── Final polish │ 300 ep ───
    ep  1160  data=9.848e-04  pde=0.000e+00  λ=0.0000  val_mse=6.639e-04

[Done v3]  61.2s  32 scen  20000 rows  val_mse=6.6176e-04
  internal: 6.9706e-05  LHS: 3.2740e-02  (61s)

[ann_oneshot]
  t_max override: ub[:,1] = 124.10  (was 1.00)
  Model: ANN   h=128  L=3  +PCA bottleneck k=8
  internal: 1.0553e-04  LHS: 1.4583e-02  (73s)

── seed=123 ──

[pinn_al]
  t_max override: ub[:,1] = 124.10  (was 1.00)
  Model: PINN  h=128  L=3  K=3  +PCA bottleneck k=8
[v3 trainer] PINN+committee+PDE  budget=30  n0=4  k=4  rounds=7  total_ep=1260  λ_max=0.002

─── Round 0/7 │ 4 scen = 2500 rows ───
    coll=1500  scales=[3.95e-02, 3.99e-02, 9.68e-02, 2.66e-01]
    → +4 scen  (total 8 = 5000 rows)

─── Round 1/7 │ 8 scen = 5000 rows ───
    coll=1500  scales=[3.70e-02, 4.88e-02, 9.17e-02, 2.63e-01]
    → +4 scen  (total 12 = 7500 rows)

─── Round 2/7 │ 12 scen = 7500 rows ───
    coll=1500  scales=[3.51e-02, 5.04e-02, 8.34e-02, 2.42e-01]
    → +4 scen  (total 16 = 10000 rows)

─── Round 3/7 │ 16 scen = 10000 rows ───
    coll=1500  scales=[3.28e-02, 5.15e-02, 7.59e-02, 2.22e-01]
    → +4 scen  (total 20 = 12500 rows)

─── Round 4/7 │ 20 scen = 12500 rows ───
    coll=1500  scales=[3.06e-02, 5.32e-02, 6.93e-02, 2.03e-01]
    → +4 scen  (total 24 = 15000 rows)

─── Round 5/7 │ 24 scen = 15000 rows ───
    coll=1500  scales=[2.85e-02, 5.19e-02, 6.43e-02, 1.96e-01]
    → +4 scen  (total 28 = 17500 rows)

─── Round 6/7 │ 28 scen = 17500 rows ───
    coll=1500  scales=[2.66e-02, 5.15e-02, 5.90e-02, 1.81e-01]
    → +4 scen  (total 32 = 20000 rows)

─── Round 7/7 │ 32 scen = 20000 rows ───
    coll=1500  scales=[2.49e-02, 4.90e-02, 5.44e-02, 1.67e-01]

─── Final polish │ 300 ep ───
    ep  1160  data=-4.638e-01  pde=4.164e-01  λ=0.0020  val_mse=4.348e-03

[Done v3]  228.7s  32 scen  20000 rows  val_mse=4.3350e-03
  internal: 2.4533e-04  LHS: 8.3741e-03  (229s)

[pinn_ic_coreset]
  t_max override: ub[:,1] = 124.10  (was 1.00)
  Model: PINN  h=128  L=3  K=3  +PCA bottleneck k=8
[v3 trainer] PINN+committee+PDE  budget=30  n0=4  k=4  rounds=7  total_ep=1260  λ_max=0.002

─── Round 0/7 │ 4 scen = 2500 rows ───
    coll=1500  scales=[3.95e-02, 3.99e-02, 9.68e-02, 2.66e-01]
    → +4 scen  (total 8 = 5000 rows)

─── Round 1/7 │ 8 scen = 5000 rows ───
    coll=1500  scales=[3.67e-02, 4.67e-02, 9.17e-02, 2.63e-01]
    → +4 scen  (total 12 = 7500 rows)

─── Round 2/7 │ 12 scen = 7500 rows ───
    coll=1500  scales=[3.47e-02, 5.07e-02, 8.41e-02, 2.42e-01]
    → +4 scen  (total 16 = 10000 rows)

─── Round 3/7 │ 16 scen = 10000 rows ───
    coll=1500  scales=[3.28e-02, 4.86e-02, 7.66e-02, 2.22e-01]
    → +4 scen  (total 20 = 12500 rows)

─── Round 4/7 │ 20 scen = 12500 rows ───
    coll=1500  scales=[3.07e-02, 5.56e-02, 7.01e-02, 2.03e-01]
    → +4 scen  (total 24 = 15000 rows)

─── Round 5/7 │ 24 scen = 15000 rows ───
    coll=1500  scales=[2.89e-02, 5.77e-02, 6.42e-02, 1.87e-01]
    → +4 scen  (total 28 = 17500 rows)

─── Round 6/7 │ 28 scen = 17500 rows ───
    coll=1500  scales=[2.71e-02, 6.00e-02, 5.91e-02, 1.72e-01]
    → +4 scen  (total 32 = 20000 rows)

─── Round 7/7 │ 32 scen = 20000 rows ───
    coll=1500  scales=[2.53e-02, 5.84e-02, 5.45e-02, 1.59e-01]

─── Final polish │ 300 ep ───
    ep  1160  data=-4.687e-01  pde=3.867e-01  λ=0.0020  val_mse=4.240e-03

[Done v3]  223.4s  32 scen  20000 rows  val_mse=4.2242e-03
  internal: 2.6487e-04  LHS: 1.6105e-02  (224s)

[pinn_seqrand]
  t_max override: ub[:,1] = 124.10  (was 1.00)
  Model: PINN  h=128  L=3  K=3  +PCA bottleneck k=8
[v3 trainer] PINN+committee+PDE  budget=30  n0=4  k=4  rounds=7  total_ep=1260  λ_max=0.002

─── Round 0/7 │ 4 scen = 2500 rows ───
    coll=1500  scales=[3.95e-02, 3.99e-02, 9.68e-02, 2.66e-01]
    → +4 scen  (total 8 = 5000 rows)

─── Round 1/7 │ 8 scen = 5000 rows ───
    coll=1500  scales=[3.63e-02, 4.30e-02, 9.17e-02, 2.63e-01]
    → +4 scen  (total 12 = 7500 rows)

─── Round 2/7 │ 12 scen = 7500 rows ───
    coll=1500  scales=[3.37e-02, 4.31e-02, 8.32e-02, 2.42e-01]
    → +4 scen  (total 16 = 10000 rows)

─── Round 3/7 │ 16 scen = 10000 rows ───
    coll=1500  scales=[3.12e-02, 5.41e-02, 7.58e-02, 2.22e-01]
    → +4 scen  (total 20 = 12500 rows)

─── Round 4/7 │ 20 scen = 12500 rows ───
    coll=1500  scales=[2.89e-02, 5.20e-02, 6.93e-02, 2.04e-01]
    → +4 scen  (total 24 = 15000 rows)

─── Round 5/7 │ 24 scen = 15000 rows ───
    coll=1500  scales=[2.69e-02, 5.49e-02, 6.36e-02, 1.88e-01]
    → +4 scen  (total 28 = 17500 rows)

─── Round 6/7 │ 28 scen = 17500 rows ───
    coll=1500  scales=[2.49e-02, 5.56e-02, 5.86e-02, 1.74e-01]
    → +4 scen  (total 32 = 20000 rows)

─── Round 7/7 │ 32 scen = 20000 rows ───
    coll=1500  scales=[2.33e-02, 5.57e-02, 5.40e-02, 1.61e-01]

─── Final polish │ 300 ep ───
    ep  1160  data=-4.644e-01  pde=4.174e-01  λ=0.0020  val_mse=4.816e-03

[Done v3]  222.7s  32 scen  20000 rows  val_mse=4.7919e-03
  internal: 3.5992e-04  LHS: 7.5319e-02  (223s)

[pinn_oneshot]
  t_max override: ub[:,1] = 124.10  (was 1.00)
  Model: PINN  h=128  L=3  K=3  +PCA bottleneck k=8
  internal: 3.6057e-04  LHS: 1.4242e-01  (265s)

[ann_al]
  t_max override: ub[:,1] = 124.10  (was 1.00)
  Model: ANN   h=128  L=3  +PCA bottleneck k=8
[v3 trainer] ANN  budget=30  n0=4  k=4  rounds=7  total_ep=1260  λ_max=0.0

─── Round 0/7 │ 4 scen = 2500 rows ───
    → +4 scen  (total 8 = 5000 rows)

─── Round 1/7 │ 8 scen = 5000 rows ───
    → +4 scen  (total 12 = 7500 rows)

─── Round 2/7 │ 12 scen = 7500 rows ───
    → +4 scen  (total 16 = 10000 rows)

─── Round 3/7 │ 16 scen = 10000 rows ───
    → +4 scen  (total 20 = 12500 rows)

─── Round 4/7 │ 20 scen = 12500 rows ───
    → +4 scen  (total 24 = 15000 rows)

─── Round 5/7 │ 24 scen = 15000 rows ───
    → +4 scen  (total 28 = 17500 rows)

─── Round 6/7 │ 28 scen = 17500 rows ───
    → +4 scen  (total 32 = 20000 rows)

─── Round 7/7 │ 32 scen = 20000 rows ───

─── Final polish │ 300 ep ───
    ep  1160  data=7.050e-04  pde=0.000e+00  λ=0.0000  val_mse=5.737e-04

[Done v3]  61.1s  32 scen  20000 rows  val_mse=5.7317e-04
  internal: 6.8040e-05  LHS: 5.2087e-03  (61s)

[ann_oneshot]
  t_max override: ub[:,1] = 124.10  (was 1.00)
  Model: ANN   h=128  L=3  +PCA bottleneck k=8
  internal: 3.3146e-04  LHS: 4.0378e-02  (73s)

── seed=456 ──

[pinn_al]
  t_max override: ub[:,1] = 124.10  (was 1.00)
  Model: PINN  h=128  L=3  K=3  +PCA bottleneck k=8
[v3 trainer] PINN+committee+PDE  budget=30  n0=4  k=4  rounds=7  total_ep=1260  λ_max=0.002

─── Round 0/7 │ 4 scen = 2500 rows ───
    coll=1500  scales=[5.04e-02, 6.56e-02, 1.73e-01, 2.22e-01]
    → +4 scen  (total 8 = 5000 rows)

─── Round 1/7 │ 8 scen = 5000 rows ───
    coll=1500  scales=[5.00e-02, 7.67e-02, 1.66e-01, 2.36e-01]
    → +4 scen  (total 12 = 7500 rows)

─── Round 2/7 │ 12 scen = 7500 rows ───
    coll=1500  scales=[4.66e-02, 7.76e-02, 1.50e-01, 2.16e-01]
    → +4 scen  (total 16 = 10000 rows)

─── Round 3/7 │ 16 scen = 10000 rows ───
    coll=1500  scales=[4.40e-02, 8.29e-02, 1.36e-01, 1.98e-01]
    → +4 scen  (total 20 = 12500 rows)

─── Round 4/7 │ 20 scen = 12500 rows ───
    coll=1500  scales=[4.12e-02, 7.91e-02, 1.24e-01, 1.82e-01]
    → +4 scen  (total 24 = 15000 rows)

─── Round 5/7 │ 24 scen = 15000 rows ───
    coll=1500  scales=[3.85e-02, 8.49e-02, 1.14e-01, 1.68e-01]
    → +4 scen  (total 28 = 17500 rows)

─── Round 6/7 │ 28 scen = 17500 rows ───
    coll=1500  scales=[3.61e-02, 8.49e-02, 1.03e-01, 1.55e-01]
    → +4 scen  (total 32 = 20000 rows)

─── Round 7/7 │ 32 scen = 20000 rows ───
    coll=1500  scales=[3.35e-02, 8.19e-02, 9.43e-02, 1.43e-01]

─── Final polish │ 300 ep ───
    ep  1160  data=-4.654e-01  pde=3.479e-01  λ=0.0020  val_mse=4.349e-03

[Done v3]  228.6s  32 scen  20000 rows  val_mse=4.3382e-03
  internal: 2.6318e-04  LHS: 4.7955e-02  (229s)

[pinn_ic_coreset]
  t_max override: ub[:,1] = 124.10  (was 1.00)
  Model: PINN  h=128  L=3  K=3  +PCA bottleneck k=8
[v3 trainer] PINN+committee+PDE  budget=30  n0=4  k=4  rounds=7  total_ep=1260  λ_max=0.002

─── Round 0/7 │ 4 scen = 2500 rows ───
    coll=1500  scales=[5.04e-02, 6.56e-02, 1.73e-01, 2.22e-01]
    → +4 scen  (total 8 = 5000 rows)

─── Round 1/7 │ 8 scen = 5000 rows ───
    coll=1500  scales=[4.97e-02, 7.61e-02, 1.66e-01, 2.36e-01]
    → +4 scen  (total 12 = 7500 rows)

─── Round 2/7 │ 12 scen = 7500 rows ───
    coll=1500  scales=[4.73e-02, 7.89e-02, 1.50e-01, 2.17e-01]
    → +4 scen  (total 16 = 10000 rows)

─── Round 3/7 │ 16 scen = 10000 rows ───
    coll=1500  scales=[4.43e-02, 7.60e-02, 1.37e-01, 2.00e-01]
    → +4 scen  (total 20 = 12500 rows)

─── Round 4/7 │ 20 scen = 12500 rows ───
    coll=1500  scales=[4.10e-02, 7.76e-02, 1.25e-01, 1.83e-01]
    → +4 scen  (total 24 = 15000 rows)

─── Round 5/7 │ 24 scen = 15000 rows ───
    coll=1500  scales=[3.83e-02, 7.97e-02, 1.14e-01, 1.69e-01]
    → +4 scen  (total 28 = 17500 rows)

─── Round 6/7 │ 28 scen = 17500 rows ───
    coll=1500  scales=[3.61e-02, 8.47e-02, 1.04e-01, 1.56e-01]
    → +4 scen  (total 32 = 20000 rows)

─── Round 7/7 │ 32 scen = 20000 rows ───
    coll=1500  scales=[3.35e-02, 8.24e-02, 9.49e-02, 1.44e-01]

─── Final polish │ 300 ep ───
    ep  1160  data=-4.562e-01  pde=2.989e-01  λ=0.0020  val_mse=4.066e-03

[Done v3]  223.5s  32 scen  20000 rows  val_mse=4.0587e-03
  internal: 3.3539e-04  LHS: 2.5387e-02  (224s)

[pinn_seqrand]
  t_max override: ub[:,1] = 124.10  (was 1.00)
  Model: PINN  h=128  L=3  K=3  +PCA bottleneck k=8
[v3 trainer] PINN+committee+PDE  budget=30  n0=4  k=4  rounds=7  total_ep=1260  λ_max=0.002

─── Round 0/7 │ 4 scen = 2500 rows ───
    coll=1500  scales=[5.04e-02, 6.56e-02, 1.73e-01, 2.22e-01]
    → +4 scen  (total 8 = 5000 rows)

─── Round 1/7 │ 8 scen = 5000 rows ───
    coll=1500  scales=[4.59e-02, 6.44e-02, 1.65e-01, 2.35e-01]
    → +4 scen  (total 12 = 7500 rows)

─── Round 2/7 │ 12 scen = 7500 rows ───
    coll=1500  scales=[4.33e-02, 6.98e-02, 1.50e-01, 2.16e-01]
    → +4 scen  (total 16 = 10000 rows)

─── Round 3/7 │ 16 scen = 10000 rows ───
    coll=1500  scales=[4.15e-02, 6.77e-02, 1.37e-01, 1.98e-01]
    → +4 scen  (total 20 = 12500 rows)

─── Round 4/7 │ 20 scen = 12500 rows ───
    coll=1500  scales=[3.94e-02, 9.44e-02, 1.24e-01, 1.82e-01]
    → +4 scen  (total 24 = 15000 rows)

─── Round 5/7 │ 24 scen = 15000 rows ───
    coll=1500  scales=[3.75e-02, 9.64e-02, 1.13e-01, 1.68e-01]
    → +4 scen  (total 28 = 17500 rows)

─── Round 6/7 │ 28 scen = 17500 rows ───
    coll=1500  scales=[3.50e-02, 9.47e-02, 1.03e-01, 1.56e-01]
    → +4 scen  (total 32 = 20000 rows)

─── Round 7/7 │ 32 scen = 20000 rows ───
    coll=1500  scales=[3.29e-02, 9.98e-02, 9.45e-02, 1.45e-01]

─── Final polish │ 300 ep ───
    ep  1160  data=-4.657e-01  pde=3.231e-01  λ=0.0020  val_mse=4.609e-03

[Done v3]  223.7s  32 scen  20000 rows  val_mse=4.5972e-03
  internal: 3.1953e-04  LHS: 2.1965e-01  (224s)

[pinn_oneshot]
  t_max override: ub[:,1] = 124.10  (was 1.00)
  Model: PINN  h=128  L=3  K=3  +PCA bottleneck k=8
  internal: 3.9099e-04  LHS: 5.2502e-03  (265s)

[ann_al]
  t_max override: ub[:,1] = 124.10  (was 1.00)
  Model: ANN   h=128  L=3  +PCA bottleneck k=8
[v3 trainer] ANN  budget=30  n0=4  k=4  rounds=7  total_ep=1260  λ_max=0.0

─── Round 0/7 │ 4 scen = 2500 rows ───
    → +4 scen  (total 8 = 5000 rows)

─── Round 1/7 │ 8 scen = 5000 rows ───
    → +4 scen  (total 12 = 7500 rows)

─── Round 2/7 │ 12 scen = 7500 rows ───
    → +4 scen  (total 16 = 10000 rows)

─── Round 3/7 │ 16 scen = 10000 rows ───
    → +4 scen  (total 20 = 12500 rows)

─── Round 4/7 │ 20 scen = 12500 rows ───
    → +4 scen  (total 24 = 15000 rows)

─── Round 5/7 │ 24 scen = 15000 rows ───
    → +4 scen  (total 28 = 17500 rows)

─── Round 6/7 │ 28 scen = 17500 rows ───
    → +4 scen  (total 32 = 20000 rows)

─── Round 7/7 │ 32 scen = 20000 rows ───

─── Final polish │ 300 ep ───
    ep  1160  data=7.681e-04  pde=0.000e+00  λ=0.0000  val_mse=6.036e-04

[Done v3]  61.5s  32 scen  20000 rows  val_mse=6.0259e-04
  internal: 5.9613e-05  LHS: 1.9650e-02  (62s)

[ann_oneshot]
  t_max override: ub[:,1] = 124.10  (was 1.00)
  Model: ANN   h=128  L=3  +PCA bottleneck k=8
  internal: 1.6499e-04  LHS: 2.7760e-02  (73s)

── seed=789 ──

[pinn_al]
  t_max override: ub[:,1] = 124.10  (was 1.00)
  Model: PINN  h=128  L=3  K=3  +PCA bottleneck k=8
[v3 trainer] PINN+committee+PDE  budget=30  n0=4  k=4  rounds=7  total_ep=1260  λ_max=0.002

─── Round 0/7 │ 4 scen = 2500 rows ───
    coll=1500  scales=[6.59e-02, 6.58e-02, 3.39e-02, 1.90e-01]
    → +4 scen  (total 8 = 5000 rows)

─── Round 1/7 │ 8 scen = 5000 rows ───
    coll=1500  scales=[6.50e-02, 7.92e-02, 3.95e-02, 2.00e-01]
    → +4 scen  (total 12 = 7500 rows)

─── Round 2/7 │ 12 scen = 7500 rows ───
    coll=1500  scales=[6.26e-02, 7.72e-02, 3.64e-02, 1.83e-01]
    → +4 scen  (total 16 = 10000 rows)

─── Round 3/7 │ 16 scen = 10000 rows ───
    coll=1500  scales=[5.87e-02, 7.71e-02, 3.39e-02, 1.68e-01]
    → +4 scen  (total 20 = 12500 rows)

─── Round 4/7 │ 20 scen = 12500 rows ───
    coll=1500  scales=[5.52e-02, 8.08e-02, 3.14e-02, 1.55e-01]
    → +4 scen  (total 24 = 15000 rows)

─── Round 5/7 │ 24 scen = 15000 rows ───
    coll=1500  scales=[5.24e-02, 8.38e-02, 2.92e-02, 1.42e-01]
    → +4 scen  (total 28 = 17500 rows)

─── Round 6/7 │ 28 scen = 17500 rows ───
    coll=1500  scales=[4.94e-02, 8.32e-02, 2.72e-02, 1.31e-01]
    → +4 scen  (total 32 = 20000 rows)

─── Round 7/7 │ 32 scen = 20000 rows ───
    coll=1500  scales=[4.64e-02, 7.94e-02, 2.52e-02, 1.21e-01]

─── Final polish │ 300 ep ───
    ep  1160  data=-4.666e-01  pde=5.194e-01  λ=0.0020  val_mse=4.612e-03

[Done v3]  228.0s  32 scen  20000 rows  val_mse=4.6012e-03
  internal: 2.6454e-04  LHS: 1.3003e-02  (228s)

[pinn_ic_coreset]
  t_max override: ub[:,1] = 124.10  (was 1.00)
  Model: PINN  h=128  L=3  K=3  +PCA bottleneck k=8
[v3 trainer] PINN+committee+PDE  budget=30  n0=4  k=4  rounds=7  total_ep=1260  λ_max=0.002

─── Round 0/7 │ 4 scen = 2500 rows ───
    coll=1500  scales=[6.59e-02, 6.58e-02, 3.39e-02, 1.90e-01]
    → +4 scen  (total 8 = 5000 rows)

─── Round 1/7 │ 8 scen = 5000 rows ───
    coll=1500  scales=[6.39e-02, 7.58e-02, 3.95e-02, 2.00e-01]
    → +4 scen  (total 12 = 7500 rows)

─── Round 2/7 │ 12 scen = 7500 rows ───
    coll=1500  scales=[6.16e-02, 8.15e-02, 3.65e-02, 1.83e-01]
    → +4 scen  (total 16 = 10000 rows)

─── Round 3/7 │ 16 scen = 10000 rows ───
    coll=1500  scales=[5.84e-02, 7.77e-02, 3.36e-02, 1.68e-01]
    → +4 scen  (total 20 = 12500 rows)

─── Round 4/7 │ 20 scen = 12500 rows ───
    coll=1500  scales=[5.54e-02, 7.69e-02, 3.12e-02, 1.53e-01]
    → +4 scen  (total 24 = 15000 rows)

─── Round 5/7 │ 24 scen = 15000 rows ───
    coll=1500  scales=[5.20e-02, 7.27e-02, 2.91e-02, 1.41e-01]
    → +4 scen  (total 28 = 17500 rows)

─── Round 6/7 │ 28 scen = 17500 rows ───
    coll=1500  scales=[4.94e-02, 7.08e-02, 2.72e-02, 1.29e-01]
    → +4 scen  (total 32 = 20000 rows)

─── Round 7/7 │ 32 scen = 20000 rows ───
    coll=1500  scales=[4.65e-02, 6.79e-02, 2.54e-02, 1.19e-01]

─── Final polish │ 300 ep ───
    ep  1160  data=-4.585e-01  pde=4.476e-01  λ=0.0020  val_mse=4.270e-03

[Done v3]  223.2s  32 scen  20000 rows  val_mse=4.2604e-03
  internal: 3.5606e-04  LHS: 1.7694e-02  (223s)

[pinn_seqrand]
  t_max override: ub[:,1] = 124.10  (was 1.00)
  Model: PINN  h=128  L=3  K=3  +PCA bottleneck k=8
[v3 trainer] PINN+committee+PDE  budget=30  n0=4  k=4  rounds=7  total_ep=1260  λ_max=0.002

─── Round 0/7 │ 4 scen = 2500 rows ───
    coll=1500  scales=[6.59e-02, 6.58e-02, 3.39e-02, 1.90e-01]
    → +4 scen  (total 8 = 5000 rows)

─── Round 1/7 │ 8 scen = 5000 rows ───
    coll=1500  scales=[6.21e-02, 6.34e-02, 3.95e-02, 1.99e-01]
    → +4 scen  (total 12 = 7500 rows)

─── Round 2/7 │ 12 scen = 7500 rows ───
    coll=1500  scales=[5.85e-02, 6.45e-02, 3.67e-02, 1.83e-01]
    → +4 scen  (total 16 = 10000 rows)

─── Round 3/7 │ 16 scen = 10000 rows ───
    coll=1500  scales=[5.48e-02, 6.50e-02, 3.38e-02, 1.68e-01]
    → +4 scen  (total 20 = 12500 rows)

─── Round 4/7 │ 20 scen = 12500 rows ───
    coll=1500  scales=[5.17e-02, 6.13e-02, 3.14e-02, 1.55e-01]
    → +4 scen  (total 24 = 15000 rows)

─── Round 5/7 │ 24 scen = 15000 rows ───
    coll=1500  scales=[4.85e-02, 6.65e-02, 2.93e-02, 1.42e-01]
    → +4 scen  (total 28 = 17500 rows)

─── Round 6/7 │ 28 scen = 17500 rows ───
    coll=1500  scales=[4.54e-02, 6.27e-02, 2.74e-02, 1.31e-01]
    → +4 scen  (total 32 = 20000 rows)

─── Round 7/7 │ 32 scen = 20000 rows ───
    coll=1500  scales=[4.24e-02, 5.96e-02, 2.56e-02, 1.21e-01]

─── Final polish │ 300 ep ───
    ep  1160  data=-4.686e-01  pde=4.449e-01  λ=0.0020  val_mse=4.977e-03

[Done v3]  222.4s  32 scen  20000 rows  val_mse=4.9694e-03
  internal: 3.0402e-04  LHS: 4.4092e-03  (223s)

[pinn_oneshot]
  t_max override: ub[:,1] = 124.10  (was 1.00)
  Model: PINN  h=128  L=3  K=3  +PCA bottleneck k=8
  internal: 3.0121e-04  LHS: 6.3096e-03  (265s)

[ann_al]
  t_max override: ub[:,1] = 124.10  (was 1.00)
  Model: ANN   h=128  L=3  +PCA bottleneck k=8
[v3 trainer] ANN  budget=30  n0=4  k=4  rounds=7  total_ep=1260  λ_max=0.0

─── Round 0/7 │ 4 scen = 2500 rows ───
    → +4 scen  (total 8 = 5000 rows)

─── Round 1/7 │ 8 scen = 5000 rows ───
    → +4 scen  (total 12 = 7500 rows)

─── Round 2/7 │ 12 scen = 7500 rows ───
    → +4 scen  (total 16 = 10000 rows)

─── Round 3/7 │ 16 scen = 10000 rows ───
    → +4 scen  (total 20 = 12500 rows)

─── Round 4/7 │ 20 scen = 12500 rows ───
    → +4 scen  (total 24 = 15000 rows)

─── Round 5/7 │ 24 scen = 15000 rows ───
    → +4 scen  (total 28 = 17500 rows)

─── Round 6/7 │ 28 scen = 17500 rows ───
    → +4 scen  (total 32 = 20000 rows)

─── Round 7/7 │ 32 scen = 20000 rows ───

─── Final polish │ 300 ep ───
    ep  1160  data=1.174e-03  pde=0.000e+00  λ=0.0000  val_mse=7.321e-04

[Done v3]  61.4s  32 scen  20000 rows  val_mse=7.3018e-04
  internal: 7.3360e-05  LHS: 2.3141e-03  (61s)

[ann_oneshot]
  t_max override: ub[:,1] = 124.10  (was 1.00)
  Model: ANN   h=128  L=3  +PCA bottleneck k=8
  internal: 2.7566e-04  LHS: 2.1282e-02  (73s)

── seed=1024 ──

[pinn_al]
  t_max override: ub[:,1] = 124.10  (was 1.00)
  Model: PINN  h=128  L=3  K=3  +PCA bottleneck k=8
[v3 trainer] PINN+committee+PDE  budget=30  n0=4  k=4  rounds=7  total_ep=1260  λ_max=0.002

─── Round 0/7 │ 4 scen = 2500 rows ───
    coll=1500  scales=[1.36e-02, 2.70e-02, 3.32e-01, 2.73e-01]
    → +4 scen  (total 8 = 5000 rows)

─── Round 1/7 │ 8 scen = 5000 rows ───
    coll=1500  scales=[1.36e-02, 3.82e-02, 3.06e-01, 2.65e-01]
    → +4 scen  (total 12 = 7500 rows)

─── Round 2/7 │ 12 scen = 7500 rows ───
    coll=1500  scales=[1.30e-02, 4.06e-02, 2.76e-01, 2.44e-01]
    → +4 scen  (total 16 = 10000 rows)

─── Round 3/7 │ 16 scen = 10000 rows ───
    coll=1500  scales=[1.22e-02, 3.99e-02, 2.50e-01, 2.24e-01]
    → +4 scen  (total 20 = 12500 rows)

─── Round 4/7 │ 20 scen = 12500 rows ───
    coll=1500  scales=[1.16e-02, 4.40e-02, 2.27e-01, 2.06e-01]
    → +4 scen  (total 24 = 15000 rows)

─── Round 5/7 │ 24 scen = 15000 rows ───
    coll=1500  scales=[1.08e-02, 4.24e-02, 2.06e-01, 1.90e-01]
    → +4 scen  (total 28 = 17500 rows)

─── Round 6/7 │ 28 scen = 17500 rows ───
    coll=1500  scales=[1.03e-02, 4.27e-02, 1.87e-01, 1.76e-01]
    → +4 scen  (total 32 = 20000 rows)

─── Round 7/7 │ 32 scen = 20000 rows ───
    coll=1500  scales=[9.73e-03, 4.29e-02, 1.69e-01, 1.63e-01]

─── Final polish │ 300 ep ───
    ep  1160  data=-4.560e-01  pde=3.370e-01  λ=0.0020  val_mse=4.756e-03

[Done v3]  227.2s  32 scen  20000 rows  val_mse=4.7357e-03
  internal: 2.7237e-04  LHS: 1.3961e-01  (227s)

[pinn_ic_coreset]
  t_max override: ub[:,1] = 124.10  (was 1.00)
  Model: PINN  h=128  L=3  K=3  +PCA bottleneck k=8
[v3 trainer] PINN+committee+PDE  budget=30  n0=4  k=4  rounds=7  total_ep=1260  λ_max=0.002

─── Round 0/7 │ 4 scen = 2500 rows ───
    coll=1500  scales=[1.36e-02, 2.70e-02, 3.32e-01, 2.73e-01]
    → +4 scen  (total 8 = 5000 rows)

─── Round 1/7 │ 8 scen = 5000 rows ───
    coll=1500  scales=[1.33e-02, 3.65e-02, 3.06e-01, 2.64e-01]
    → +4 scen  (total 12 = 7500 rows)

─── Round 2/7 │ 12 scen = 7500 rows ───
    coll=1500  scales=[1.25e-02, 3.76e-02, 2.77e-01, 2.42e-01]
    → +4 scen  (total 16 = 10000 rows)

─── Round 3/7 │ 16 scen = 10000 rows ───
    coll=1500  scales=[1.17e-02, 3.82e-02, 2.50e-01, 2.22e-01]
    → +4 scen  (total 20 = 12500 rows)

─── Round 4/7 │ 20 scen = 12500 rows ───
    coll=1500  scales=[1.09e-02, 3.86e-02, 2.27e-01, 2.04e-01]
    → +4 scen  (total 24 = 15000 rows)

─── Round 5/7 │ 24 scen = 15000 rows ───
    coll=1500  scales=[1.02e-02, 3.88e-02, 2.06e-01, 1.88e-01]
    → +4 scen  (total 28 = 17500 rows)

─── Round 6/7 │ 28 scen = 17500 rows ───
    coll=1500  scales=[9.68e-03, 3.86e-02, 1.88e-01, 1.74e-01]
    → +4 scen  (total 32 = 20000 rows)

─── Round 7/7 │ 32 scen = 20000 rows ───
    coll=1500  scales=[9.12e-03, 3.78e-02, 1.70e-01, 1.61e-01]

─── Final polish │ 300 ep ───
    ep  1160  data=-4.529e-01  pde=3.431e-01  λ=0.0020  val_mse=5.174e-03

[Done v3]  222.5s  32 scen  20000 rows  val_mse=5.1420e-03
  internal: 3.0204e-04  LHS: 9.5229e-03  (223s)

[pinn_seqrand]
  t_max override: ub[:,1] = 124.10  (was 1.00)
  Model: PINN  h=128  L=3  K=3  +PCA bottleneck k=8
[v3 trainer] PINN+committee+PDE  budget=30  n0=4  k=4  rounds=7  total_ep=1260  λ_max=0.002

─── Round 0/7 │ 4 scen = 2500 rows ───
    coll=1500  scales=[1.36e-02, 2.70e-02, 3.32e-01, 2.73e-01]
    → +4 scen  (total 8 = 5000 rows)

─── Round 1/7 │ 8 scen = 5000 rows ───
    coll=1500  scales=[1.27e-02, 2.96e-02, 3.06e-01, 2.64e-01]
    → +4 scen  (total 12 = 7500 rows)

─── Round 2/7 │ 12 scen = 7500 rows ───
    coll=1500  scales=[1.21e-02, 3.54e-02, 2.77e-01, 2.43e-01]
    → +4 scen  (total 16 = 10000 rows)

─── Round 3/7 │ 16 scen = 10000 rows ───
    coll=1500  scales=[1.13e-02, 3.90e-02, 2.51e-01, 2.29e-01]
    → +4 scen  (total 20 = 12500 rows)

─── Round 4/7 │ 20 scen = 12500 rows ───
    coll=1500  scales=[1.10e-02, 4.21e-02, 2.28e-01, 2.11e-01]
    → +4 scen  (total 24 = 15000 rows)

─── Round 5/7 │ 24 scen = 15000 rows ───
    coll=1500  scales=[1.02e-02, 4.00e-02, 2.07e-01, 1.95e-01]
    → +4 scen  (total 28 = 17500 rows)

─── Round 6/7 │ 28 scen = 17500 rows ───
    coll=1500  scales=[9.63e-03, 3.97e-02, 1.88e-01, 1.81e-01]
    → +4 scen  (total 32 = 20000 rows)

─── Round 7/7 │ 32 scen = 20000 rows ───
    coll=1500  scales=[8.97e-03, 3.91e-02, 1.71e-01, 1.68e-01]

─── Final polish │ 300 ep ───
    ep  1160  data=-4.636e-01  pde=2.940e-01  λ=0.0020  val_mse=5.980e-03

[Done v3]  223.2s  32 scen  20000 rows  val_mse=5.9481e-03
  internal: 3.3592e-04  LHS: 1.0817e-01  (223s)

[pinn_oneshot]
  t_max override: ub[:,1] = 124.10  (was 1.00)
  Model: PINN  h=128  L=3  K=3  +PCA bottleneck k=8
  internal: 4.0256e-04  LHS: 3.0398e-02  (267s)

[ann_al]
  t_max override: ub[:,1] = 124.10  (was 1.00)
  Model: ANN   h=128  L=3  +PCA bottleneck k=8
[v3 trainer] ANN  budget=30  n0=4  k=4  rounds=7  total_ep=1260  λ_max=0.0

─── Round 0/7 │ 4 scen = 2500 rows ───
    → +4 scen  (total 8 = 5000 rows)

─── Round 1/7 │ 8 scen = 5000 rows ───
    → +4 scen  (total 12 = 7500 rows)

─── Round 2/7 │ 12 scen = 7500 rows ───
    → +4 scen  (total 16 = 10000 rows)

─── Round 3/7 │ 16 scen = 10000 rows ───
    → +4 scen  (total 20 = 12500 rows)

─── Round 4/7 │ 20 scen = 12500 rows ───
    → +4 scen  (total 24 = 15000 rows)

─── Round 5/7 │ 24 scen = 15000 rows ───
    → +4 scen  (total 28 = 17500 rows)

─── Round 6/7 │ 28 scen = 17500 rows ───
    → +4 scen  (total 32 = 20000 rows)

─── Round 7/7 │ 32 scen = 20000 rows ───

─── Final polish │ 300 ep ───
    ep  1160  data=8.703e-04  pde=0.000e+00  λ=0.0000  val_mse=6.336e-04

[Done v3]  61.8s  32 scen  20000 rows  val_mse=6.3274e-04
  internal: 6.2188e-05  LHS: 1.2284e-02  (62s)

[ann_oneshot]
  t_max override: ub[:,1] = 124.10  (was 1.00)
  Model: ANN   h=128  L=3  +PCA bottleneck k=8
  internal: 2.0694e-04  LHS: 4.3105e-02  (74s)

======================================================================
BUDGET = 60 scenarios
======================================================================

── seed=42 ──

[pinn_al]
  t_max override: ub[:,1] = 124.10  (was 1.00)
  Model: PINN  h=192  L=4  K=3  +PCA bottleneck k=8
[v3 trainer] PINN+committee+PDE  budget=60  n0=4  k=4  rounds=14  total_ep=2100  λ_max=0.002

─── Round 0/14 │ 4 scen = 2500 rows ───
    coll=1500  scales=[4.37e-02, 9.07e-02, 1.59e-01, 2.03e-01]
    → +4 scen  (total 8 = 5000 rows)

─── Round 1/14 │ 8 scen = 5000 rows ───
    coll=1500  scales=[4.71e-02, 1.19e-01, 1.46e-01, 2.32e-01]
    → +4 scen  (total 12 = 7500 rows)

─── Round 2/14 │ 12 scen = 7500 rows ───
    coll=1500  scales=[4.39e-02, 1.20e-01, 1.32e-01, 2.12e-01]
    → +4 scen  (total 16 = 10000 rows)

─── Round 3/14 │ 16 scen = 10000 rows ───
    coll=1500  scales=[4.20e-02, 1.68e-01, 1.20e-01, 1.94e-01]
    → +4 scen  (total 20 = 12500 rows)

─── Round 4/14 │ 20 scen = 12500 rows ───
    coll=1500  scales=[3.94e-02, 1.60e-01, 1.10e-01, 1.79e-01]
    → +4 scen  (total 24 = 15000 rows)

─── Round 5/14 │ 24 scen = 15000 rows ───
    coll=1500  scales=[3.68e-02, 1.52e-01, 9.98e-02, 1.65e-01]
    → +4 scen  (total 28 = 17500 rows)

─── Round 6/14 │ 28 scen = 17500 rows ───
    coll=1500  scales=[3.42e-02, 1.50e-01, 9.11e-02, 1.54e-01]
    → +4 scen  (total 32 = 20000 rows)

─── Round 7/14 │ 32 scen = 20000 rows ───
    coll=1500  scales=[3.19e-02, 1.40e-01, 8.33e-02, 1.42e-01]
    → +4 scen  (total 36 = 22500 rows)

─── Round 8/14 │ 36 scen = 22500 rows ───
    coll=1500  scales=[2.96e-02, 1.30e-01, 7.64e-02, 1.32e-01]
    → +4 scen  (total 40 = 25000 rows)

─── Round 9/14 │ 40 scen = 25000 rows ───
    coll=1500  scales=[2.74e-02, 1.25e-01, 7.00e-02, 1.24e-01]
    → +4 scen  (total 44 = 27500 rows)

─── Round 10/14 │ 44 scen = 27500 rows ───
    coll=1500  scales=[2.60e-02, 1.26e-01, 6.42e-02, 1.15e-01]
    → +4 scen  (total 48 = 30000 rows)

─── Round 11/14 │ 48 scen = 30000 rows ───
    coll=1500  scales=[2.41e-02, 1.18e-01, 5.90e-02, 1.07e-01]
    → +4 scen  (total 52 = 32500 rows)

─── Round 12/14 │ 52 scen = 32500 rows ───
    coll=1500  scales=[2.23e-02, 1.11e-01, 5.45e-02, 9.90e-02]
    → +4 scen  (total 56 = 35000 rows)

─── Round 13/14 │ 56 scen = 35000 rows ───
    coll=1500  scales=[2.10e-02, 1.08e-01, 5.04e-02, 9.23e-02]
    → +4 scen  (total 60 = 37500 rows)

─── Round 14/14 │ 60 scen = 37500 rows ───
    coll=1500  scales=[1.93e-02, 1.01e-01, 4.65e-02, 8.58e-02]

─── Final polish │ 300 ep ───
    ep  2000  data=-4.820e-01  pde=2.834e-01  λ=0.0020  val_mse=3.909e-03

[Done v3]  1316.4s  60 scen  37500 rows  val_mse=3.9061e-03
  internal: 2.7372e-04  LHS: 3.0466e-02  (1317s)

[pinn_ic_coreset]
  t_max override: ub[:,1] = 124.10  (was 1.00)
  Model: PINN  h=192  L=4  K=3  +PCA bottleneck k=8
[v3 trainer] PINN+committee+PDE  budget=60  n0=4  k=4  rounds=14  total_ep=2100  λ_max=0.002

─── Round 0/14 │ 4 scen = 2500 rows ───
    coll=1500  scales=[4.37e-02, 9.07e-02, 1.59e-01, 2.03e-01]
    → +4 scen  (total 8 = 5000 rows)

─── Round 1/14 │ 8 scen = 5000 rows ───
    coll=1500  scales=[4.68e-02, 1.17e-01, 1.46e-01, 2.32e-01]
    → +4 scen  (total 12 = 7500 rows)

─── Round 2/14 │ 12 scen = 7500 rows ───
    coll=1500  scales=[4.42e-02, 1.49e-01, 1.32e-01, 2.12e-01]
    → +4 scen  (total 16 = 10000 rows)

─── Round 3/14 │ 16 scen = 10000 rows ───
    coll=1500  scales=[4.16e-02, 1.48e-01, 1.21e-01, 1.95e-01]
    → +4 scen  (total 20 = 12500 rows)

─── Round 4/14 │ 20 scen = 12500 rows ───
    coll=1500  scales=[3.92e-02, 1.43e-01, 1.10e-01, 1.80e-01]
    → +4 scen  (total 24 = 15000 rows)

─── Round 5/14 │ 24 scen = 15000 rows ───
    coll=1500  scales=[3.63e-02, 1.34e-01, 9.98e-02, 1.65e-01]
    → +4 scen  (total 28 = 17500 rows)

─── Round 6/14 │ 28 scen = 17500 rows ───
    coll=1500  scales=[3.37e-02, 1.32e-01, 9.12e-02, 1.53e-01]
    → +4 scen  (total 32 = 20000 rows)

─── Round 7/14 │ 32 scen = 20000 rows ───
    coll=1500  scales=[3.33e-02, 1.45e-01, 8.31e-02, 1.42e-01]
    → +4 scen  (total 36 = 22500 rows)

─── Round 8/14 │ 36 scen = 22500 rows ───
    coll=1500  scales=[3.09e-02, 1.38e-01, 7.60e-02, 1.32e-01]
    → +4 scen  (total 40 = 25000 rows)

─── Round 9/14 │ 40 scen = 25000 rows ───
    coll=1500  scales=[2.86e-02, 1.31e-01, 6.95e-02, 1.22e-01]
    → +4 scen  (total 44 = 27500 rows)

─── Round 10/14 │ 44 scen = 27500 rows ───
    coll=1500  scales=[2.64e-02, 1.22e-01, 6.39e-02, 1.13e-01]
    → +4 scen  (total 48 = 30000 rows)

─── Round 11/14 │ 48 scen = 30000 rows ───
    coll=1500  scales=[2.44e-02, 1.17e-01, 5.94e-02, 1.06e-01]
    → +4 scen  (total 52 = 32500 rows)

─── Round 12/14 │ 52 scen = 32500 rows ───
    coll=1500  scales=[2.26e-02, 1.12e-01, 5.47e-02, 9.83e-02]
    → +4 scen  (total 56 = 35000 rows)

─── Round 13/14 │ 56 scen = 35000 rows ───
    coll=1500  scales=[2.10e-02, 1.06e-01, 5.05e-02, 9.13e-02]
    → +4 scen  (total 60 = 37500 rows)

─── Round 14/14 │ 60 scen = 37500 rows ───
    coll=1500  scales=[1.93e-02, 9.88e-02, 4.65e-02, 8.45e-02]

─── Final polish │ 300 ep ───
    ep  2000  data=-4.814e-01  pde=2.410e-01  λ=0.0020  val_mse=3.493e-03

[Done v3]  1302.3s  60 scen  37500 rows  val_mse=3.4917e-03
  internal: 3.0116e-04  LHS: 2.8090e-02  (1302s)

[pinn_seqrand]
  t_max override: ub[:,1] = 124.10  (was 1.00)
  Model: PINN  h=192  L=4  K=3  +PCA bottleneck k=8
[v3 trainer] PINN+committee+PDE  budget=60  n0=4  k=4  rounds=14  total_ep=2100  λ_max=0.002

─── Round 0/14 │ 4 scen = 2500 rows ───
    coll=1500  scales=[4.37e-02, 9.07e-02, 1.59e-01, 2.03e-01]
    → +4 scen  (total 8 = 5000 rows)

─── Round 1/14 │ 8 scen = 5000 rows ───
    coll=1500  scales=[4.10e-02, 9.77e-02, 1.45e-01, 2.31e-01]
    → +4 scen  (total 12 = 7500 rows)

─── Round 2/14 │ 12 scen = 7500 rows ───
    coll=1500  scales=[3.99e-02, 1.22e-01, 1.31e-01, 2.11e-01]
    → +4 scen  (total 16 = 10000 rows)

─── Round 3/14 │ 16 scen = 10000 rows ───
    coll=1500  scales=[3.76e-02, 1.55e-01, 1.20e-01, 1.95e-01]
    → +4 scen  (total 20 = 12500 rows)

─── Round 4/14 │ 20 scen = 12500 rows ───
    coll=1500  scales=[3.49e-02, 1.48e-01, 1.09e-01, 1.80e-01]
    → +4 scen  (total 24 = 15000 rows)

─── Round 5/14 │ 24 scen = 15000 rows ───
    coll=1500  scales=[3.52e-02, 1.58e-01, 1.00e-01, 1.67e-01]
    → +4 scen  (total 28 = 17500 rows)

─── Round 6/14 │ 28 scen = 17500 rows ───
    coll=1500  scales=[3.27e-02, 1.48e-01, 9.12e-02, 1.54e-01]
    → +4 scen  (total 32 = 20000 rows)

─── Round 7/14 │ 32 scen = 20000 rows ───
    coll=1500  scales=[3.14e-02, 1.53e-01, 8.39e-02, 1.43e-01]
    → +4 scen  (total 36 = 22500 rows)

─── Round 8/14 │ 36 scen = 22500 rows ───
    coll=1500  scales=[2.90e-02, 1.42e-01, 7.68e-02, 1.32e-01]
    → +4 scen  (total 40 = 25000 rows)

─── Round 9/14 │ 40 scen = 25000 rows ───
    coll=1500  scales=[2.80e-02, 1.48e-01, 7.04e-02, 1.23e-01]
    → +4 scen  (total 44 = 27500 rows)

─── Round 10/14 │ 44 scen = 27500 rows ───
    coll=1500  scales=[2.59e-02, 1.37e-01, 6.48e-02, 1.14e-01]
    → +4 scen  (total 48 = 30000 rows)

─── Round 11/14 │ 48 scen = 30000 rows ───
    coll=1500  scales=[2.41e-02, 1.36e-01, 5.95e-02, 1.06e-01]
    → +4 scen  (total 52 = 32500 rows)

─── Round 12/14 │ 52 scen = 32500 rows ───
    coll=1500  scales=[2.23e-02, 1.27e-01, 5.50e-02, 9.90e-02]
    → +4 scen  (total 56 = 35000 rows)

─── Round 13/14 │ 56 scen = 35000 rows ───
    coll=1500  scales=[2.06e-02, 1.17e-01, 5.08e-02, 9.21e-02]
    → +4 scen  (total 60 = 37500 rows)

─── Round 14/14 │ 60 scen = 37500 rows ───
    coll=1500  scales=[1.90e-02, 1.12e-01, 4.68e-02, 8.54e-02]

─── Final polish │ 300 ep ───
    ep  2000  data=-4.762e-01  pde=2.522e-01  λ=0.0020  val_mse=4.324e-03

[Done v3]  1299.2s  60 scen  37500 rows  val_mse=4.3182e-03
  internal: 3.7427e-04  LHS: 3.6793e-02  (1299s)

[pinn_oneshot]
  t_max override: ub[:,1] = 124.10  (was 1.00)
  Model: PINN  h=192  L=4  K=3  +PCA bottleneck k=8
  internal: 3.4286e-04  LHS: 3.0771e-02  (1759s)

[ann_al]
  t_max override: ub[:,1] = 124.10  (was 1.00)
  Model: ANN   h=192  L=4  +PCA bottleneck k=8
[v3 trainer] ANN  budget=60  n0=4  k=4  rounds=14  total_ep=2100  λ_max=0.0

─── Round 0/14 │ 4 scen = 2500 rows ───
    → +4 scen  (total 8 = 5000 rows)

─── Round 1/14 │ 8 scen = 5000 rows ───
    → +4 scen  (total 12 = 7500 rows)

─── Round 2/14 │ 12 scen = 7500 rows ───
    → +4 scen  (total 16 = 10000 rows)

─── Round 3/14 │ 16 scen = 10000 rows ───
    → +4 scen  (total 20 = 12500 rows)

─── Round 4/14 │ 20 scen = 12500 rows ───
    → +4 scen  (total 24 = 15000 rows)

─── Round 5/14 │ 24 scen = 15000 rows ───
    → +4 scen  (total 28 = 17500 rows)

─── Round 6/14 │ 28 scen = 17500 rows ───
    → +4 scen  (total 32 = 20000 rows)

─── Round 7/14 │ 32 scen = 20000 rows ───
    → +4 scen  (total 36 = 22500 rows)

─── Round 8/14 │ 36 scen = 22500 rows ───
    → +4 scen  (total 40 = 25000 rows)

─── Round 9/14 │ 40 scen = 25000 rows ───
    → +4 scen  (total 44 = 27500 rows)

─── Round 10/14 │ 44 scen = 27500 rows ───
    → +4 scen  (total 48 = 30000 rows)

─── Round 11/14 │ 48 scen = 30000 rows ───
    → +4 scen  (total 52 = 32500 rows)

─── Round 12/14 │ 52 scen = 32500 rows ───
    → +4 scen  (total 56 = 35000 rows)

─── Round 13/14 │ 56 scen = 35000 rows ───
    → +4 scen  (total 60 = 37500 rows)

─── Round 14/14 │ 60 scen = 37500 rows ───

─── Final polish │ 300 ep ───
    ep  2000  data=4.177e-04  pde=0.000e+00  λ=0.0000  val_mse=3.212e-04

[Done v3]  390.2s  60 scen  37500 rows  val_mse=3.2110e-04
  internal: 3.1902e-05  LHS: 5.5588e-02  (390s)

[ann_oneshot]
  t_max override: ub[:,1] = 124.10  (was 1.00)
  Model: ANN   h=192  L=4  +PCA bottleneck k=8
  internal: 7.3665e-05  LHS: 5.2393e-02  (587s)

── seed=123 ──

[pinn_al]
  t_max override: ub[:,1] = 124.10  (was 1.00)
  Model: PINN  h=192  L=4  K=3  +PCA bottleneck k=8
[v3 trainer] PINN+committee+PDE  budget=60  n0=4  k=4  rounds=14  total_ep=2100  λ_max=0.002

─── Round 0/14 │ 4 scen = 2500 rows ───
    coll=1500  scales=[4.01e-02, 4.58e-02, 9.06e-02, 8.82e-01]
    → +4 scen  (total 8 = 5000 rows)

─── Round 1/14 │ 8 scen = 5000 rows ───
    coll=1500  scales=[3.92e-02, 5.59e-02, 9.41e-02, 8.15e-01]
    → +4 scen  (total 12 = 7500 rows)

─── Round 2/14 │ 12 scen = 7500 rows ───
    coll=1500  scales=[3.72e-02, 5.68e-02, 8.59e-02, 7.38e-01]
    → +4 scen  (total 16 = 10000 rows)

─── Round 3/14 │ 16 scen = 10000 rows ───
    coll=1500  scales=[3.46e-02, 6.02e-02, 7.85e-02, 6.68e-01]
    → +4 scen  (total 20 = 12500 rows)

─── Round 4/14 │ 20 scen = 12500 rows ───
    coll=1500  scales=[3.21e-02, 6.60e-02, 7.32e-02, 6.09e-01]
    → +4 scen  (total 24 = 15000 rows)

─── Round 5/14 │ 24 scen = 15000 rows ───
    coll=1500  scales=[2.98e-02, 6.40e-02, 6.71e-02, 5.52e-01]
    → +4 scen  (total 28 = 17500 rows)

─── Round 6/14 │ 28 scen = 17500 rows ───
    coll=1500  scales=[2.78e-02, 7.16e-02, 6.18e-02, 5.02e-01]
    → +4 scen  (total 32 = 20000 rows)

─── Round 7/14 │ 32 scen = 20000 rows ───
    coll=1500  scales=[2.57e-02, 6.80e-02, 5.71e-02, 4.56e-01]
    → +4 scen  (total 36 = 22500 rows)

─── Round 8/14 │ 36 scen = 22500 rows ───
    coll=1500  scales=[2.41e-02, 7.37e-02, 5.26e-02, 4.15e-01]
    → +4 scen  (total 40 = 25000 rows)

─── Round 9/14 │ 40 scen = 25000 rows ───
    coll=1500  scales=[2.23e-02, 6.90e-02, 4.87e-02, 3.78e-01]
    → +4 scen  (total 44 = 27500 rows)

─── Round 10/14 │ 44 scen = 27500 rows ───
    coll=1500  scales=[2.06e-02, 6.54e-02, 4.53e-02, 3.45e-01]
    → +4 scen  (total 48 = 30000 rows)

─── Round 11/14 │ 48 scen = 30000 rows ───
    coll=1500  scales=[1.90e-02, 6.16e-02, 4.22e-02, 3.15e-01]
    → +4 scen  (total 52 = 32500 rows)

─── Round 12/14 │ 52 scen = 32500 rows ───
    coll=1500  scales=[1.77e-02, 6.03e-02, 3.93e-02, 2.89e-01]
    → +4 scen  (total 56 = 35000 rows)

─── Round 13/14 │ 56 scen = 35000 rows ───
    coll=1500  scales=[1.64e-02, 5.88e-02, 3.69e-02, 2.65e-01]
    → +4 scen  (total 60 = 37500 rows)

─── Round 14/14 │ 60 scen = 37500 rows ───
    coll=1500  scales=[1.52e-02, 5.72e-02, 3.45e-02, 2.43e-01]

─── Final polish │ 300 ep ───
    ep  2000  data=-4.807e-01  pde=3.173e-01  λ=0.0020  val_mse=3.949e-03

[Done v3]  1316.0s  60 scen  37500 rows  val_mse=3.9444e-03
  internal: 2.5219e-04  LHS: 2.1531e-03  (1316s)

[pinn_ic_coreset]
  t_max override: ub[:,1] = 124.10  (was 1.00)
  Model: PINN  h=192  L=4  K=3  +PCA bottleneck k=8
[v3 trainer] PINN+committee+PDE  budget=60  n0=4  k=4  rounds=14  total_ep=2100  λ_max=0.002

─── Round 0/14 │ 4 scen = 2500 rows ───
    coll=1500  scales=[4.01e-02, 4.58e-02, 9.06e-02, 8.82e-01]
    → +4 scen  (total 8 = 5000 rows)

─── Round 1/14 │ 8 scen = 5000 rows ───
    coll=1500  scales=[3.90e-02, 5.47e-02, 9.41e-02, 8.14e-01]
    → +4 scen  (total 12 = 7500 rows)

─── Round 2/14 │ 12 scen = 7500 rows ───
    coll=1500  scales=[3.73e-02, 7.83e-02, 8.64e-02, 7.37e-01]
    → +4 scen  (total 16 = 10000 rows)

─── Round 3/14 │ 16 scen = 10000 rows ───
    coll=1500  scales=[3.53e-02, 1.11e-01, 7.91e-02, 6.69e-01]
    → +4 scen  (total 20 = 12500 rows)

─── Round 4/14 │ 20 scen = 12500 rows ───
    coll=1500  scales=[3.30e-02, 1.06e-01, 7.25e-02, 6.06e-01]
    → +4 scen  (total 24 = 15000 rows)

─── Round 5/14 │ 24 scen = 15000 rows ───
    coll=1500  scales=[3.08e-02, 1.00e-01, 6.67e-02, 5.51e-01]
    → +4 scen  (total 28 = 17500 rows)

─── Round 6/14 │ 28 scen = 17500 rows ───
    coll=1500  scales=[2.87e-02, 1.02e-01, 6.16e-02, 5.01e-01]
    → +4 scen  (total 32 = 20000 rows)

─── Round 7/14 │ 32 scen = 20000 rows ───
    coll=1500  scales=[2.67e-02, 9.55e-02, 5.70e-02, 4.58e-01]
    → +4 scen  (total 36 = 22500 rows)

─── Round 8/14 │ 36 scen = 22500 rows ───
    coll=1500  scales=[2.48e-02, 9.60e-02, 5.27e-02, 4.18e-01]
    → +4 scen  (total 40 = 25000 rows)

─── Round 9/14 │ 40 scen = 25000 rows ───
    coll=1500  scales=[2.30e-02, 9.09e-02, 4.88e-02, 3.80e-01]
    → +4 scen  (total 44 = 27500 rows)

─── Round 10/14 │ 44 scen = 27500 rows ───
    coll=1500  scales=[2.15e-02, 9.02e-02, 4.53e-02, 3.47e-01]
    → +4 scen  (total 48 = 30000 rows)

─── Round 11/14 │ 48 scen = 30000 rows ───
    coll=1500  scales=[2.00e-02, 8.47e-02, 4.21e-02, 3.17e-01]
    → +4 scen  (total 52 = 32500 rows)

─── Round 12/14 │ 52 scen = 32500 rows ───
    coll=1500  scales=[1.84e-02, 8.16e-02, 3.93e-02, 2.90e-01]
    → +4 scen  (total 56 = 35000 rows)

─── Round 13/14 │ 56 scen = 35000 rows ───
    coll=1500  scales=[1.70e-02, 7.67e-02, 3.68e-02, 2.66e-01]
    → +4 scen  (total 60 = 37500 rows)

─── Round 14/14 │ 60 scen = 37500 rows ───
    coll=1500  scales=[1.56e-02, 7.15e-02, 3.44e-02, 2.44e-01]

─── Final polish │ 300 ep ───
    ep  2000  data=-4.805e-01  pde=2.844e-01  λ=0.0020  val_mse=3.711e-03

[Done v3]  1293.7s  60 scen  37500 rows  val_mse=3.7070e-03
  internal: 2.6321e-04  LHS: 1.1334e-03  (1294s)

[pinn_seqrand]
  t_max override: ub[:,1] = 124.10  (was 1.00)
  Model: PINN  h=192  L=4  K=3  +PCA bottleneck k=8
[v3 trainer] PINN+committee+PDE  budget=60  n0=4  k=4  rounds=14  total_ep=2100  λ_max=0.002

─── Round 0/14 │ 4 scen = 2500 rows ───
    coll=1500  scales=[4.01e-02, 4.58e-02, 9.06e-02, 8.82e-01]
    → +4 scen  (total 8 = 5000 rows)

─── Round 1/14 │ 8 scen = 5000 rows ───
    coll=1500  scales=[3.76e-02, 4.92e-02, 9.41e-02, 8.14e-01]
    → +4 scen  (total 12 = 7500 rows)

─── Round 2/14 │ 12 scen = 7500 rows ───
    coll=1500  scales=[3.55e-02, 5.65e-02, 8.58e-02, 7.38e-01]
    → +4 scen  (total 16 = 10000 rows)

─── Round 3/14 │ 16 scen = 10000 rows ───
    coll=1500  scales=[3.33e-02, 6.01e-02, 7.84e-02, 6.70e-01]
    → +4 scen  (total 20 = 12500 rows)

─── Round 4/14 │ 20 scen = 12500 rows ───
    coll=1500  scales=[3.11e-02, 6.21e-02, 7.16e-02, 6.10e-01]
    → +4 scen  (total 24 = 15000 rows)

─── Round 5/14 │ 24 scen = 15000 rows ───
    coll=1500  scales=[2.88e-02, 5.99e-02, 6.57e-02, 5.61e-01]
    → +4 scen  (total 28 = 17500 rows)

─── Round 6/14 │ 28 scen = 17500 rows ───
    coll=1500  scales=[2.68e-02, 5.75e-02, 6.05e-02, 5.10e-01]
    → +4 scen  (total 32 = 20000 rows)

─── Round 7/14 │ 32 scen = 20000 rows ───
    coll=1500  scales=[2.48e-02, 5.46e-02, 5.57e-02, 4.63e-01]
    → +4 scen  (total 36 = 22500 rows)

─── Round 8/14 │ 36 scen = 22500 rows ───
    coll=1500  scales=[2.43e-02, 6.70e-02, 5.14e-02, 4.22e-01]
    → +4 scen  (total 40 = 25000 rows)

─── Round 9/14 │ 40 scen = 25000 rows ───
    coll=1500  scales=[2.25e-02, 6.26e-02, 4.78e-02, 3.84e-01]
    → +4 scen  (total 44 = 27500 rows)

─── Round 10/14 │ 44 scen = 27500 rows ───
    coll=1500  scales=[2.08e-02, 5.87e-02, 4.46e-02, 3.51e-01]
    → +4 scen  (total 48 = 30000 rows)

─── Round 11/14 │ 48 scen = 30000 rows ───
    coll=1500  scales=[1.91e-02, 5.73e-02, 4.13e-02, 3.20e-01]
    → +4 scen  (total 52 = 32500 rows)

─── Round 12/14 │ 52 scen = 32500 rows ───
    coll=1500  scales=[1.77e-02, 5.37e-02, 3.85e-02, 2.92e-01]
    → +4 scen  (total 56 = 35000 rows)

─── Round 13/14 │ 56 scen = 35000 rows ───
    coll=1500  scales=[1.66e-02, 5.22e-02, 3.65e-02, 2.68e-01]
    → +4 scen  (total 60 = 37500 rows)

─── Round 14/14 │ 60 scen = 37500 rows ───
    coll=1500  scales=[1.53e-02, 4.90e-02, 3.41e-02, 2.45e-01]

─── Final polish │ 300 ep ───
    ep  2000  data=-4.768e-01  pde=3.047e-01  λ=0.0020  val_mse=4.014e-03

[Done v3]  1298.0s  60 scen  37500 rows  val_mse=4.0079e-03
  internal: 3.0065e-04  LHS: 1.7689e-03  (1298s)

[pinn_oneshot]
  t_max override: ub[:,1] = 124.10  (was 1.00)
  Model: PINN  h=192  L=4  K=3  +PCA bottleneck k=8
  internal: 2.8427e-04  LHS: 3.1455e-02  (1766s)

[ann_al]
  t_max override: ub[:,1] = 124.10  (was 1.00)
  Model: ANN   h=192  L=4  +PCA bottleneck k=8
[v3 trainer] ANN  budget=60  n0=4  k=4  rounds=14  total_ep=2100  λ_max=0.0

─── Round 0/14 │ 4 scen = 2500 rows ───
    → +4 scen  (total 8 = 5000 rows)

─── Round 1/14 │ 8 scen = 5000 rows ───
    → +4 scen  (total 12 = 7500 rows)

─── Round 2/14 │ 12 scen = 7500 rows ───
    → +4 scen  (total 16 = 10000 rows)

─── Round 3/14 │ 16 scen = 10000 rows ───
    → +4 scen  (total 20 = 12500 rows)

─── Round 4/14 │ 20 scen = 12500 rows ───
    → +4 scen  (total 24 = 15000 rows)

─── Round 5/14 │ 24 scen = 15000 rows ───
    → +4 scen  (total 28 = 17500 rows)

─── Round 6/14 │ 28 scen = 17500 rows ───
    → +4 scen  (total 32 = 20000 rows)

─── Round 7/14 │ 32 scen = 20000 rows ───
    → +4 scen  (total 36 = 22500 rows)

─── Round 8/14 │ 36 scen = 22500 rows ───
    → +4 scen  (total 40 = 25000 rows)

─── Round 9/14 │ 40 scen = 25000 rows ───
    → +4 scen  (total 44 = 27500 rows)

─── Round 10/14 │ 44 scen = 27500 rows ───
    → +4 scen  (total 48 = 30000 rows)

─── Round 11/14 │ 48 scen = 30000 rows ───
    → +4 scen  (total 52 = 32500 rows)

─── Round 12/14 │ 52 scen = 32500 rows ───
    → +4 scen  (total 56 = 35000 rows)

─── Round 13/14 │ 56 scen = 35000 rows ───
    → +4 scen  (total 60 = 37500 rows)

─── Round 14/14 │ 60 scen = 37500 rows ───

─── Final polish │ 300 ep ───
    ep  2000  data=3.543e-04  pde=0.000e+00  λ=0.0000  val_mse=2.487e-04

[Done v3]  390.9s  60 scen  37500 rows  val_mse=2.4870e-04
  internal: 2.9450e-05  LHS: 9.2726e-04  (391s)

[ann_oneshot]
  t_max override: ub[:,1] = 124.10  (was 1.00)
  Model: ANN   h=192  L=4  +PCA bottleneck k=8
  internal: 2.9641e-05  LHS: 6.9427e-03  (586s)

── seed=456 ──

[pinn_al]
  t_max override: ub[:,1] = 124.10  (was 1.00)
  Model: PINN  h=192  L=4  K=3  +PCA bottleneck k=8
[v3 trainer] PINN+committee+PDE  budget=60  n0=4  k=4  rounds=14  total_ep=2100  λ_max=0.002

─── Round 0/14 │ 4 scen = 2500 rows ───
    coll=1500  scales=[2.34e-02, 1.73e-02, 6.68e-02, 7.39e-01]
    → +4 scen  (total 8 = 5000 rows)

─── Round 1/14 │ 8 scen = 5000 rows ───
    coll=1500  scales=[2.54e-02, 2.36e-02, 6.15e-02, 7.34e-01]
    → +4 scen  (total 12 = 7500 rows)

─── Round 2/14 │ 12 scen = 7500 rows ───
    coll=1500  scales=[2.37e-02, 3.44e-02, 5.63e-02, 6.63e-01]
    → +4 scen  (total 16 = 10000 rows)

─── Round 3/14 │ 16 scen = 10000 rows ───
    coll=1500  scales=[2.22e-02, 4.11e-02, 5.19e-02, 6.00e-01]
    → +4 scen  (total 20 = 12500 rows)

─── Round 4/14 │ 20 scen = 12500 rows ───
    coll=1500  scales=[2.07e-02, 4.08e-02, 4.81e-02, 5.44e-01]
    → +4 scen  (total 24 = 15000 rows)

─── Round 5/14 │ 24 scen = 15000 rows ───
    coll=1500  scales=[1.92e-02, 4.35e-02, 4.44e-02, 4.93e-01]
    → +4 scen  (total 28 = 17500 rows)

─── Round 6/14 │ 28 scen = 17500 rows ───
    coll=1500  scales=[1.78e-02, 4.13e-02, 4.12e-02, 4.48e-01]
    → +4 scen  (total 32 = 20000 rows)

─── Round 7/14 │ 32 scen = 20000 rows ───
    coll=1500  scales=[1.65e-02, 4.10e-02, 3.85e-02, 4.07e-01]
    → +4 scen  (total 36 = 22500 rows)

─── Round 8/14 │ 36 scen = 22500 rows ───
    coll=1500  scales=[1.54e-02, 4.12e-02, 3.60e-02, 3.72e-01]
    → +4 scen  (total 40 = 25000 rows)

─── Round 9/14 │ 40 scen = 25000 rows ───
    coll=1500  scales=[1.44e-02, 4.18e-02, 3.35e-02, 3.39e-01]
    → +4 scen  (total 44 = 27500 rows)

─── Round 10/14 │ 44 scen = 27500 rows ───
    coll=1500  scales=[1.33e-02, 4.03e-02, 3.14e-02, 3.10e-01]
    → +4 scen  (total 48 = 30000 rows)

─── Round 11/14 │ 48 scen = 30000 rows ───
    coll=1500  scales=[1.27e-02, 4.46e-02, 2.95e-02, 2.83e-01]
    → +4 scen  (total 52 = 32500 rows)

─── Round 12/14 │ 52 scen = 32500 rows ───
    coll=1500  scales=[1.17e-02, 4.22e-02, 2.76e-02, 2.58e-01]
    → +4 scen  (total 56 = 35000 rows)

─── Round 13/14 │ 56 scen = 35000 rows ───
    coll=1500  scales=[1.08e-02, 3.97e-02, 2.60e-02, 2.36e-01]
    → +4 scen  (total 60 = 37500 rows)

─── Round 14/14 │ 60 scen = 37500 rows ───
    coll=1500  scales=[1.02e-02, 3.88e-02, 2.44e-02, 2.17e-01]

─── Final polish │ 300 ep ───
    ep  2000  data=-4.805e-01  pde=3.915e-01  λ=0.0020  val_mse=4.046e-03

[Done v3]  1307.5s  60 scen  37500 rows  val_mse=4.0415e-03
  internal: 2.6324e-04  LHS: 5.2442e-02  (1308s)

[pinn_ic_coreset]
  t_max override: ub[:,1] = 124.10  (was 1.00)
  Model: PINN  h=192  L=4  K=3  +PCA bottleneck k=8
[v3 trainer] PINN+committee+PDE  budget=60  n0=4  k=4  rounds=14  total_ep=2100  λ_max=0.002

─── Round 0/14 │ 4 scen = 2500 rows ───
    coll=1500  scales=[2.34e-02, 1.73e-02, 6.68e-02, 7.39e-01]
    → +4 scen  (total 8 = 5000 rows)

─── Round 1/14 │ 8 scen = 5000 rows ───
    coll=1500  scales=[2.52e-02, 2.32e-02, 6.14e-02, 7.34e-01]
    → +4 scen  (total 12 = 7500 rows)

─── Round 2/14 │ 12 scen = 7500 rows ───
    coll=1500  scales=[2.37e-02, 2.47e-02, 5.63e-02, 6.63e-01]
    → +4 scen  (total 16 = 10000 rows)

─── Round 3/14 │ 16 scen = 10000 rows ───
    coll=1500  scales=[2.21e-02, 2.69e-02, 5.16e-02, 6.03e-01]
    → +4 scen  (total 20 = 12500 rows)

─── Round 4/14 │ 20 scen = 12500 rows ───
    coll=1500  scales=[2.10e-02, 3.76e-02, 4.74e-02, 5.46e-01]
    → +4 scen  (total 24 = 15000 rows)

─── Round 5/14 │ 24 scen = 15000 rows ───
    coll=1500  scales=[1.97e-02, 4.24e-02, 4.39e-02, 4.94e-01]
    → +4 scen  (total 28 = 17500 rows)

─── Round 6/14 │ 28 scen = 17500 rows ───
    coll=1500  scales=[1.84e-02, 4.35e-02, 4.09e-02, 4.49e-01]
    → +4 scen  (total 32 = 20000 rows)

─── Round 7/14 │ 32 scen = 20000 rows ───
    coll=1500  scales=[1.70e-02, 4.24e-02, 3.79e-02, 4.08e-01]
    → +4 scen  (total 36 = 22500 rows)

─── Round 8/14 │ 36 scen = 22500 rows ───
    coll=1500  scales=[1.59e-02, 4.41e-02, 3.53e-02, 3.71e-01]
    → +4 scen  (total 40 = 25000 rows)

─── Round 9/14 │ 40 scen = 25000 rows ───
    coll=1500  scales=[1.47e-02, 4.15e-02, 3.30e-02, 3.38e-01]
    → +4 scen  (total 44 = 27500 rows)

─── Round 10/14 │ 44 scen = 27500 rows ───
    coll=1500  scales=[1.36e-02, 3.97e-02, 3.10e-02, 3.08e-01]
    → +4 scen  (total 48 = 30000 rows)

─── Round 11/14 │ 48 scen = 30000 rows ───
    coll=1500  scales=[1.28e-02, 3.98e-02, 2.93e-02, 2.82e-01]
    → +4 scen  (total 52 = 32500 rows)

─── Round 12/14 │ 52 scen = 32500 rows ───
    coll=1500  scales=[1.19e-02, 3.96e-02, 2.74e-02, 2.57e-01]
    → +4 scen  (total 56 = 35000 rows)

─── Round 13/14 │ 56 scen = 35000 rows ───
    coll=1500  scales=[1.10e-02, 3.78e-02, 2.59e-02, 2.36e-01]
    → +4 scen  (total 60 = 37500 rows)

─── Round 14/14 │ 60 scen = 37500 rows ───
    coll=1500  scales=[1.02e-02, 3.66e-02, 2.43e-02, 2.16e-01]

─── Final polish │ 300 ep ───
    ep  2000  data=-4.780e-01  pde=4.053e-01  λ=0.0020  val_mse=4.174e-03

[Done v3]  1300.2s  60 scen  37500 rows  val_mse=4.1687e-03
  internal: 2.9293e-04  LHS: 3.9604e-02  (1300s)

[pinn_seqrand]
  t_max override: ub[:,1] = 124.10  (was 1.00)
  Model: PINN  h=192  L=4  K=3  +PCA bottleneck k=8
[v3 trainer] PINN+committee+PDE  budget=60  n0=4  k=4  rounds=14  total_ep=2100  λ_max=0.002

─── Round 0/14 │ 4 scen = 2500 rows ───
    coll=1500  scales=[2.34e-02, 1.73e-02, 6.68e-02, 7.39e-01]
    → +4 scen  (total 8 = 5000 rows)

─── Round 1/14 │ 8 scen = 5000 rows ───
    coll=1500  scales=[2.16e-02, 2.00e-02, 6.08e-02, 7.34e-01]
    → +4 scen  (total 12 = 7500 rows)

─── Round 2/14 │ 12 scen = 7500 rows ───
    coll=1500  scales=[2.05e-02, 2.34e-02, 5.58e-02, 6.63e-01]
    → +4 scen  (total 16 = 10000 rows)

─── Round 3/14 │ 16 scen = 10000 rows ───
    coll=1500  scales=[1.91e-02, 2.44e-02, 5.13e-02, 6.00e-01]
    → +4 scen  (total 20 = 12500 rows)

─── Round 4/14 │ 20 scen = 12500 rows ───
    coll=1500  scales=[1.79e-02, 2.82e-02, 4.72e-02, 5.44e-01]
    → +4 scen  (total 24 = 15000 rows)

─── Round 5/14 │ 24 scen = 15000 rows ───
    coll=1500  scales=[1.69e-02, 3.56e-02, 4.35e-02, 4.93e-01]
    → +4 scen  (total 28 = 17500 rows)

─── Round 6/14 │ 28 scen = 17500 rows ───
    coll=1500  scales=[1.58e-02, 3.52e-02, 4.02e-02, 4.48e-01]
    → +4 scen  (total 32 = 20000 rows)

─── Round 7/14 │ 32 scen = 20000 rows ───
    coll=1500  scales=[1.46e-02, 3.34e-02, 3.74e-02, 4.07e-01]
    → +4 scen  (total 36 = 22500 rows)

─── Round 8/14 │ 36 scen = 22500 rows ───
    coll=1500  scales=[1.36e-02, 3.79e-02, 3.48e-02, 3.70e-01]
    → +4 scen  (total 40 = 25000 rows)

─── Round 9/14 │ 40 scen = 25000 rows ───
    coll=1500  scales=[1.26e-02, 3.89e-02, 3.24e-02, 3.37e-01]
    → +4 scen  (total 44 = 27500 rows)

─── Round 10/14 │ 44 scen = 27500 rows ───
    coll=1500  scales=[1.17e-02, 3.71e-02, 3.05e-02, 3.08e-01]
    → +4 scen  (total 48 = 30000 rows)

─── Round 11/14 │ 48 scen = 30000 rows ───
    coll=1500  scales=[1.12e-02, 4.04e-02, 2.85e-02, 2.81e-01]
    → +4 scen  (total 52 = 32500 rows)

─── Round 12/14 │ 52 scen = 32500 rows ───
    coll=1500  scales=[1.04e-02, 3.98e-02, 2.68e-02, 2.57e-01]
    → +4 scen  (total 56 = 35000 rows)

─── Round 13/14 │ 56 scen = 35000 rows ───
    coll=1500  scales=[9.66e-03, 3.82e-02, 2.52e-02, 2.35e-01]
    → +4 scen  (total 60 = 37500 rows)

─── Round 14/14 │ 60 scen = 37500 rows ───
    coll=1500  scales=[8.94e-03, 3.69e-02, 2.37e-02, 2.16e-01]

─── Final polish │ 300 ep ───
    ep  2000  data=-4.795e-01  pde=3.959e-01  λ=0.0020  val_mse=4.283e-03

[Done v3]  1296.2s  60 scen  37500 rows  val_mse=4.2758e-03
  internal: 2.9588e-04  LHS: 1.4268e-01  (1296s)

[pinn_oneshot]
  t_max override: ub[:,1] = 124.10  (was 1.00)
  Model: PINN  h=192  L=4  K=3  +PCA bottleneck k=8
  internal: 2.6745e-04  LHS: 7.3914e-02  (1760s)

[ann_al]
  t_max override: ub[:,1] = 124.10  (was 1.00)
  Model: ANN   h=192  L=4  +PCA bottleneck k=8
[v3 trainer] ANN  budget=60  n0=4  k=4  rounds=14  total_ep=2100  λ_max=0.0

─── Round 0/14 │ 4 scen = 2500 rows ───
    → +4 scen  (total 8 = 5000 rows)

─── Round 1/14 │ 8 scen = 5000 rows ───
    → +4 scen  (total 12 = 7500 rows)

─── Round 2/14 │ 12 scen = 7500 rows ───
    → +4 scen  (total 16 = 10000 rows)

─── Round 3/14 │ 16 scen = 10000 rows ───
    → +4 scen  (total 20 = 12500 rows)

─── Round 4/14 │ 20 scen = 12500 rows ───
    → +4 scen  (total 24 = 15000 rows)

─── Round 5/14 │ 24 scen = 15000 rows ───
    → +4 scen  (total 28 = 17500 rows)

─── Round 6/14 │ 28 scen = 17500 rows ───
    → +4 scen  (total 32 = 20000 rows)

─── Round 7/14 │ 32 scen = 20000 rows ───
    → +4 scen  (total 36 = 22500 rows)

─── Round 8/14 │ 36 scen = 22500 rows ───
    → +4 scen  (total 40 = 25000 rows)

─── Round 9/14 │ 40 scen = 25000 rows ───
    → +4 scen  (total 44 = 27500 rows)

─── Round 10/14 │ 44 scen = 27500 rows ───
    → +4 scen  (total 48 = 30000 rows)

─── Round 11/14 │ 48 scen = 30000 rows ───
    → +4 scen  (total 52 = 32500 rows)

─── Round 12/14 │ 52 scen = 32500 rows ───
    → +4 scen  (total 56 = 35000 rows)

─── Round 13/14 │ 56 scen = 35000 rows ───
    → +4 scen  (total 60 = 37500 rows)

─── Round 14/14 │ 60 scen = 37500 rows ───

─── Final polish │ 300 ep ───
    ep  2000  data=4.131e-04  pde=0.000e+00  λ=0.0000  val_mse=3.891e-04

[Done v3]  388.0s  60 scen  37500 rows  val_mse=3.8895e-04
  internal: 4.1931e-05  LHS: 8.2451e-02  (388s)

[ann_oneshot]
  t_max override: ub[:,1] = 124.10  (was 1.00)
  Model: ANN   h=192  L=4  +PCA bottleneck k=8
  internal: 5.7063e-05  LHS: 6.2650e-02  (586s)

── seed=789 ──

[pinn_al]
  t_max override: ub[:,1] = 124.10  (was 1.00)
  Model: PINN  h=192  L=4  K=3  +PCA bottleneck k=8
[v3 trainer] PINN+committee+PDE  budget=60  n0=4  k=4  rounds=14  total_ep=2100  λ_max=0.002

─── Round 0/14 │ 4 scen = 2500 rows ───
    coll=1500  scales=[3.36e-02, 3.98e-02, 9.22e-02, 6.00e-01]
    → +4 scen  (total 8 = 5000 rows)

─── Round 1/14 │ 8 scen = 5000 rows ───
    coll=1500  scales=[3.19e-02, 4.68e-02, 8.78e-02, 5.86e-01]
    → +4 scen  (total 12 = 7500 rows)

─── Round 2/14 │ 12 scen = 7500 rows ───
    coll=1500  scales=[3.02e-02, 4.74e-02, 8.01e-02, 5.31e-01]
    → +4 scen  (total 16 = 10000 rows)

─── Round 3/14 │ 16 scen = 10000 rows ───
    coll=1500  scales=[2.84e-02, 5.21e-02, 7.31e-02, 4.81e-01]
    → +4 scen  (total 20 = 12500 rows)

─── Round 4/14 │ 20 scen = 12500 rows ───
    coll=1500  scales=[2.63e-02, 5.03e-02, 6.69e-02, 4.37e-01]
    → +4 scen  (total 24 = 15000 rows)

─── Round 5/14 │ 24 scen = 15000 rows ───
    coll=1500  scales=[2.47e-02, 5.81e-02, 6.15e-02, 3.98e-01]
    → +4 scen  (total 28 = 17500 rows)

─── Round 6/14 │ 28 scen = 17500 rows ───
    coll=1500  scales=[2.32e-02, 5.51e-02, 5.66e-02, 3.62e-01]
    → +4 scen  (total 32 = 20000 rows)

─── Round 7/14 │ 32 scen = 20000 rows ───
    coll=1500  scales=[2.19e-02, 7.00e-02, 5.22e-02, 3.31e-01]
    → +4 scen  (total 36 = 22500 rows)

─── Round 8/14 │ 36 scen = 22500 rows ───
    coll=1500  scales=[2.04e-02, 6.68e-02, 4.81e-02, 3.02e-01]
    → +4 scen  (total 40 = 25000 rows)

─── Round 9/14 │ 40 scen = 25000 rows ───
    coll=1500  scales=[1.94e-02, 7.05e-02, 4.45e-02, 2.76e-01]
    → +4 scen  (total 44 = 27500 rows)

─── Round 10/14 │ 44 scen = 27500 rows ───
    coll=1500  scales=[1.79e-02, 6.64e-02, 4.15e-02, 2.53e-01]
    → +4 scen  (total 48 = 30000 rows)

─── Round 11/14 │ 48 scen = 30000 rows ───
    coll=1500  scales=[1.66e-02, 6.28e-02, 3.84e-02, 2.32e-01]
    → +4 scen  (total 52 = 32500 rows)

─── Round 12/14 │ 52 scen = 32500 rows ───
    coll=1500  scales=[1.53e-02, 5.91e-02, 3.57e-02, 2.13e-01]
    → +4 scen  (total 56 = 35000 rows)

─── Round 13/14 │ 56 scen = 35000 rows ───
    coll=1500  scales=[1.42e-02, 6.27e-02, 3.33e-02, 1.96e-01]
    → +4 scen  (total 60 = 37500 rows)

─── Round 14/14 │ 60 scen = 37500 rows ───
    coll=1500  scales=[1.31e-02, 5.92e-02, 3.11e-02, 1.80e-01]

─── Final polish │ 300 ep ───
    ep  2000  data=-4.799e-01  pde=3.158e-01  λ=0.0020  val_mse=3.740e-03

[Done v3]  1308.8s  60 scen  37500 rows  val_mse=3.7350e-03
  internal: 2.8271e-04  LHS: 3.1873e-03  (1309s)

[pinn_ic_coreset]
  t_max override: ub[:,1] = 124.10  (was 1.00)
  Model: PINN  h=192  L=4  K=3  +PCA bottleneck k=8
[v3 trainer] PINN+committee+PDE  budget=60  n0=4  k=4  rounds=14  total_ep=2100  λ_max=0.002

─── Round 0/14 │ 4 scen = 2500 rows ───
    coll=1500  scales=[3.36e-02, 3.98e-02, 9.22e-02, 6.00e-01]
    → +4 scen  (total 8 = 5000 rows)

─── Round 1/14 │ 8 scen = 5000 rows ───
    coll=1500  scales=[3.17e-02, 4.62e-02, 8.79e-02, 5.86e-01]
    → +4 scen  (total 12 = 7500 rows)

─── Round 2/14 │ 12 scen = 7500 rows ───
    coll=1500  scales=[2.95e-02, 5.98e-02, 8.00e-02, 5.32e-01]
    → +4 scen  (total 16 = 10000 rows)

─── Round 3/14 │ 16 scen = 10000 rows ───
    coll=1500  scales=[2.80e-02, 6.94e-02, 7.31e-02, 4.84e-01]
    → +4 scen  (total 20 = 12500 rows)

─── Round 4/14 │ 20 scen = 12500 rows ───
    coll=1500  scales=[2.69e-02, 9.37e-02, 6.72e-02, 4.42e-01]
    → +4 scen  (total 24 = 15000 rows)

─── Round 5/14 │ 24 scen = 15000 rows ───
    coll=1500  scales=[2.51e-02, 8.88e-02, 6.21e-02, 4.03e-01]
    → +4 scen  (total 28 = 17500 rows)

─── Round 6/14 │ 28 scen = 17500 rows ───
    coll=1500  scales=[2.36e-02, 8.62e-02, 5.73e-02, 3.68e-01]
    → +4 scen  (total 32 = 20000 rows)

─── Round 7/14 │ 32 scen = 20000 rows ───
    coll=1500  scales=[2.18e-02, 8.13e-02, 5.30e-02, 3.35e-01]
    → +4 scen  (total 36 = 22500 rows)

─── Round 8/14 │ 36 scen = 22500 rows ───
    coll=1500  scales=[2.02e-02, 7.65e-02, 4.90e-02, 3.06e-01]
    → +4 scen  (total 40 = 25000 rows)

─── Round 9/14 │ 40 scen = 25000 rows ───
    coll=1500  scales=[2.04e-02, 9.41e-02, 4.53e-02, 2.80e-01]
    → +4 scen  (total 44 = 27500 rows)

─── Round 10/14 │ 44 scen = 27500 rows ───
    coll=1500  scales=[1.89e-02, 8.84e-02, 4.21e-02, 2.57e-01]
    → +4 scen  (total 48 = 30000 rows)

─── Round 11/14 │ 48 scen = 30000 rows ───
    coll=1500  scales=[1.75e-02, 8.38e-02, 3.90e-02, 2.37e-01]
    → +4 scen  (total 52 = 32500 rows)

─── Round 12/14 │ 52 scen = 32500 rows ───
    coll=1500  scales=[1.61e-02, 7.93e-02, 3.62e-02, 2.17e-01]
    → +4 scen  (total 56 = 35000 rows)

─── Round 13/14 │ 56 scen = 35000 rows ───
    coll=1500  scales=[1.51e-02, 7.86e-02, 3.38e-02, 1.99e-01]
    → +4 scen  (total 60 = 37500 rows)

─── Round 14/14 │ 60 scen = 37500 rows ───
    coll=1500  scales=[1.39e-02, 7.42e-02, 3.16e-02, 1.83e-01]

─── Final polish │ 300 ep ───
    ep  2000  data=-4.813e-01  pde=2.569e-01  λ=0.0020  val_mse=3.387e-03

[Done v3]  1304.9s  60 scen  37500 rows  val_mse=3.3843e-03
  internal: 2.9793e-04  LHS: 7.4171e-03  (1305s)

[pinn_seqrand]
  t_max override: ub[:,1] = 124.10  (was 1.00)
  Model: PINN  h=192  L=4  K=3  +PCA bottleneck k=8
[v3 trainer] PINN+committee+PDE  budget=60  n0=4  k=4  rounds=14  total_ep=2100  λ_max=0.002

─── Round 0/14 │ 4 scen = 2500 rows ───
    coll=1500  scales=[3.36e-02, 3.98e-02, 9.22e-02, 6.00e-01]
    → +4 scen  (total 8 = 5000 rows)

─── Round 1/14 │ 8 scen = 5000 rows ───
    coll=1500  scales=[3.13e-02, 4.31e-02, 8.77e-02, 5.84e-01]
    → +4 scen  (total 12 = 7500 rows)

─── Round 2/14 │ 12 scen = 7500 rows ───
    coll=1500  scales=[2.90e-02, 4.80e-02, 7.98e-02, 5.29e-01]
    → +4 scen  (total 16 = 10000 rows)

─── Round 3/14 │ 16 scen = 10000 rows ───
    coll=1500  scales=[2.70e-02, 4.68e-02, 7.28e-02, 4.80e-01]
    → +4 scen  (total 20 = 12500 rows)

─── Round 4/14 │ 20 scen = 12500 rows ───
    coll=1500  scales=[2.51e-02, 5.21e-02, 6.65e-02, 4.36e-01]
    → +4 scen  (total 24 = 15000 rows)

─── Round 5/14 │ 24 scen = 15000 rows ───
    coll=1500  scales=[2.34e-02, 5.50e-02, 6.11e-02, 3.98e-01]
    → +4 scen  (total 28 = 17500 rows)

─── Round 6/14 │ 28 scen = 17500 rows ───
    coll=1500  scales=[2.19e-02, 5.34e-02, 5.63e-02, 3.62e-01]
    → +4 scen  (total 32 = 20000 rows)

─── Round 7/14 │ 32 scen = 20000 rows ───
    coll=1500  scales=[2.02e-02, 5.45e-02, 5.17e-02, 3.30e-01]
    → +4 scen  (total 36 = 22500 rows)

─── Round 8/14 │ 36 scen = 22500 rows ───
    coll=1500  scales=[1.87e-02, 5.12e-02, 4.80e-02, 3.02e-01]
    → +4 scen  (total 40 = 25000 rows)

─── Round 9/14 │ 40 scen = 25000 rows ───
    coll=1500  scales=[1.74e-02, 4.84e-02, 4.47e-02, 2.77e-01]
    → +4 scen  (total 44 = 27500 rows)

─── Round 10/14 │ 44 scen = 27500 rows ───
    coll=1500  scales=[1.65e-02, 5.80e-02, 4.15e-02, 2.54e-01]
    → +4 scen  (total 48 = 30000 rows)

─── Round 11/14 │ 48 scen = 30000 rows ───
    coll=1500  scales=[1.51e-02, 5.63e-02, 3.85e-02, 2.33e-01]
    → +4 scen  (total 52 = 32500 rows)

─── Round 12/14 │ 52 scen = 32500 rows ───
    coll=1500  scales=[1.46e-02, 5.83e-02, 3.58e-02, 2.14e-01]
    → +4 scen  (total 56 = 35000 rows)

─── Round 13/14 │ 56 scen = 35000 rows ───
    coll=1500  scales=[1.34e-02, 5.49e-02, 3.36e-02, 1.97e-01]
    → +4 scen  (total 60 = 37500 rows)

─── Round 14/14 │ 60 scen = 37500 rows ───
    coll=1500  scales=[1.23e-02, 5.19e-02, 3.14e-02, 1.81e-01]

─── Final polish │ 300 ep ───
    ep  2000  data=-4.801e-01  pde=2.906e-01  λ=0.0020  val_mse=3.852e-03

[Done v3]  1301.3s  60 scen  37500 rows  val_mse=3.8456e-03
  internal: 3.0602e-04  LHS: 2.8308e-03  (1302s)

[pinn_oneshot]
  t_max override: ub[:,1] = 124.10  (was 1.00)
  Model: PINN  h=192  L=4  K=3  +PCA bottleneck k=8
  internal: 2.6925e-04  LHS: 2.1541e-02  (1765s)

[ann_al]
  t_max override: ub[:,1] = 124.10  (was 1.00)
  Model: ANN   h=192  L=4  +PCA bottleneck k=8
[v3 trainer] ANN  budget=60  n0=4  k=4  rounds=14  total_ep=2100  λ_max=0.0

─── Round 0/14 │ 4 scen = 2500 rows ───
    → +4 scen  (total 8 = 5000 rows)

─── Round 1/14 │ 8 scen = 5000 rows ───
    → +4 scen  (total 12 = 7500 rows)

─── Round 2/14 │ 12 scen = 7500 rows ───
    → +4 scen  (total 16 = 10000 rows)

─── Round 3/14 │ 16 scen = 10000 rows ───
    → +4 scen  (total 20 = 12500 rows)

─── Round 4/14 │ 20 scen = 12500 rows ───
    → +4 scen  (total 24 = 15000 rows)

─── Round 5/14 │ 24 scen = 15000 rows ───
    → +4 scen  (total 28 = 17500 rows)

─── Round 6/14 │ 28 scen = 17500 rows ───
    → +4 scen  (total 32 = 20000 rows)

─── Round 7/14 │ 32 scen = 20000 rows ───
    → +4 scen  (total 36 = 22500 rows)

─── Round 8/14 │ 36 scen = 22500 rows ───
    → +4 scen  (total 40 = 25000 rows)

─── Round 9/14 │ 40 scen = 25000 rows ───
    → +4 scen  (total 44 = 27500 rows)

─── Round 10/14 │ 44 scen = 27500 rows ───
    → +4 scen  (total 48 = 30000 rows)

─── Round 11/14 │ 48 scen = 30000 rows ───
    → +4 scen  (total 52 = 32500 rows)

─── Round 12/14 │ 52 scen = 32500 rows ───
    → +4 scen  (total 56 = 35000 rows)

─── Round 13/14 │ 56 scen = 35000 rows ───
    → +4 scen  (total 60 = 37500 rows)

─── Round 14/14 │ 60 scen = 37500 rows ───

─── Final polish │ 300 ep ───
    ep  2000  data=3.579e-04  pde=0.000e+00  λ=0.0000  val_mse=2.436e-04

[Done v3]  390.0s  60 scen  37500 rows  val_mse=2.4353e-04
  internal: 2.9091e-05  LHS: 2.2231e-02  (390s)

[ann_oneshot]
  t_max override: ub[:,1] = 124.10  (was 1.00)
  Model: ANN   h=192  L=4  +PCA bottleneck k=8
  internal: 3.1956e-05  LHS: 3.3398e-02  (587s)

── seed=1024 ──

[pinn_al]
  t_max override: ub[:,1] = 124.10  (was 1.00)
  Model: PINN  h=192  L=4  K=3  +PCA bottleneck k=8
[v3 trainer] PINN+committee+PDE  budget=60  n0=4  k=4  rounds=14  total_ep=2100  λ_max=0.002

─── Round 0/14 │ 4 scen = 2500 rows ───
    coll=1500  scales=[3.39e-02, 5.06e-02, 3.59e-02, 1.27e+00]
    → +4 scen  (total 8 = 5000 rows)

─── Round 1/14 │ 8 scen = 5000 rows ───
    coll=1500  scales=[3.50e-02, 7.49e-02, 3.48e-02, 1.18e+00]
    → +4 scen  (total 12 = 7500 rows)

─── Round 2/14 │ 12 scen = 7500 rows ───
    coll=1500  scales=[3.32e-02, 8.23e-02, 3.20e-02, 1.07e+00]
    → +4 scen  (total 16 = 10000 rows)

─── Round 3/14 │ 16 scen = 10000 rows ───
    coll=1500  scales=[3.16e-02, 9.19e-02, 2.99e-02, 9.72e-01]
    → +4 scen  (total 20 = 12500 rows)

─── Round 4/14 │ 20 scen = 12500 rows ───
    coll=1500  scales=[2.93e-02, 9.28e-02, 2.80e-02, 8.87e-01]
    → +4 scen  (total 24 = 15000 rows)

─── Round 5/14 │ 24 scen = 15000 rows ───
    coll=1500  scales=[2.78e-02, 9.91e-02, 2.64e-02, 8.04e-01]
    → +4 scen  (total 28 = 17500 rows)

─── Round 6/14 │ 28 scen = 17500 rows ───
    coll=1500  scales=[2.59e-02, 9.52e-02, 2.50e-02, 7.28e-01]
    → +4 scen  (total 32 = 20000 rows)

─── Round 7/14 │ 32 scen = 20000 rows ───
    coll=1500  scales=[2.41e-02, 9.02e-02, 2.34e-02, 6.60e-01]
    → +4 scen  (total 36 = 22500 rows)

─── Round 8/14 │ 36 scen = 22500 rows ───
    coll=1500  scales=[2.25e-02, 8.93e-02, 2.19e-02, 5.99e-01]
    → +4 scen  (total 40 = 25000 rows)

─── Round 9/14 │ 40 scen = 25000 rows ───
    coll=1500  scales=[2.10e-02, 8.42e-02, 2.07e-02, 5.44e-01]
    → +4 scen  (total 44 = 27500 rows)

─── Round 10/14 │ 44 scen = 27500 rows ───
    coll=1500  scales=[1.95e-02, 8.20e-02, 1.95e-02, 4.93e-01]
    → +4 scen  (total 48 = 30000 rows)

─── Round 11/14 │ 48 scen = 30000 rows ───
    coll=1500  scales=[1.80e-02, 7.75e-02, 1.84e-02, 4.48e-01]
    → +4 scen  (total 52 = 32500 rows)

─── Round 12/14 │ 52 scen = 32500 rows ───
    coll=1500  scales=[1.67e-02, 7.55e-02, 1.79e-02, 4.08e-01]
    → +4 scen  (total 56 = 35000 rows)

─── Round 13/14 │ 56 scen = 35000 rows ───
    coll=1500  scales=[1.55e-02, 7.27e-02, 1.70e-02, 3.72e-01]
    → +4 scen  (total 60 = 37500 rows)

─── Round 14/14 │ 60 scen = 37500 rows ───
    coll=1500  scales=[1.44e-02, 6.87e-02, 1.61e-02, 3.39e-01]

─── Final polish │ 300 ep ───
    ep  2000  data=-4.807e-01  pde=3.783e-01  λ=0.0020  val_mse=4.426e-03

[Done v3]  1313.9s  60 scen  37500 rows  val_mse=4.4207e-03
  internal: 3.5009e-04  LHS: 1.0185e-02  (1314s)

[pinn_ic_coreset]
  t_max override: ub[:,1] = 124.10  (was 1.00)
  Model: PINN  h=192  L=4  K=3  +PCA bottleneck k=8
[v3 trainer] PINN+committee+PDE  budget=60  n0=4  k=4  rounds=14  total_ep=2100  λ_max=0.002

─── Round 0/14 │ 4 scen = 2500 rows ───
    coll=1500  scales=[3.39e-02, 5.06e-02, 3.59e-02, 1.27e+00]
    → +4 scen  (total 8 = 5000 rows)

─── Round 1/14 │ 8 scen = 5000 rows ───
    coll=1500  scales=[3.42e-02, 6.93e-02, 3.44e-02, 1.18e+00]
    → +4 scen  (total 12 = 7500 rows)

─── Round 2/14 │ 12 scen = 7500 rows ───
    coll=1500  scales=[3.30e-02, 8.28e-02, 3.19e-02, 1.07e+00]
    → +4 scen  (total 16 = 10000 rows)

─── Round 3/14 │ 16 scen = 10000 rows ───
    coll=1500  scales=[3.13e-02, 8.68e-02, 3.00e-02, 9.65e-01]
    → +4 scen  (total 20 = 12500 rows)

─── Round 4/14 │ 20 scen = 12500 rows ───
    coll=1500  scales=[2.93e-02, 1.01e-01, 2.79e-02, 8.74e-01]
    → +4 scen  (total 24 = 15000 rows)

─── Round 5/14 │ 24 scen = 15000 rows ───
    coll=1500  scales=[2.75e-02, 1.11e-01, 2.63e-02, 7.91e-01]
    → +4 scen  (total 28 = 17500 rows)

─── Round 6/14 │ 28 scen = 17500 rows ───
    coll=1500  scales=[2.55e-02, 1.06e-01, 2.52e-02, 7.17e-01]
    → +4 scen  (total 32 = 20000 rows)

─── Round 7/14 │ 32 scen = 20000 rows ───
    coll=1500  scales=[2.38e-02, 1.06e-01, 2.36e-02, 6.50e-01]
    → +4 scen  (total 36 = 22500 rows)

─── Round 8/14 │ 36 scen = 22500 rows ───
    coll=1500  scales=[2.21e-02, 1.03e-01, 2.22e-02, 5.90e-01]
    → +4 scen  (total 40 = 25000 rows)

─── Round 9/14 │ 40 scen = 25000 rows ───
    coll=1500  scales=[2.05e-02, 1.03e-01, 2.09e-02, 5.35e-01]
    → +4 scen  (total 44 = 27500 rows)

─── Round 10/14 │ 44 scen = 27500 rows ───
    coll=1500  scales=[1.91e-02, 9.67e-02, 1.98e-02, 4.87e-01]
    → +4 scen  (total 48 = 30000 rows)

─── Round 11/14 │ 48 scen = 30000 rows ───
    coll=1500  scales=[1.77e-02, 9.09e-02, 1.86e-02, 4.43e-01]
    → +4 scen  (total 52 = 32500 rows)

─── Round 12/14 │ 52 scen = 32500 rows ───
    coll=1500  scales=[1.64e-02, 8.69e-02, 1.77e-02, 4.03e-01]
    → +4 scen  (total 56 = 35000 rows)

─── Round 13/14 │ 56 scen = 35000 rows ───
    coll=1500  scales=[1.53e-02, 8.31e-02, 1.67e-02, 3.67e-01]
    → +4 scen  (total 60 = 37500 rows)

─── Round 14/14 │ 60 scen = 37500 rows ───
    coll=1500  scales=[1.42e-02, 7.76e-02, 1.58e-02, 3.34e-01]

─── Final polish │ 300 ep ───
    ep  2000  data=-4.809e-01  pde=3.785e-01  λ=0.0020  val_mse=4.228e-03

[Done v3]  1302.9s  60 scen  37500 rows  val_mse=4.2254e-03
  internal: 3.5988e-04  LHS: 1.3524e-02  (1303s)

[pinn_seqrand]
  t_max override: ub[:,1] = 124.10  (was 1.00)
  Model: PINN  h=192  L=4  K=3  +PCA bottleneck k=8
[v3 trainer] PINN+committee+PDE  budget=60  n0=4  k=4  rounds=14  total_ep=2100  λ_max=0.002

─── Round 0/14 │ 4 scen = 2500 rows ───
    coll=1500  scales=[3.39e-02, 5.06e-02, 3.59e-02, 1.27e+00]
    → +4 scen  (total 8 = 5000 rows)

─── Round 1/14 │ 8 scen = 5000 rows ───
    coll=1500  scales=[3.19e-02, 5.42e-02, 3.34e-02, 1.18e+00]
    → +4 scen  (total 12 = 7500 rows)

─── Round 2/14 │ 12 scen = 7500 rows ───
    coll=1500  scales=[2.94e-02, 6.34e-02, 3.16e-02, 1.06e+00]
    → +4 scen  (total 16 = 10000 rows)

─── Round 3/14 │ 16 scen = 10000 rows ───
    coll=1500  scales=[2.80e-02, 6.00e-02, 2.96e-02, 9.62e-01]
    → +4 scen  (total 20 = 12500 rows)

─── Round 4/14 │ 20 scen = 12500 rows ───
    coll=1500  scales=[2.65e-02, 6.18e-02, 2.78e-02, 8.71e-01]
    → +4 scen  (total 24 = 15000 rows)

─── Round 5/14 │ 24 scen = 15000 rows ───
    coll=1500  scales=[2.46e-02, 5.98e-02, 2.63e-02, 7.90e-01]
    → +4 scen  (total 28 = 17500 rows)

─── Round 6/14 │ 28 scen = 17500 rows ───
    coll=1500  scales=[2.28e-02, 6.08e-02, 2.48e-02, 7.15e-01]
    → +4 scen  (total 32 = 20000 rows)

─── Round 7/14 │ 32 scen = 20000 rows ───
    coll=1500  scales=[2.22e-02, 7.24e-02, 2.34e-02, 6.47e-01]
    → +4 scen  (total 36 = 22500 rows)

─── Round 8/14 │ 36 scen = 22500 rows ───
    coll=1500  scales=[2.04e-02, 6.84e-02, 2.20e-02, 5.87e-01]
    → +4 scen  (total 40 = 25000 rows)

─── Round 9/14 │ 40 scen = 25000 rows ───
    coll=1500  scales=[1.96e-02, 7.33e-02, 2.09e-02, 5.33e-01]
    → +4 scen  (total 44 = 27500 rows)

─── Round 10/14 │ 44 scen = 27500 rows ───
    coll=1500  scales=[1.81e-02, 6.85e-02, 1.98e-02, 4.84e-01]
    → +4 scen  (total 48 = 30000 rows)

─── Round 11/14 │ 48 scen = 30000 rows ───
    coll=1500  scales=[1.68e-02, 6.44e-02, 1.87e-02, 4.41e-01]
    → +4 scen  (total 52 = 32500 rows)

─── Round 12/14 │ 52 scen = 32500 rows ───
    coll=1500  scales=[1.58e-02, 6.62e-02, 1.81e-02, 4.02e-01]
    → +4 scen  (total 56 = 35000 rows)

─── Round 13/14 │ 56 scen = 35000 rows ───
    coll=1500  scales=[1.45e-02, 6.28e-02, 1.73e-02, 3.66e-01]
    → +4 scen  (total 60 = 37500 rows)

─── Round 14/14 │ 60 scen = 37500 rows ───
    coll=1500  scales=[1.34e-02, 5.89e-02, 1.64e-02, 3.34e-01]

─── Final polish │ 300 ep ───
    ep  2000  data=-4.772e-01  pde=4.041e-01  λ=0.0020  val_mse=4.681e-03

[Done v3]  1299.7s  60 scen  37500 rows  val_mse=4.6770e-03
  internal: 3.8438e-04  LHS: 7.6126e-02  (1300s)

[pinn_oneshot]
  t_max override: ub[:,1] = 124.10  (was 1.00)
  Model: PINN  h=192  L=4  K=3  +PCA bottleneck k=8
  internal: 2.9548e-04  LHS: 2.6015e-02  (1766s)

[ann_al]
  t_max override: ub[:,1] = 124.10  (was 1.00)
  Model: ANN   h=192  L=4  +PCA bottleneck k=8
[v3 trainer] ANN  budget=60  n0=4  k=4  rounds=14  total_ep=2100  λ_max=0.0

─── Round 0/14 │ 4 scen = 2500 rows ───
    → +4 scen  (total 8 = 5000 rows)

─── Round 1/14 │ 8 scen = 5000 rows ───
    → +4 scen  (total 12 = 7500 rows)

─── Round 2/14 │ 12 scen = 7500 rows ───
    → +4 scen  (total 16 = 10000 rows)

─── Round 3/14 │ 16 scen = 10000 rows ───
    → +4 scen  (total 20 = 12500 rows)

─── Round 4/14 │ 20 scen = 12500 rows ───
    → +4 scen  (total 24 = 15000 rows)

─── Round 5/14 │ 24 scen = 15000 rows ───
    → +4 scen  (total 28 = 17500 rows)

─── Round 6/14 │ 28 scen = 17500 rows ───
    → +4 scen  (total 32 = 20000 rows)

─── Round 7/14 │ 32 scen = 20000 rows ───
    → +4 scen  (total 36 = 22500 rows)

─── Round 8/14 │ 36 scen = 22500 rows ───
    → +4 scen  (total 40 = 25000 rows)

─── Round 9/14 │ 40 scen = 25000 rows ───
    → +4 scen  (total 44 = 27500 rows)

─── Round 10/14 │ 44 scen = 27500 rows ───
    → +4 scen  (total 48 = 30000 rows)

─── Round 11/14 │ 48 scen = 30000 rows ───
    → +4 scen  (total 52 = 32500 rows)

─── Round 12/14 │ 52 scen = 32500 rows ───
    → +4 scen  (total 56 = 35000 rows)

─── Round 13/14 │ 56 scen = 35000 rows ───
    → +4 scen  (total 60 = 37500 rows)

─── Round 14/14 │ 60 scen = 37500 rows ───

─── Final polish │ 300 ep ───
    ep  2000  data=4.699e-04  pde=0.000e+00  λ=0.0000  val_mse=3.433e-04

[Done v3]  390.4s  60 scen  37500 rows  val_mse=3.4316e-04
  internal: 3.5756e-05  LHS: 4.3034e-03  (391s)

[ann_oneshot]
  t_max override: ub[:,1] = 124.10  (was 1.00)
  Model: ANN   h=192  L=4  +PCA bottleneck k=8
  internal: 4.3826e-05  LHS: 1.5036e-02  (587s)

======================================================================
BUDGET = 100 scenarios
======================================================================

── seed=42 ──

[pinn_al]
  t_max override: ub[:,1] = 124.10  (was 1.00)
  Model: PINN  h=192  L=4  K=3  +PCA bottleneck k=8
[v3 trainer] PINN+committee+PDE  budget=100  n0=4  k=4  rounds=24  total_ep=3300  λ_max=0.002

─── Round 0/24 │ 4 scen = 2500 rows ───
    coll=1500  scales=[4.37e-02, 9.07e-02, 1.59e-01, 2.03e-01]
    → +4 scen  (total 8 = 5000 rows)

─── Round 1/24 │ 8 scen = 5000 rows ───
    coll=1500  scales=[4.70e-02, 1.16e-01, 1.46e-01, 2.36e-01]
    → +4 scen  (total 12 = 7500 rows)

─── Round 2/24 │ 12 scen = 7500 rows ───
    coll=1500  scales=[4.40e-02, 1.17e-01, 1.33e-01, 2.18e-01]
    → +4 scen  (total 16 = 10000 rows)

─── Round 3/24 │ 16 scen = 10000 rows ───
    coll=1500  scales=[4.13e-02, 1.17e-01, 1.21e-01, 2.01e-01]
    → +4 scen  (total 20 = 12500 rows)

─── Round 4/24 │ 20 scen = 12500 rows ───
    coll=1500  scales=[3.92e-02, 1.14e-01, 1.10e-01, 1.85e-01]
    → +4 scen  (total 24 = 15000 rows)

─── Round 5/24 │ 24 scen = 15000 rows ───
    coll=1500  scales=[3.69e-02, 1.21e-01, 1.00e-01, 1.75e-01]
    → +4 scen  (total 28 = 17500 rows)

─── Round 6/24 │ 28 scen = 17500 rows ───
    coll=1500  scales=[3.44e-02, 1.17e-01, 9.15e-02, 1.61e-01]
    → +4 scen  (total 32 = 20000 rows)

─── Round 7/24 │ 32 scen = 20000 rows ───
    coll=1500  scales=[3.21e-02, 1.12e-01, 8.38e-02, 1.49e-01]
    → +4 scen  (total 36 = 22500 rows)

─── Round 8/24 │ 36 scen = 22500 rows ───
    coll=1500  scales=[3.00e-02, 1.06e-01, 7.67e-02, 1.38e-01]
    → +4 scen  (total 40 = 25000 rows)

─── Round 9/24 │ 40 scen = 25000 rows ───
    coll=1500  scales=[2.77e-02, 9.98e-02, 7.02e-02, 1.28e-01]
    → +4 scen  (total 44 = 27500 rows)

─── Round 10/24 │ 44 scen = 27500 rows ───
    coll=1500  scales=[2.61e-02, 9.74e-02, 6.46e-02, 1.19e-01]
    → +4 scen  (total 48 = 30000 rows)

─── Round 11/24 │ 48 scen = 30000 rows ───
    coll=1500  scales=[2.42e-02, 9.11e-02, 5.95e-02, 1.11e-01]
    → +4 scen  (total 52 = 32500 rows)

─── Round 12/24 │ 52 scen = 32500 rows ───
    coll=1500  scales=[2.27e-02, 9.39e-02, 5.48e-02, 1.03e-01]
    → +4 scen  (total 56 = 35000 rows)

─── Round 13/24 │ 56 scen = 35000 rows ───
    coll=1500  scales=[2.11e-02, 8.82e-02, 5.09e-02, 9.66e-02]
    → +4 scen  (total 60 = 37500 rows)

─── Round 14/24 │ 60 scen = 37500 rows ───
    coll=1500  scales=[1.97e-02, 8.97e-02, 4.70e-02, 8.99e-02]
    → +4 scen  (total 64 = 40000 rows)

─── Round 15/24 │ 64 scen = 40000 rows ───
    coll=1500  scales=[1.82e-02, 8.40e-02, 4.35e-02, 8.37e-02]
    → +4 scen  (total 68 = 42500 rows)

─── Round 16/24 │ 68 scen = 42500 rows ───
    coll=1500  scales=[1.68e-02, 7.99e-02, 4.05e-02, 7.84e-02]
    → +4 scen  (total 72 = 45000 rows)

─── Round 17/24 │ 72 scen = 45000 rows ───
    coll=1500  scales=[1.60e-02, 8.00e-02, 3.75e-02, 7.29e-02]
    → +4 scen  (total 76 = 47500 rows)

─── Round 18/24 │ 76 scen = 47500 rows ───
    coll=1500  scales=[1.50e-02, 7.87e-02, 3.50e-02, 6.81e-02]
    → +4 scen  (total 80 = 50000 rows)

─── Round 19/24 │ 80 scen = 50000 rows ───
    coll=1500  scales=[1.39e-02, 7.36e-02, 3.26e-02, 6.32e-02]
    → +4 scen  (total 84 = 52500 rows)

─── Round 20/24 │ 84 scen = 52500 rows ───
    coll=1500  scales=[1.29e-02, 6.93e-02, 3.06e-02, 5.90e-02]
    → +4 scen  (total 88 = 55000 rows)

─── Round 21/24 │ 88 scen = 55000 rows ───
    coll=1500  scales=[1.19e-02, 6.52e-02, 2.86e-02, 5.49e-02]
    → +4 scen  (total 92 = 57500 rows)

─── Round 22/24 │ 92 scen = 57500 rows ───
    coll=1500  scales=[1.10e-02, 6.12e-02, 2.68e-02, 5.10e-02]
    → +4 scen  (total 96 = 60000 rows)

─── Round 23/24 │ 96 scen = 60000 rows ───
    coll=1500  scales=[1.01e-02, 5.82e-02, 2.51e-02, 4.75e-02]
    → +4 scen  (total 100 = 62500 rows)

─── Round 24/24 │ 100 scen = 62500 rows ───
    coll=1500  scales=[9.29e-03, 5.48e-02, 2.37e-02, 4.42e-02]

─── Final polish │ 300 ep ───
    ep  3200  data=-4.824e-01  pde=3.903e-01  λ=0.0020  val_mse=4.493e-03

[Done v3]  4385.2s  100 scen  62500 rows  val_mse=4.4939e-03
  internal: 3.1336e-04  LHS: 2.7815e-02  (4385s)

[pinn_ic_coreset]
  t_max override: ub[:,1] = 124.10  (was 1.00)
  Model: PINN  h=192  L=4  K=3  +PCA bottleneck k=8
[v3 trainer] PINN+committee+PDE  budget=100  n0=4  k=4  rounds=24  total_ep=3300  λ_max=0.002

─── Round 0/24 │ 4 scen = 2500 rows ───
    coll=1500  scales=[4.37e-02, 9.07e-02, 1.59e-01, 2.03e-01]
    → +4 scen  (total 8 = 5000 rows)

─── Round 1/24 │ 8 scen = 5000 rows ───
    coll=1500  scales=[4.64e-02, 1.14e-01, 1.46e-01, 2.36e-01]
    → +4 scen  (total 12 = 7500 rows)

─── Round 2/24 │ 12 scen = 7500 rows ───
    coll=1500  scales=[4.45e-02, 1.43e-01, 1.33e-01, 2.15e-01]
    → +4 scen  (total 16 = 10000 rows)

─── Round 3/24 │ 16 scen = 10000 rows ───
    coll=1500  scales=[4.11e-02, 1.37e-01, 1.20e-01, 1.98e-01]
    → +4 scen  (total 20 = 12500 rows)

─── Round 4/24 │ 20 scen = 12500 rows ───
    coll=1500  scales=[3.84e-02, 1.37e-01, 1.09e-01, 1.83e-01]
    → +4 scen  (total 24 = 15000 rows)

─── Round 5/24 │ 24 scen = 15000 rows ───
    coll=1500  scales=[3.57e-02, 1.32e-01, 9.96e-02, 1.68e-01]
    → +4 scen  (total 28 = 17500 rows)

─── Round 6/24 │ 28 scen = 17500 rows ───
    coll=1500  scales=[3.43e-02, 1.44e-01, 9.07e-02, 1.55e-01]
    → +4 scen  (total 32 = 20000 rows)

─── Round 7/24 │ 32 scen = 20000 rows ───
    coll=1500  scales=[3.19e-02, 1.41e-01, 8.31e-02, 1.44e-01]
    → +4 scen  (total 36 = 22500 rows)

─── Round 8/24 │ 36 scen = 22500 rows ───
    coll=1500  scales=[2.97e-02, 1.31e-01, 7.60e-02, 1.33e-01]
    → +4 scen  (total 40 = 25000 rows)

─── Round 9/24 │ 40 scen = 25000 rows ───
    coll=1500  scales=[2.91e-02, 1.43e-01, 7.16e-02, 1.33e-01]
    → +4 scen  (total 44 = 27500 rows)

─── Round 10/24 │ 44 scen = 27500 rows ───
    coll=1500  scales=[2.69e-02, 1.37e-01, 6.58e-02, 1.23e-01]
    → +4 scen  (total 48 = 30000 rows)

─── Round 11/24 │ 48 scen = 30000 rows ───
    coll=1500  scales=[2.49e-02, 1.32e-01, 6.04e-02, 1.14e-01]
    → +4 scen  (total 52 = 32500 rows)

─── Round 12/24 │ 52 scen = 32500 rows ───
    coll=1500  scales=[2.40e-02, 1.37e-01, 5.57e-02, 1.06e-01]
    → +4 scen  (total 56 = 35000 rows)

─── Round 13/24 │ 56 scen = 35000 rows ───
    coll=1500  scales=[2.23e-02, 1.30e-01, 5.13e-02, 9.83e-02]
    → +4 scen  (total 60 = 37500 rows)

─── Round 14/24 │ 60 scen = 37500 rows ───
    coll=1500  scales=[2.05e-02, 1.21e-01, 4.73e-02, 9.10e-02]
    → +4 scen  (total 64 = 40000 rows)

─── Round 15/24 │ 64 scen = 40000 rows ───
    coll=1500  scales=[1.91e-02, 1.12e-01, 4.37e-02, 8.43e-02]
    → +4 scen  (total 68 = 42500 rows)

─── Round 16/24 │ 68 scen = 42500 rows ───
    coll=1500  scales=[1.80e-02, 1.12e-01, 4.05e-02, 7.88e-02]
    → +4 scen  (total 72 = 45000 rows)

─── Round 17/24 │ 72 scen = 45000 rows ───
    coll=1500  scales=[1.76e-02, 1.22e-01, 3.75e-02, 7.35e-02]
    → +4 scen  (total 76 = 47500 rows)

─── Round 18/24 │ 76 scen = 47500 rows ───
    coll=1500  scales=[1.62e-02, 1.12e-01, 3.49e-02, 6.82e-02]
    → +4 scen  (total 80 = 50000 rows)

─── Round 19/24 │ 80 scen = 50000 rows ───
    coll=1500  scales=[1.51e-02, 1.05e-01, 3.24e-02, 6.32e-02]
    → +4 scen  (total 84 = 52500 rows)

─── Round 20/24 │ 84 scen = 52500 rows ───
    coll=1500  scales=[1.41e-02, 1.00e-01, 3.03e-02, 5.91e-02]
    → +4 scen  (total 88 = 55000 rows)

─── Round 21/24 │ 88 scen = 55000 rows ───
    coll=1500  scales=[1.31e-02, 9.37e-02, 2.82e-02, 5.50e-02]
    → +4 scen  (total 92 = 57500 rows)

─── Round 22/24 │ 92 scen = 57500 rows ───
    coll=1500  scales=[1.21e-02, 8.79e-02, 2.67e-02, 5.13e-02]
    → +4 scen  (total 96 = 60000 rows)

─── Round 23/24 │ 96 scen = 60000 rows ───
    coll=1500  scales=[1.12e-02, 8.14e-02, 2.50e-02, 4.75e-02]
  [ERROR] pinn_ic_coreset: CUDA error: out of memory
Search for `cudaErrorMemoryAllocation' in https://docs.nvidia.com/cuda/cuda-runtime-api/group__CUDART__TYPES.html for more information.
CUDA kernel errors might be asynchronously reported at some other API call, so the stacktrace below might be incorrect.
For debugging consider passing CUDA_LAUNCH_BLOCKING=1
Compile with `TORCH_USE_CUDA_DSA` to enable device-side assertions.


[pinn_seqrand]
  [ERROR] pinn_seqrand: CUDA error: out of memory
Search for `cudaErrorMemoryAllocation' in https://docs.nvidia.com/cuda/cuda-runtime-api/group__CUDART__TYPES.html for more information.
CUDA kernel errors might be asynchronously reported at some other API call, so the stacktrace below might be incorrect.
For debugging consider passing CUDA_LAUNCH_BLOCKING=1
Compile with `TORCH_USE_CUDA_DSA` to enable device-side assertions.


[pinn_oneshot]
  [ERROR] pinn_oneshot: CUDA error: out of memory
Search for `cudaErrorMemoryAllocation' in https://docs.nvidia.com/cuda/cuda-runtime-api/group__CUDART__TYPES.html for more information.
CUDA kernel errors might be asynchronously reported at some other API call, so the stacktrace below might be incorrect.
For debugging consider passing CUDA_LAUNCH_BLOCKING=1
Compile with `TORCH_USE_CUDA_DSA` to enable device-side assertions.


[ann_al]
  [ERROR] ann_al: CUDA error: out of memory
Search for `cudaErrorMemoryAllocation' in https://docs.nvidia.com/cuda/cuda-runtime-api/group__CUDART__TYPES.html for more information.
CUDA kernel errors might be asynchronously reported at some other API call, so the stacktrace below might be incorrect.
For debugging consider passing CUDA_LAUNCH_BLOCKING=1
Compile with `TORCH_USE_CUDA_DSA` to enable device-side assertions.


[ann_oneshot]
  [ERROR] ann_oneshot: CUDA error: out of memory
Search for `cudaErrorMemoryAllocation' in https://docs.nvidia.com/cuda/cuda-runtime-api/group__CUDART__TYPES.html for more information.
CUDA kernel errors might be asynchronously reported at some other API call, so the stacktrace below might be incorrect.
For debugging consider passing CUDA_LAUNCH_BLOCKING=1
Compile with `TORCH_USE_CUDA_DSA` to enable device-side assertions.


── seed=123 ──

[pinn_al]
  [ERROR] pinn_al: CUDA error: out of memory
Search for `cudaErrorMemoryAllocation' in https://docs.nvidia.com/cuda/cuda-runtime-api/group__CUDART__TYPES.html for more information.
CUDA kernel errors might be asynchronously reported at some other API call, so the stacktrace below might be incorrect.
For debugging consider passing CUDA_LAUNCH_BLOCKING=1
Compile with `TORCH_USE_CUDA_DSA` to enable device-side assertions.


[pinn_ic_coreset]
  [ERROR] pinn_ic_coreset: CUDA error: out of memory
Search for `cudaErrorMemoryAllocation' in https://docs.nvidia.com/cuda/cuda-runtime-api/group__CUDART__TYPES.html for more information.
CUDA kernel errors might be asynchronously reported at some other API call, so the stacktrace below might be incorrect.
For debugging consider passing CUDA_LAUNCH_BLOCKING=1
Compile with `TORCH_USE_CUDA_DSA` to enable device-side assertions.


[pinn_seqrand]
  [ERROR] pinn_seqrand: CUDA error: out of memory
Search for `cudaErrorMemoryAllocation' in https://docs.nvidia.com/cuda/cuda-runtime-api/group__CUDART__TYPES.html for more information.
CUDA kernel errors might be asynchronously reported at some other API call, so the stacktrace below might be incorrect.
For debugging consider passing CUDA_LAUNCH_BLOCKING=1
Compile with `TORCH_USE_CUDA_DSA` to enable device-side assertions.


[pinn_oneshot]
  [ERROR] pinn_oneshot: CUDA error: out of memory
Search for `cudaErrorMemoryAllocation' in https://docs.nvidia.com/cuda/cuda-runtime-api/group__CUDART__TYPES.html for more information.
CUDA kernel errors might be asynchronously reported at some other API call, so the stacktrace below might be incorrect.
For debugging consider passing CUDA_LAUNCH_BLOCKING=1
Compile with `TORCH_USE_CUDA_DSA` to enable device-side assertions.


[ann_al]
  [ERROR] ann_al: CUDA error: out of memory
Search for `cudaErrorMemoryAllocation' in https://docs.nvidia.com/cuda/cuda-runtime-api/group__CUDART__TYPES.html for more information.
CUDA kernel errors might be asynchronously reported at some other API call, so the stacktrace below might be incorrect.
For debugging consider passing CUDA_LAUNCH_BLOCKING=1
Compile with `TORCH_USE_CUDA_DSA` to enable device-side assertions.


[ann_oneshot]
  [ERROR] ann_oneshot: CUDA error: out of memory
Search for `cudaErrorMemoryAllocation' in https://docs.nvidia.com/cuda/cuda-runtime-api/group__CUDART__TYPES.html for more information.
CUDA kernel errors might be asynchronously reported at some other API call, so the stacktrace below might be incorrect.
For debugging consider passing CUDA_LAUNCH_BLOCKING=1
Compile with `TORCH_USE_CUDA_DSA` to enable device-side assertions.


── seed=456 ──

[pinn_al]
  [ERROR] pinn_al: CUDA error: out of memory
Search for `cudaErrorMemoryAllocation' in https://docs.nvidia.com/cuda/cuda-runtime-api/group__CUDART__TYPES.html for more information.
CUDA kernel errors might be asynchronously reported at some other API call, so the stacktrace below might be incorrect.
For debugging consider passing CUDA_LAUNCH_BLOCKING=1
Compile with `TORCH_USE_CUDA_DSA` to enable device-side assertions.


[pinn_ic_coreset]
  [ERROR] pinn_ic_coreset: CUDA error: out of memory
Search for `cudaErrorMemoryAllocation' in https://docs.nvidia.com/cuda/cuda-runtime-api/group__CUDART__TYPES.html for more information.
CUDA kernel errors might be asynchronously reported at some other API call, so the stacktrace below might be incorrect.
For debugging consider passing CUDA_LAUNCH_BLOCKING=1
Compile with `TORCH_USE_CUDA_DSA` to enable device-side assertions.


[pinn_seqrand]
  [ERROR] pinn_seqrand: CUDA error: out of memory
Search for `cudaErrorMemoryAllocation' in https://docs.nvidia.com/cuda/cuda-runtime-api/group__CUDART__TYPES.html for more information.
CUDA kernel errors might be asynchronously reported at some other API call, so the stacktrace below might be incorrect.
For debugging consider passing CUDA_LAUNCH_BLOCKING=1
Compile with `TORCH_USE_CUDA_DSA` to enable device-side assertions.


[pinn_oneshot]
  [ERROR] pinn_oneshot: CUDA error: out of memory
Search for `cudaErrorMemoryAllocation' in https://docs.nvidia.com/cuda/cuda-runtime-api/group__CUDART__TYPES.html for more information.
CUDA kernel errors might be asynchronously reported at some other API call, so the stacktrace below might be incorrect.
For debugging consider passing CUDA_LAUNCH_BLOCKING=1
Compile with `TORCH_USE_CUDA_DSA` to enable device-side assertions.


[ann_al]
  [ERROR] ann_al: CUDA error: out of memory
Search for `cudaErrorMemoryAllocation' in https://docs.nvidia.com/cuda/cuda-runtime-api/group__CUDART__TYPES.html for more information.
CUDA kernel errors might be asynchronously reported at some other API call, so the stacktrace below might be incorrect.
For debugging consider passing CUDA_LAUNCH_BLOCKING=1
Compile with `TORCH_USE_CUDA_DSA` to enable device-side assertions.


[ann_oneshot]
  [ERROR] ann_oneshot: CUDA error: out of memory
Search for `cudaErrorMemoryAllocation' in https://docs.nvidia.com/cuda/cuda-runtime-api/group__CUDART__TYPES.html for more information.
CUDA kernel errors might be asynchronously reported at some other API call, so the stacktrace below might be incorrect.
For debugging consider passing CUDA_LAUNCH_BLOCKING=1
Compile with `TORCH_USE_CUDA_DSA` to enable device-side assertions.


── seed=789 ──

[pinn_al]
  [ERROR] pinn_al: CUDA error: out of memory
Search for `cudaErrorMemoryAllocation' in https://docs.nvidia.com/cuda/cuda-runtime-api/group__CUDART__TYPES.html for more information.
CUDA kernel errors might be asynchronously reported at some other API call, so the stacktrace below might be incorrect.
For debugging consider passing CUDA_LAUNCH_BLOCKING=1
Compile with `TORCH_USE_CUDA_DSA` to enable device-side assertions.


[pinn_ic_coreset]
  [ERROR] pinn_ic_coreset: CUDA error: out of memory
Search for `cudaErrorMemoryAllocation' in https://docs.nvidia.com/cuda/cuda-runtime-api/group__CUDART__TYPES.html for more information.
CUDA kernel errors might be asynchronously reported at some other API call, so the stacktrace below might be incorrect.
For debugging consider passing CUDA_LAUNCH_BLOCKING=1
Compile with `TORCH_USE_CUDA_DSA` to enable device-side assertions.


[pinn_seqrand]
  [ERROR] pinn_seqrand: CUDA error: out of memory
Search for `cudaErrorMemoryAllocation' in https://docs.nvidia.com/cuda/cuda-runtime-api/group__CUDART__TYPES.html for more information.
CUDA kernel errors might be asynchronously reported at some other API call, so the stacktrace below might be incorrect.
For debugging consider passing CUDA_LAUNCH_BLOCKING=1
Compile with `TORCH_USE_CUDA_DSA` to enable device-side assertions.


[pinn_oneshot]
  [ERROR] pinn_oneshot: CUDA error: out of memory
Search for `cudaErrorMemoryAllocation' in https://docs.nvidia.com/cuda/cuda-runtime-api/group__CUDART__TYPES.html for more information.
CUDA kernel errors might be asynchronously reported at some other API call, so the stacktrace below might be incorrect.
For debugging consider passing CUDA_LAUNCH_BLOCKING=1
Compile with `TORCH_USE_CUDA_DSA` to enable device-side assertions.


[ann_al]
  [ERROR] ann_al: CUDA error: out of memory
Search for `cudaErrorMemoryAllocation' in https://docs.nvidia.com/cuda/cuda-runtime-api/group__CUDART__TYPES.html for more information.
CUDA kernel errors might be asynchronously reported at some other API call, so the stacktrace below might be incorrect.
For debugging consider passing CUDA_LAUNCH_BLOCKING=1
Compile with `TORCH_USE_CUDA_DSA` to enable device-side assertions.


[ann_oneshot]
  [ERROR] ann_oneshot: CUDA error: out of memory
Search for `cudaErrorMemoryAllocation' in https://docs.nvidia.com/cuda/cuda-runtime-api/group__CUDART__TYPES.html for more information.
CUDA kernel errors might be asynchronously reported at some other API call, so the stacktrace below might be incorrect.
For debugging consider passing CUDA_LAUNCH_BLOCKING=1
Compile with `TORCH_USE_CUDA_DSA` to enable device-side assertions.


── seed=1024 ──

[pinn_al]
  [ERROR] pinn_al: CUDA error: out of memory
Search for `cudaErrorMemoryAllocation' in https://docs.nvidia.com/cuda/cuda-runtime-api/group__CUDART__TYPES.html for more information.
CUDA kernel errors might be asynchronously reported at some other API call, so the stacktrace below might be incorrect.
For debugging consider passing CUDA_LAUNCH_BLOCKING=1
Compile with `TORCH_USE_CUDA_DSA` to enable device-side assertions.


[pinn_ic_coreset]
  [ERROR] pinn_ic_coreset: CUDA error: out of memory
Search for `cudaErrorMemoryAllocation' in https://docs.nvidia.com/cuda/cuda-runtime-api/group__CUDART__TYPES.html for more information.
CUDA kernel errors might be asynchronously reported at some other API call, so the stacktrace below might be incorrect.
For debugging consider passing CUDA_LAUNCH_BLOCKING=1
Compile with `TORCH_USE_CUDA_DSA` to enable device-side assertions.


[pinn_seqrand]
  [ERROR] pinn_seqrand: CUDA error: out of memory
Search for `cudaErrorMemoryAllocation' in https://docs.nvidia.com/cuda/cuda-runtime-api/group__CUDART__TYPES.html for more information.
CUDA kernel errors might be asynchronously reported at some other API call, so the stacktrace below might be incorrect.
For debugging consider passing CUDA_LAUNCH_BLOCKING=1
Compile with `TORCH_USE_CUDA_DSA` to enable device-side assertions.


[pinn_oneshot]
  [ERROR] pinn_oneshot: CUDA error: out of memory
Search for `cudaErrorMemoryAllocation' in https://docs.nvidia.com/cuda/cuda-runtime-api/group__CUDART__TYPES.html for more information.
CUDA kernel errors might be asynchronously reported at some other API call, so the stacktrace below might be incorrect.
For debugging consider passing CUDA_LAUNCH_BLOCKING=1
Compile with `TORCH_USE_CUDA_DSA` to enable device-side assertions.


[ann_al]
  [ERROR] ann_al: CUDA error: out of memory
Search for `cudaErrorMemoryAllocation' in https://docs.nvidia.com/cuda/cuda-runtime-api/group__CUDART__TYPES.html for more information.
CUDA kernel errors might be asynchronously reported at some other API call, so the stacktrace below might be incorrect.
For debugging consider passing CUDA_LAUNCH_BLOCKING=1
Compile with `TORCH_USE_CUDA_DSA` to enable device-side assertions.


[ann_oneshot]
  [ERROR] ann_oneshot: CUDA error: out of memory
Search for `cudaErrorMemoryAllocation' in https://docs.nvidia.com/cuda/cuda-runtime-api/group__CUDART__TYPES.html for more information.
CUDA kernel errors might be asynchronously reported at some other API call, so the stacktrace below might be incorrect.
For debugging consider passing CUDA_LAUNCH_BLOCKING=1
Compile with `TORCH_USE_CUDA_DSA` to enable device-side assertions.


[Sweep done] → psa_headline_v8\psa_v7_sweep_final.json

====================================================================================================
  INTERNAL TEST
====================================================================================================
Budget           pinn_al  pinn_ic_corese    pinn_seqrand    pinn_oneshot          ann_al     ann_oneshot
--------------------------------------------------------------------------------------------------------
    12        2.9725e-04      3.4625e-04      4.4822e-04      4.1219e-04      2.6212e-04      3.5675e-04
    30        2.4920e-04      3.0864e-04      3.4572e-04      3.4951e-04      6.6581e-05      2.1692e-04
    60        2.8439e-04      3.0302e-04      3.3224e-04      2.9186e-04      3.3626e-05      4.7230e-05
   100        3.1336e-04             n/a             n/a             n/a             n/a             n/a

  IMPROVEMENT % on internal test (pinn_al vs each baseline, mean across budgets):
    pinn_al vs pinn_ic_coreset: mean= +13.2%  range [ +6.1%, +19.3%]
    pinn_al vs   pinn_seqrand: mean= +25.3%  range [+14.4%, +33.7%]
    pinn_al vs   pinn_oneshot: mean= +19.7%  range [ +2.6%, +28.7%]
    pinn_al vs         ann_al: mean=-344.5%  range [-745.7%, -13.4%]
    pinn_al vs    ann_oneshot: mean=-166.8%  range [-502.1%, +16.7%]

====================================================================================================
  LHS EXTERNAL TEST
====================================================================================================
Budget           pinn_al  pinn_ic_corese    pinn_seqrand    pinn_oneshot          ann_al     ann_oneshot
--------------------------------------------------------------------------------------------------------
    12        1.0976e-01      6.2088e-02      9.2557e-02      7.9383e-02      5.6662e-02      6.4772e-02
    30        4.4342e-02      2.2185e-02      8.5874e-02      6.9700e-02      1.4439e-02      2.9422e-02
    60        1.9687e-02      1.7954e-02      5.2039e-02      3.6739e-02      3.3100e-02      3.4084e-02
   100        2.7815e-02             n/a             n/a             n/a             n/a             n/a

  IMPROVEMENT % on LHS external test (pinn_al vs each baseline, mean across budgets):
    pinn_al vs pinn_ic_coreset: mean= -62.1%  range [-99.9%,  -9.7%]
    pinn_al vs   pinn_seqrand: mean= +30.6%  range [-18.6%, +62.2%]
    pinn_al vs   pinn_oneshot: mean= +14.8%  range [-38.3%, +46.4%]
    pinn_al vs         ann_al: mean= -86.8%  range [-207.1%, +40.5%]
    pinn_al vs    ann_oneshot: mean= -26.0%  range [-69.5%, +42.2%]
