[Quick mode]
device=cuda  out_dir=psa_biased_v8
Loaded ads: x=(1556250, 102)  y=(1556250, 4)
Identified 403 scenarios
Split: pool=333  val=30  internal-test=40
Biasing pool: 70% clustered near 3 IC nominals
  [biased_pool] unique=149 (49 biased ×5 + 100 spread) → pool size 345, effective bias = 71%
  pool size after biasing: 345 (was 70 reserved)
External LHS test: x=(78475, 102)  y=(78475, 4)
  LHS scenarios: 24, rows after extraction: 15000
  PCA bottleneck k=8: explains 99.5% IC variance
  t_max (physical) = 124.10s — will override ub[:,1] inside build_model

======================================================================
BUDGET = 12 scenarios
======================================================================

── seed=42 ──

[pinn_al]
  t_max override: ub[:,1] = 124.10  (was 1.00)
  Model: PINN  h=96  L=3  K=3  +PCA bottleneck k=8
[v3 trainer] PINN+committee+PDE  budget=12  n0=4  k=4  rounds=2  total_ep=660  λ_max=0.002

─── Round 0/2 │ 4 scen = 2500 rows ───
    coll=1500  scales=[2.40e-02, 6.21e-02, 2.57e-02, 5.41e-01]
    → +4 scen  (total 8 = 5000 rows)

─── Round 1/2 │ 8 scen = 5000 rows ───
    coll=1500  scales=[2.25e-02, 6.83e-02, 2.63e-02, 5.44e-01]
    → +4 scen  (total 12 = 7500 rows)

─── Round 2/2 │ 12 scen = 7500 rows ───
    coll=1500  scales=[2.16e-02, 7.45e-02, 2.46e-02, 4.94e-01]

─── Final polish │ 300 ep ───
    ep   560  data=-4.469e-01  pde=5.862e-01  λ=0.0020  val_mse=5.676e-03

[Done v3]  59.2s  12 scen  7500 rows  val_mse=5.5901e-03
  internal: 2.5565e-04  LHS: 1.8769e-01  (59s)

[pinn_ic_coreset]
  t_max override: ub[:,1] = 124.10  (was 1.00)
  Model: PINN  h=96  L=3  K=3  +PCA bottleneck k=8
[v3 trainer] PINN+committee+PDE  budget=12  n0=4  k=4  rounds=2  total_ep=660  λ_max=0.002

─── Round 0/2 │ 4 scen = 2500 rows ───
    coll=1500  scales=[2.40e-02, 6.21e-02, 2.57e-02, 5.41e-01]
    → +4 scen  (total 8 = 5000 rows)

─── Round 1/2 │ 8 scen = 5000 rows ───
    coll=1500  scales=[2.23e-02, 6.77e-02, 2.58e-02, 5.44e-01]
    → +4 scen  (total 12 = 7500 rows)

─── Round 2/2 │ 12 scen = 7500 rows ───
    coll=1500  scales=[2.15e-02, 7.65e-02, 2.42e-02, 4.94e-01]

─── Final polish │ 300 ep ───
    ep   560  data=-4.542e-01  pde=5.451e-01  λ=0.0020  val_mse=6.238e-03

[Done v3]  55.9s  12 scen  7500 rows  val_mse=6.1434e-03
  internal: 3.7715e-04  LHS: 7.1966e-02  (56s)

[pinn_seqrand]
  t_max override: ub[:,1] = 124.10  (was 1.00)
  Model: PINN  h=96  L=3  K=3  +PCA bottleneck k=8
[v3 trainer] PINN+committee+PDE  budget=12  n0=4  k=4  rounds=2  total_ep=660  λ_max=0.002

─── Round 0/2 │ 4 scen = 2500 rows ───
    coll=1500  scales=[2.40e-02, 6.21e-02, 2.57e-02, 5.41e-01]
    → +4 scen  (total 8 = 5000 rows)

─── Round 1/2 │ 8 scen = 5000 rows ───
    coll=1500  scales=[2.20e-02, 6.61e-02, 2.52e-02, 5.43e-01]
    → +4 scen  (total 12 = 7500 rows)

─── Round 2/2 │ 12 scen = 7500 rows ───
    coll=1500  scales=[2.06e-02, 6.33e-02, 2.36e-02, 4.95e-01]

─── Final polish │ 300 ep ───
    ep   560  data=-4.574e-01  pde=4.604e-01  λ=0.0020  val_mse=8.515e-03

[Done v3]  56.4s  12 scen  7500 rows  val_mse=8.5165e-03
  internal: 8.0656e-04  LHS: 4.8013e-02  (56s)

[pinn_oneshot]
  t_max override: ub[:,1] = 124.10  (was 1.00)
  Model: PINN  h=96  L=3  K=3  +PCA bottleneck k=8
  internal: 1.1932e-03  LHS: 1.9144e-03  (58s)

[ann_al]
  t_max override: ub[:,1] = 124.10  (was 1.00)
  Model: ANN   h=96  L=3  +PCA bottleneck k=8
[v3 trainer] ANN  budget=12  n0=4  k=4  rounds=2  total_ep=660  λ_max=0.0

─── Round 0/2 │ 4 scen = 2500 rows ───
    → +4 scen  (total 8 = 5000 rows)

─── Round 1/2 │ 8 scen = 5000 rows ───
    → +4 scen  (total 12 = 7500 rows)

─── Round 2/2 │ 12 scen = 7500 rows ───

─── Final polish │ 300 ep ───
    ep   560  data=3.139e-03  pde=0.000e+00  λ=0.0000  val_mse=2.467e-03

[Done v3]  11.5s  12 scen  7500 rows  val_mse=2.4225e-03
  internal: 3.4312e-04  LHS: 2.5241e-02  (12s)

[ann_oneshot]
  t_max override: ub[:,1] = 124.10  (was 1.00)
  Model: ANN   h=96  L=3  +PCA bottleneck k=8
  internal: 3.3918e-03  LHS: 2.9848e-02  (11s)

── seed=123 ──

[pinn_al]
  t_max override: ub[:,1] = 124.10  (was 1.00)
  Model: PINN  h=96  L=3  K=3  +PCA bottleneck k=8
[v3 trainer] PINN+committee+PDE  budget=12  n0=4  k=4  rounds=2  total_ep=660  λ_max=0.002

─── Round 0/2 │ 4 scen = 2500 rows ───
    coll=1500  scales=[1.84e-02, 3.36e-02, 1.07e-01, 2.55e-01]
    → +4 scen  (total 8 = 5000 rows)

─── Round 1/2 │ 8 scen = 5000 rows ───
    coll=1500  scales=[1.73e-02, 4.06e-02, 1.07e-01, 2.43e-01]
    → +4 scen  (total 12 = 7500 rows)

─── Round 2/2 │ 12 scen = 7500 rows ───
    coll=1500  scales=[1.62e-02, 3.94e-02, 9.76e-02, 2.22e-01]

─── Final polish │ 300 ep ───
    ep   560  data=-4.109e-01  pde=5.558e-01  λ=0.0020  val_mse=6.686e-03

[Done v3]  56.8s  12 scen  7500 rows  val_mse=6.5372e-03
  internal: 4.3380e-04  LHS: 1.2802e-01  (57s)

[pinn_ic_coreset]
  t_max override: ub[:,1] = 124.10  (was 1.00)
  Model: PINN  h=96  L=3  K=3  +PCA bottleneck k=8
[v3 trainer] PINN+committee+PDE  budget=12  n0=4  k=4  rounds=2  total_ep=660  λ_max=0.002

─── Round 0/2 │ 4 scen = 2500 rows ───
    coll=1500  scales=[1.84e-02, 3.36e-02, 1.07e-01, 2.55e-01]
    → +4 scen  (total 8 = 5000 rows)

─── Round 1/2 │ 8 scen = 5000 rows ───
    coll=1500  scales=[1.72e-02, 3.91e-02, 1.07e-01, 2.43e-01]
    → +4 scen  (total 12 = 7500 rows)

─── Round 2/2 │ 12 scen = 7500 rows ───
    coll=1500  scales=[1.61e-02, 4.17e-02, 1.01e-01, 2.36e-01]

─── Final polish │ 300 ep ───
    ep   560  data=-4.453e-01  pde=4.369e-01  λ=0.0020  val_mse=6.973e-03

[Done v3]  56.0s  12 scen  7500 rows  val_mse=6.7918e-03
  internal: 4.4367e-04  LHS: 1.1577e-01  (56s)

[pinn_seqrand]
  t_max override: ub[:,1] = 124.10  (was 1.00)
  Model: PINN  h=96  L=3  K=3  +PCA bottleneck k=8
[v3 trainer] PINN+committee+PDE  budget=12  n0=4  k=4  rounds=2  total_ep=660  λ_max=0.002

─── Round 0/2 │ 4 scen = 2500 rows ───
    coll=1500  scales=[1.84e-02, 3.36e-02, 1.07e-01, 2.55e-01]
    → +4 scen  (total 8 = 5000 rows)

─── Round 1/2 │ 8 scen = 5000 rows ───
    coll=1500  scales=[1.69e-02, 3.23e-02, 1.07e-01, 2.42e-01]
    → +4 scen  (total 12 = 7500 rows)

─── Round 2/2 │ 12 scen = 7500 rows ───
    coll=1500  scales=[1.59e-02, 3.46e-02, 9.71e-02, 2.21e-01]

─── Final polish │ 300 ep ───
    ep   560  data=-4.520e-01  pde=3.237e-01  λ=0.0020  val_mse=9.744e-03

[Done v3]  56.1s  12 scen  7500 rows  val_mse=9.6904e-03
  internal: 7.7308e-04  LHS: 9.0524e-02  (56s)

[pinn_oneshot]
  t_max override: ub[:,1] = 124.10  (was 1.00)
  Model: PINN  h=96  L=3  K=3  +PCA bottleneck k=8
  internal: 9.5846e-04  LHS: 2.0580e-02  (58s)

[ann_al]
  t_max override: ub[:,1] = 124.10  (was 1.00)
  Model: ANN   h=96  L=3  +PCA bottleneck k=8
[v3 trainer] ANN  budget=12  n0=4  k=4  rounds=2  total_ep=660  λ_max=0.0

─── Round 0/2 │ 4 scen = 2500 rows ───
    → +4 scen  (total 8 = 5000 rows)

─── Round 1/2 │ 8 scen = 5000 rows ───
    → +4 scen  (total 12 = 7500 rows)

─── Round 2/2 │ 12 scen = 7500 rows ───

─── Final polish │ 300 ep ───
    ep   560  data=3.614e-03  pde=0.000e+00  λ=0.0000  val_mse=3.120e-03

[Done v3]  11.4s  12 scen  7500 rows  val_mse=3.0620e-03
  internal: 3.7244e-04  LHS: 4.5485e-02  (12s)

[ann_oneshot]
  t_max override: ub[:,1] = 124.10  (was 1.00)
  Model: ANN   h=96  L=3  +PCA bottleneck k=8
  internal: 1.9587e-03  LHS: 5.1793e-03  (11s)

── seed=456 ──

[pinn_al]
  t_max override: ub[:,1] = 124.10  (was 1.00)
  Model: PINN  h=96  L=3  K=3  +PCA bottleneck k=8
[v3 trainer] PINN+committee+PDE  budget=12  n0=4  k=4  rounds=2  total_ep=660  λ_max=0.002

─── Round 0/2 │ 4 scen = 2500 rows ───
    coll=1500  scales=[3.13e-02, 4.34e-02, 6.02e-02, 2.31e-01]
    → +4 scen  (total 8 = 5000 rows)

─── Round 1/2 │ 8 scen = 5000 rows ───
    coll=1500  scales=[2.94e-02, 5.01e-02, 6.74e-02, 2.13e-01]
    → +4 scen  (total 12 = 7500 rows)

─── Round 2/2 │ 12 scen = 7500 rows ───
    coll=1500  scales=[2.75e-02, 4.82e-02, 6.19e-02, 1.95e-01]

─── Final polish │ 300 ep ───
    ep   560  data=-4.343e-01  pde=6.071e-01  λ=0.0020  val_mse=5.899e-03

[Done v3]  56.9s  12 scen  7500 rows  val_mse=5.8090e-03
  internal: 4.1717e-04  LHS: 1.2621e-01  (57s)

[pinn_ic_coreset]
  t_max override: ub[:,1] = 124.10  (was 1.00)
  Model: PINN  h=96  L=3  K=3  +PCA bottleneck k=8
[v3 trainer] PINN+committee+PDE  budget=12  n0=4  k=4  rounds=2  total_ep=660  λ_max=0.002

─── Round 0/2 │ 4 scen = 2500 rows ───
    coll=1500  scales=[3.13e-02, 4.34e-02, 6.02e-02, 2.31e-01]
    → +4 scen  (total 8 = 5000 rows)

─── Round 1/2 │ 8 scen = 5000 rows ───
    coll=1500  scales=[2.94e-02, 4.99e-02, 6.74e-02, 2.13e-01]
    → +4 scen  (total 12 = 7500 rows)

─── Round 2/2 │ 12 scen = 7500 rows ───
    coll=1500  scales=[2.76e-02, 5.02e-02, 6.18e-02, 1.95e-01]

─── Final polish │ 300 ep ───
    ep   560  data=-4.462e-01  pde=5.847e-01  λ=0.0020  val_mse=6.124e-03

[Done v3]  56.1s  12 scen  7500 rows  val_mse=6.0213e-03
  internal: 3.2254e-04  LHS: 2.4411e-01  (56s)

[pinn_seqrand]
  t_max override: ub[:,1] = 124.10  (was 1.00)
  Model: PINN  h=96  L=3  K=3  +PCA bottleneck k=8
[v3 trainer] PINN+committee+PDE  budget=12  n0=4  k=4  rounds=2  total_ep=660  λ_max=0.002

─── Round 0/2 │ 4 scen = 2500 rows ───
    coll=1500  scales=[3.13e-02, 4.34e-02, 6.02e-02, 2.31e-01]
    → +4 scen  (total 8 = 5000 rows)

─── Round 1/2 │ 8 scen = 5000 rows ───
    coll=1500  scales=[2.85e-02, 4.62e-02, 6.74e-02, 2.12e-01]
    → +4 scen  (total 12 = 7500 rows)

─── Round 2/2 │ 12 scen = 7500 rows ───
    coll=1500  scales=[2.69e-02, 5.15e-02, 6.17e-02, 1.95e-01]

─── Final polish │ 300 ep ───
    ep   560  data=-4.553e-01  pde=3.325e-01  λ=0.0020  val_mse=1.114e-02

[Done v3]  56.4s  12 scen  7500 rows  val_mse=1.0944e-02
  internal: 1.2485e-03  LHS: 3.3343e-01  (56s)

[pinn_oneshot]
  t_max override: ub[:,1] = 124.10  (was 1.00)
  Model: PINN  h=96  L=3  K=3  +PCA bottleneck k=8
  internal: 4.0393e-04  LHS: 5.2036e-02  (58s)

[ann_al]
  t_max override: ub[:,1] = 124.10  (was 1.00)
  Model: ANN   h=96  L=3  +PCA bottleneck k=8
[v3 trainer] ANN  budget=12  n0=4  k=4  rounds=2  total_ep=660  λ_max=0.0

─── Round 0/2 │ 4 scen = 2500 rows ───
    → +4 scen  (total 8 = 5000 rows)

─── Round 1/2 │ 8 scen = 5000 rows ───
    → +4 scen  (total 12 = 7500 rows)

─── Round 2/2 │ 12 scen = 7500 rows ───

─── Final polish │ 300 ep ───
    ep   560  data=1.933e-03  pde=0.000e+00  λ=0.0000  val_mse=2.861e-03

[Done v3]  11.6s  12 scen  7500 rows  val_mse=2.8265e-03
  internal: 3.1144e-04  LHS: 1.0598e-01  (12s)

[ann_oneshot]
  t_max override: ub[:,1] = 124.10  (was 1.00)
  Model: ANN   h=96  L=3  +PCA bottleneck k=8
  internal: 2.5868e-04  LHS: 5.2700e-02  (11s)

── seed=789 ──

[pinn_al]
  t_max override: ub[:,1] = 124.10  (was 1.00)
  Model: PINN  h=96  L=3  K=3  +PCA bottleneck k=8
[v3 trainer] PINN+committee+PDE  budget=12  n0=4  k=4  rounds=2  total_ep=660  λ_max=0.002

─── Round 0/2 │ 4 scen = 2500 rows ───
    coll=1500  scales=[8.22e-02, 7.81e-02, 3.11e-02, 4.36e-01]
    → +4 scen  (total 8 = 5000 rows)

─── Round 1/2 │ 8 scen = 5000 rows ───
    coll=1500  scales=[7.80e-02, 9.08e-02, 3.71e-02, 4.03e-01]
    → +4 scen  (total 12 = 7500 rows)

─── Round 2/2 │ 12 scen = 7500 rows ───
    coll=1500  scales=[7.43e-02, 1.19e-01, 3.43e-02, 3.69e-01]

─── Final polish │ 300 ep ───
    ep   560  data=-4.592e-01  pde=4.652e-01  λ=0.0020  val_mse=4.323e-03

[Done v3]  57.4s  12 scen  7500 rows  val_mse=4.2621e-03
  internal: 3.0967e-04  LHS: 2.4656e-02  (57s)

[pinn_ic_coreset]
  t_max override: ub[:,1] = 124.10  (was 1.00)
  Model: PINN  h=96  L=3  K=3  +PCA bottleneck k=8
[v3 trainer] PINN+committee+PDE  budget=12  n0=4  k=4  rounds=2  total_ep=660  λ_max=0.002

─── Round 0/2 │ 4 scen = 2500 rows ───
    coll=1500  scales=[8.22e-02, 7.81e-02, 3.11e-02, 4.36e-01]
    → +4 scen  (total 8 = 5000 rows)

─── Round 1/2 │ 8 scen = 5000 rows ───
    coll=1500  scales=[7.82e-02, 8.95e-02, 3.72e-02, 4.03e-01]
    → +4 scen  (total 12 = 7500 rows)

─── Round 2/2 │ 12 scen = 7500 rows ───
    coll=1500  scales=[7.56e-02, 9.09e-02, 3.42e-02, 3.66e-01]

─── Final polish │ 300 ep ───
    ep   560  data=-4.553e-01  pde=5.751e-01  λ=0.0020  val_mse=4.947e-03

[Done v3]  56.5s  12 scen  7500 rows  val_mse=4.7065e-03
  internal: 2.8279e-04  LHS: 1.1164e-02  (57s)

[pinn_seqrand]
  t_max override: ub[:,1] = 124.10  (was 1.00)
  Model: PINN  h=96  L=3  K=3  +PCA bottleneck k=8
[v3 trainer] PINN+committee+PDE  budget=12  n0=4  k=4  rounds=2  total_ep=660  λ_max=0.002

─── Round 0/2 │ 4 scen = 2500 rows ───
    coll=1500  scales=[8.22e-02, 7.81e-02, 3.11e-02, 4.36e-01]
    → +4 scen  (total 8 = 5000 rows)

─── Round 1/2 │ 8 scen = 5000 rows ───
    coll=1500  scales=[7.63e-02, 7.75e-02, 3.70e-02, 4.01e-01]
    → +4 scen  (total 12 = 7500 rows)

─── Round 2/2 │ 12 scen = 7500 rows ───
    coll=1500  scales=[7.17e-02, 8.07e-02, 3.43e-02, 3.65e-01]

─── Final polish │ 300 ep ───
    ep   560  data=-4.552e-01  pde=4.013e-01  λ=0.0020  val_mse=1.622e-02

[Done v3]  56.3s  12 scen  7500 rows  val_mse=1.6085e-02
  internal: 9.5573e-04  LHS: 4.0935e-03  (56s)

[pinn_oneshot]
  t_max override: ub[:,1] = 124.10  (was 1.00)
  Model: PINN  h=96  L=3  K=3  +PCA bottleneck k=8
  internal: 3.4418e-04  LHS: 2.8628e-03  (58s)

[ann_al]
  t_max override: ub[:,1] = 124.10  (was 1.00)
  Model: ANN   h=96  L=3  +PCA bottleneck k=8
[v3 trainer] ANN  budget=12  n0=4  k=4  rounds=2  total_ep=660  λ_max=0.0

─── Round 0/2 │ 4 scen = 2500 rows ───
    → +4 scen  (total 8 = 5000 rows)

─── Round 1/2 │ 8 scen = 5000 rows ───
    → +4 scen  (total 12 = 7500 rows)

─── Round 2/2 │ 12 scen = 7500 rows ───

─── Final polish │ 300 ep ───
    ep   560  data=2.152e-03  pde=0.000e+00  λ=0.0000  val_mse=2.255e-03

[Done v3]  11.5s  12 scen  7500 rows  val_mse=2.2159e-03
  internal: 3.0010e-04  LHS: 2.6342e-03  (12s)

[ann_oneshot]
  t_max override: ub[:,1] = 124.10  (was 1.00)
  Model: ANN   h=96  L=3  +PCA bottleneck k=8
  internal: 3.1685e-04  LHS: 4.4391e-03  (11s)

── seed=1024 ──

[pinn_al]
  t_max override: ub[:,1] = 124.10  (was 1.00)
  Model: PINN  h=96  L=3  K=3  +PCA bottleneck k=8
[v3 trainer] PINN+committee+PDE  budget=12  n0=4  k=4  rounds=2  total_ep=660  λ_max=0.002

─── Round 0/2 │ 4 scen = 2500 rows ───
    coll=1500  scales=[3.80e-02, 7.12e-02, 8.20e-02, 3.29e-01]
    → +4 scen  (total 8 = 5000 rows)

─── Round 1/2 │ 8 scen = 5000 rows ───
    coll=1500  scales=[3.60e-02, 8.01e-02, 8.80e-02, 3.00e-01]
    → +4 scen  (total 12 = 7500 rows)

─── Round 2/2 │ 12 scen = 7500 rows ───
    coll=1500  scales=[3.39e-02, 8.32e-02, 8.03e-02, 2.73e-01]

─── Final polish │ 300 ep ───
    ep   560  data=-4.552e-01  pde=4.831e-01  λ=0.0020  val_mse=5.091e-03

[Done v3]  57.3s  12 scen  7500 rows  val_mse=5.0339e-03
  internal: 3.5234e-04  LHS: 9.3070e-02  (57s)

[pinn_ic_coreset]
  t_max override: ub[:,1] = 124.10  (was 1.00)
  Model: PINN  h=96  L=3  K=3  +PCA bottleneck k=8
[v3 trainer] PINN+committee+PDE  budget=12  n0=4  k=4  rounds=2  total_ep=660  λ_max=0.002

─── Round 0/2 │ 4 scen = 2500 rows ───
    coll=1500  scales=[3.80e-02, 7.12e-02, 8.20e-02, 3.29e-01]
    → +4 scen  (total 8 = 5000 rows)

─── Round 1/2 │ 8 scen = 5000 rows ───
    coll=1500  scales=[3.60e-02, 7.93e-02, 8.80e-02, 3.00e-01]
    → +4 scen  (total 12 = 7500 rows)

─── Round 2/2 │ 12 scen = 7500 rows ───
    coll=1500  scales=[3.35e-02, 8.04e-02, 8.04e-02, 2.72e-01]

─── Final polish │ 300 ep ───
    ep   560  data=-4.522e-01  pde=5.527e-01  λ=0.0020  val_mse=6.161e-03

[Done v3]  56.3s  12 scen  7500 rows  val_mse=6.0723e-03
  internal: 3.5289e-04  LHS: 1.4130e-01  (56s)

[pinn_seqrand]
  t_max override: ub[:,1] = 124.10  (was 1.00)
  Model: PINN  h=96  L=3  K=3  +PCA bottleneck k=8
[v3 trainer] PINN+committee+PDE  budget=12  n0=4  k=4  rounds=2  total_ep=660  λ_max=0.002

─── Round 0/2 │ 4 scen = 2500 rows ───
    coll=1500  scales=[3.80e-02, 7.12e-02, 8.20e-02, 3.29e-01]
    → +4 scen  (total 8 = 5000 rows)

─── Round 1/2 │ 8 scen = 5000 rows ───
    coll=1500  scales=[3.57e-02, 7.62e-02, 8.80e-02, 3.00e-01]
    → +4 scen  (total 12 = 7500 rows)

─── Round 2/2 │ 12 scen = 7500 rows ───
    coll=1500  scales=[3.35e-02, 7.60e-02, 8.03e-02, 2.72e-01]

─── Final polish │ 300 ep ───
    ep   560  data=-4.456e-01  pde=4.291e-01  λ=0.0020  val_mse=6.084e-03

[Done v3]  56.5s  12 scen  7500 rows  val_mse=6.0326e-03
  internal: 4.3764e-04  LHS: 1.1534e-01  (57s)

[pinn_oneshot]
  t_max override: ub[:,1] = 124.10  (was 1.00)
  Model: PINN  h=96  L=3  K=3  +PCA bottleneck k=8
  internal: 1.1762e-03  LHS: 1.7495e-01  (58s)

[ann_al]
  t_max override: ub[:,1] = 124.10  (was 1.00)
  Model: ANN   h=96  L=3  +PCA bottleneck k=8
[v3 trainer] ANN  budget=12  n0=4  k=4  rounds=2  total_ep=660  λ_max=0.0

─── Round 0/2 │ 4 scen = 2500 rows ───
    → +4 scen  (total 8 = 5000 rows)

─── Round 1/2 │ 8 scen = 5000 rows ───
    → +4 scen  (total 12 = 7500 rows)

─── Round 2/2 │ 12 scen = 7500 rows ───

─── Final polish │ 300 ep ───
    ep   560  data=1.302e-03  pde=0.000e+00  λ=0.0000  val_mse=1.775e-03

[Done v3]  11.5s  12 scen  7500 rows  val_mse=1.7552e-03
  internal: 2.5076e-04  LHS: 5.0176e-02  (12s)

[ann_oneshot]
  t_max override: ub[:,1] = 124.10  (was 1.00)
  Model: ANN   h=96  L=3  +PCA bottleneck k=8
  internal: 8.9733e-04  LHS: 6.4609e-02  (11s)

======================================================================
BUDGET = 30 scenarios
======================================================================

── seed=42 ──

[pinn_al]
  t_max override: ub[:,1] = 124.10  (was 1.00)
  Model: PINN  h=128  L=3  K=3  +PCA bottleneck k=8
[v3 trainer] PINN+committee+PDE  budget=30  n0=4  k=4  rounds=7  total_ep=1260  λ_max=0.002

─── Round 0/7 │ 4 scen = 2500 rows ───
    coll=1500  scales=[9.65e-02, 7.49e-02, 5.72e-02, 2.75e-01]
    → +4 scen  (total 8 = 5000 rows)

─── Round 1/7 │ 8 scen = 5000 rows ───
    coll=1500  scales=[9.01e-02, 7.80e-02, 5.96e-02, 2.56e-01]
    → +4 scen  (total 12 = 7500 rows)

─── Round 2/7 │ 12 scen = 7500 rows ───
    coll=1500  scales=[8.49e-02, 8.90e-02, 5.44e-02, 2.33e-01]
    → +4 scen  (total 16 = 10000 rows)

─── Round 3/7 │ 16 scen = 10000 rows ───
    coll=1500  scales=[8.04e-02, 1.05e-01, 4.99e-02, 2.13e-01]
    → +4 scen  (total 20 = 12500 rows)

─── Round 4/7 │ 20 scen = 12500 rows ───
    coll=1500  scales=[7.63e-02, 9.93e-02, 4.59e-02, 1.95e-01]
    → +4 scen  (total 24 = 15000 rows)

─── Round 5/7 │ 24 scen = 15000 rows ───
    coll=1500  scales=[7.20e-02, 9.50e-02, 4.22e-02, 1.78e-01]
    → +4 scen  (total 28 = 17500 rows)

─── Round 6/7 │ 28 scen = 17500 rows ───
    coll=1500  scales=[6.80e-02, 9.29e-02, 3.90e-02, 1.63e-01]
    → +4 scen  (total 32 = 20000 rows)

─── Round 7/7 │ 32 scen = 20000 rows ───
    coll=1500  scales=[6.40e-02, 8.99e-02, 3.60e-02, 1.50e-01]

─── Final polish │ 300 ep ───
    ep  1160  data=-4.673e-01  pde=3.916e-01  λ=0.0020  val_mse=3.465e-03

[Done v3]  224.9s  32 scen  20000 rows  val_mse=3.4564e-03
  internal: 2.1138e-04  LHS: 9.6068e-02  (225s)

[pinn_ic_coreset]
  t_max override: ub[:,1] = 124.10  (was 1.00)
  Model: PINN  h=128  L=3  K=3  +PCA bottleneck k=8
[v3 trainer] PINN+committee+PDE  budget=30  n0=4  k=4  rounds=7  total_ep=1260  λ_max=0.002

─── Round 0/7 │ 4 scen = 2500 rows ───
    coll=1500  scales=[9.65e-02, 7.49e-02, 5.72e-02, 2.75e-01]
    → +4 scen  (total 8 = 5000 rows)

─── Round 1/7 │ 8 scen = 5000 rows ───
    coll=1500  scales=[8.98e-02, 7.77e-02, 5.96e-02, 2.56e-01]
    → +4 scen  (total 12 = 7500 rows)

─── Round 2/7 │ 12 scen = 7500 rows ───
    coll=1500  scales=[8.48e-02, 7.76e-02, 5.45e-02, 2.33e-01]
    → +4 scen  (total 16 = 10000 rows)

─── Round 3/7 │ 16 scen = 10000 rows ───
    coll=1500  scales=[8.05e-02, 9.18e-02, 5.00e-02, 2.13e-01]
    → +4 scen  (total 20 = 12500 rows)

─── Round 4/7 │ 20 scen = 12500 rows ───
    coll=1500  scales=[7.64e-02, 8.69e-02, 4.59e-02, 1.94e-01]
    → +4 scen  (total 24 = 15000 rows)

─── Round 5/7 │ 24 scen = 15000 rows ───
    coll=1500  scales=[7.05e-02, 1.08e-01, 4.34e-02, 1.80e-01]
    → +4 scen  (total 28 = 17500 rows)

─── Round 6/7 │ 28 scen = 17500 rows ───
    coll=1500  scales=[6.69e-02, 1.12e-01, 4.00e-02, 1.65e-01]
    → +4 scen  (total 32 = 20000 rows)

─── Round 7/7 │ 32 scen = 20000 rows ───
    coll=1500  scales=[6.27e-02, 1.11e-01, 3.71e-02, 1.52e-01]

─── Final polish │ 300 ep ───
    ep  1160  data=-4.691e-01  pde=3.604e-01  λ=0.0020  val_mse=3.498e-03

[Done v3]  220.3s  32 scen  20000 rows  val_mse=3.4884e-03
  internal: 2.2600e-04  LHS: 5.3815e-02  (220s)

[pinn_seqrand]
  t_max override: ub[:,1] = 124.10  (was 1.00)
  Model: PINN  h=128  L=3  K=3  +PCA bottleneck k=8
[v3 trainer] PINN+committee+PDE  budget=30  n0=4  k=4  rounds=7  total_ep=1260  λ_max=0.002

─── Round 0/7 │ 4 scen = 2500 rows ───
    coll=1500  scales=[9.65e-02, 7.49e-02, 5.72e-02, 2.75e-01]
    → +4 scen  (total 8 = 5000 rows)

─── Round 1/7 │ 8 scen = 5000 rows ───
    coll=1500  scales=[8.92e-02, 7.65e-02, 5.93e-02, 2.55e-01]
    → +4 scen  (total 12 = 7500 rows)

─── Round 2/7 │ 12 scen = 7500 rows ───
    coll=1500  scales=[8.45e-02, 7.37e-02, 5.51e-02, 2.33e-01]
    → +4 scen  (total 16 = 10000 rows)

─── Round 3/7 │ 16 scen = 10000 rows ───
    coll=1500  scales=[7.85e-02, 8.20e-02, 5.03e-02, 2.12e-01]
    → +4 scen  (total 20 = 12500 rows)

─── Round 4/7 │ 20 scen = 12500 rows ───
    coll=1500  scales=[7.31e-02, 7.97e-02, 4.68e-02, 1.94e-01]
    → +4 scen  (total 24 = 15000 rows)

─── Round 5/7 │ 24 scen = 15000 rows ───
    coll=1500  scales=[6.86e-02, 7.42e-02, 4.30e-02, 1.78e-01]
    → +4 scen  (total 28 = 17500 rows)

─── Round 6/7 │ 28 scen = 17500 rows ───
    coll=1500  scales=[6.44e-02, 7.04e-02, 3.97e-02, 1.63e-01]
    → +4 scen  (total 32 = 20000 rows)

─── Round 7/7 │ 32 scen = 20000 rows ───
    coll=1500  scales=[6.04e-02, 7.04e-02, 3.68e-02, 1.50e-01]

─── Final polish │ 300 ep ───
    ep  1160  data=-4.705e-01  pde=3.173e-01  λ=0.0020  val_mse=5.290e-03

[Done v3]  219.9s  32 scen  20000 rows  val_mse=5.2847e-03
  internal: 5.2539e-04  LHS: 5.8140e-02  (220s)

[pinn_oneshot]
  t_max override: ub[:,1] = 124.10  (was 1.00)
  Model: PINN  h=128  L=3  K=3  +PCA bottleneck k=8
  internal: 2.5161e-04  LHS: 1.7814e-01  (264s)

[ann_al]
  t_max override: ub[:,1] = 124.10  (was 1.00)
  Model: ANN   h=128  L=3  +PCA bottleneck k=8
[v3 trainer] ANN  budget=30  n0=4  k=4  rounds=7  total_ep=1260  λ_max=0.0

─── Round 0/7 │ 4 scen = 2500 rows ───
    → +4 scen  (total 8 = 5000 rows)

─── Round 1/7 │ 8 scen = 5000 rows ───
    → +4 scen  (total 12 = 7500 rows)

─── Round 2/7 │ 12 scen = 7500 rows ───
    → +4 scen  (total 16 = 10000 rows)

─── Round 3/7 │ 16 scen = 10000 rows ───
    → +4 scen  (total 20 = 12500 rows)

─── Round 4/7 │ 20 scen = 12500 rows ───
    → +4 scen  (total 24 = 15000 rows)

─── Round 5/7 │ 24 scen = 15000 rows ───
    → +4 scen  (total 28 = 17500 rows)

─── Round 6/7 │ 28 scen = 17500 rows ───
    → +4 scen  (total 32 = 20000 rows)

─── Round 7/7 │ 32 scen = 20000 rows ───

─── Final polish │ 300 ep ───
    ep  1160  data=7.333e-04  pde=0.000e+00  λ=0.0000  val_mse=5.469e-04

[Done v3]  59.8s  32 scen  20000 rows  val_mse=5.4551e-04
  internal: 6.7003e-05  LHS: 2.6866e-02  (60s)

[ann_oneshot]
  t_max override: ub[:,1] = 124.10  (was 1.00)
  Model: ANN   h=128  L=3  +PCA bottleneck k=8
  internal: 1.1266e-04  LHS: 4.9477e-02  (73s)

── seed=123 ──

[pinn_al]
  t_max override: ub[:,1] = 124.10  (was 1.00)
  Model: PINN  h=128  L=3  K=3  +PCA bottleneck k=8
[v3 trainer] PINN+committee+PDE  budget=30  n0=4  k=4  rounds=7  total_ep=1260  λ_max=0.002

─── Round 0/7 │ 4 scen = 2500 rows ───
    coll=1500  scales=[4.00e-02, 4.21e-02, 1.09e-01, 2.44e-01]
    → +4 scen  (total 8 = 5000 rows)

─── Round 1/7 │ 8 scen = 5000 rows ───
    coll=1500  scales=[3.72e-02, 4.95e-02, 1.02e-01, 2.78e-01]
    → +4 scen  (total 12 = 7500 rows)

─── Round 2/7 │ 12 scen = 7500 rows ───
    coll=1500  scales=[3.50e-02, 4.91e-02, 9.23e-02, 2.54e-01]
    → +4 scen  (total 16 = 10000 rows)

─── Round 3/7 │ 16 scen = 10000 rows ───
    coll=1500  scales=[3.30e-02, 5.26e-02, 8.60e-02, 2.34e-01]
    → +4 scen  (total 20 = 12500 rows)

─── Round 4/7 │ 20 scen = 12500 rows ───
    coll=1500  scales=[3.07e-02, 5.48e-02, 7.86e-02, 2.15e-01]
    → +4 scen  (total 24 = 15000 rows)

─── Round 5/7 │ 24 scen = 15000 rows ───
    coll=1500  scales=[2.85e-02, 6.12e-02, 7.22e-02, 1.97e-01]
    → +4 scen  (total 28 = 17500 rows)

─── Round 6/7 │ 28 scen = 17500 rows ───
    coll=1500  scales=[2.66e-02, 5.81e-02, 6.62e-02, 1.81e-01]
    → +4 scen  (total 32 = 20000 rows)

─── Round 7/7 │ 32 scen = 20000 rows ───
    coll=1500  scales=[2.47e-02, 6.26e-02, 6.09e-02, 1.67e-01]

─── Final polish │ 300 ep ───
    ep  1160  data=-4.695e-01  pde=3.228e-01  λ=0.0020  val_mse=4.282e-03

[Done v3]  223.8s  32 scen  20000 rows  val_mse=4.2717e-03
  internal: 3.4210e-04  LHS: 3.1383e-02  (224s)

[pinn_ic_coreset]
  t_max override: ub[:,1] = 124.10  (was 1.00)
  Model: PINN  h=128  L=3  K=3  +PCA bottleneck k=8
[v3 trainer] PINN+committee+PDE  budget=30  n0=4  k=4  rounds=7  total_ep=1260  λ_max=0.002

─── Round 0/7 │ 4 scen = 2500 rows ───
    coll=1500  scales=[4.00e-02, 4.21e-02, 1.09e-01, 2.44e-01]
    → +4 scen  (total 8 = 5000 rows)

─── Round 1/7 │ 8 scen = 5000 rows ───
    coll=1500  scales=[3.69e-02, 4.89e-02, 1.02e-01, 2.78e-01]
    → +4 scen  (total 12 = 7500 rows)

─── Round 2/7 │ 12 scen = 7500 rows ───
    coll=1500  scales=[3.41e-02, 5.61e-02, 9.50e-02, 2.66e-01]
    → +4 scen  (total 16 = 10000 rows)

─── Round 3/7 │ 16 scen = 10000 rows ───
    coll=1500  scales=[3.25e-02, 5.97e-02, 8.67e-02, 2.43e-01]
    → +4 scen  (total 20 = 12500 rows)

─── Round 4/7 │ 20 scen = 12500 rows ───
    coll=1500  scales=[3.02e-02, 6.00e-02, 7.95e-02, 2.23e-01]
    → +4 scen  (total 24 = 15000 rows)

─── Round 5/7 │ 24 scen = 15000 rows ───
    coll=1500  scales=[2.82e-02, 5.69e-02, 7.28e-02, 2.05e-01]
    → +4 scen  (total 28 = 17500 rows)

─── Round 6/7 │ 28 scen = 17500 rows ───
    coll=1500  scales=[2.66e-02, 6.05e-02, 6.68e-02, 1.89e-01]
    → +4 scen  (total 32 = 20000 rows)

─── Round 7/7 │ 32 scen = 20000 rows ───
    coll=1500  scales=[2.50e-02, 5.88e-02, 6.31e-02, 1.76e-01]

─── Final polish │ 300 ep ───
    ep  1160  data=-4.600e-01  pde=2.793e-01  λ=0.0020  val_mse=4.194e-03

[Done v3]  220.4s  32 scen  20000 rows  val_mse=4.1789e-03
  internal: 3.2614e-04  LHS: 3.1604e-02  (220s)

[pinn_seqrand]
  t_max override: ub[:,1] = 124.10  (was 1.00)
  Model: PINN  h=128  L=3  K=3  +PCA bottleneck k=8
[v3 trainer] PINN+committee+PDE  budget=30  n0=4  k=4  rounds=7  total_ep=1260  λ_max=0.002

─── Round 0/7 │ 4 scen = 2500 rows ───
    coll=1500  scales=[4.00e-02, 4.21e-02, 1.09e-01, 2.44e-01]
    → +4 scen  (total 8 = 5000 rows)

─── Round 1/7 │ 8 scen = 5000 rows ───
    coll=1500  scales=[3.66e-02, 4.07e-02, 1.01e-01, 2.78e-01]
    → +4 scen  (total 12 = 7500 rows)

─── Round 2/7 │ 12 scen = 7500 rows ───
    coll=1500  scales=[3.37e-02, 4.30e-02, 9.27e-02, 2.59e-01]
    → +4 scen  (total 16 = 10000 rows)

─── Round 3/7 │ 16 scen = 10000 rows ───
    coll=1500  scales=[3.12e-02, 5.36e-02, 8.46e-02, 2.41e-01]
    → +4 scen  (total 20 = 12500 rows)

─── Round 4/7 │ 20 scen = 12500 rows ───
    coll=1500  scales=[2.88e-02, 5.19e-02, 7.75e-02, 2.22e-01]
    → +4 scen  (total 24 = 15000 rows)

─── Round 5/7 │ 24 scen = 15000 rows ───
    coll=1500  scales=[2.67e-02, 4.84e-02, 7.09e-02, 2.04e-01]
    → +4 scen  (total 28 = 17500 rows)

─── Round 6/7 │ 28 scen = 17500 rows ───
    coll=1500  scales=[2.48e-02, 4.60e-02, 6.51e-02, 1.91e-01]
    → +4 scen  (total 32 = 20000 rows)

─── Round 7/7 │ 32 scen = 20000 rows ───
    coll=1500  scales=[2.27e-02, 4.50e-02, 5.98e-02, 1.76e-01]

─── Final polish │ 300 ep ───
    ep  1160  data=-4.676e-01  pde=2.702e-01  λ=0.0020  val_mse=5.596e-03

[Done v3]  220.3s  32 scen  20000 rows  val_mse=5.5830e-03
  internal: 6.1043e-04  LHS: 7.1659e-02  (220s)

[pinn_oneshot]
  t_max override: ub[:,1] = 124.10  (was 1.00)
  Model: PINN  h=128  L=3  K=3  +PCA bottleneck k=8
  internal: 4.4759e-04  LHS: 2.7316e-02  (264s)

[ann_al]
  t_max override: ub[:,1] = 124.10  (was 1.00)
  Model: ANN   h=128  L=3  +PCA bottleneck k=8
[v3 trainer] ANN  budget=30  n0=4  k=4  rounds=7  total_ep=1260  λ_max=0.0

─── Round 0/7 │ 4 scen = 2500 rows ───
    → +4 scen  (total 8 = 5000 rows)

─── Round 1/7 │ 8 scen = 5000 rows ───
    → +4 scen  (total 12 = 7500 rows)

─── Round 2/7 │ 12 scen = 7500 rows ───
    → +4 scen  (total 16 = 10000 rows)

─── Round 3/7 │ 16 scen = 10000 rows ───
    → +4 scen  (total 20 = 12500 rows)

─── Round 4/7 │ 20 scen = 12500 rows ───
    → +4 scen  (total 24 = 15000 rows)

─── Round 5/7 │ 24 scen = 15000 rows ───
    → +4 scen  (total 28 = 17500 rows)

─── Round 6/7 │ 28 scen = 17500 rows ───
    → +4 scen  (total 32 = 20000 rows)

─── Round 7/7 │ 32 scen = 20000 rows ───

─── Final polish │ 300 ep ───
    ep  1160  data=5.802e-04  pde=0.000e+00  λ=0.0000  val_mse=5.658e-04

[Done v3]  59.6s  32 scen  20000 rows  val_mse=5.6509e-04
  internal: 6.1935e-05  LHS: 2.4483e-02  (60s)

[ann_oneshot]
  t_max override: ub[:,1] = 124.10  (was 1.00)
  Model: ANN   h=128  L=3  +PCA bottleneck k=8
  internal: 3.8558e-04  LHS: 3.4022e-02  (73s)

── seed=456 ──

[pinn_al]
  t_max override: ub[:,1] = 124.10  (was 1.00)
  Model: PINN  h=128  L=3  K=3  +PCA bottleneck k=8
[v3 trainer] PINN+committee+PDE  budget=30  n0=4  k=4  rounds=7  total_ep=1260  λ_max=0.002

─── Round 0/7 │ 4 scen = 2500 rows ───
    coll=1500  scales=[4.11e-02, 7.10e-02, 1.90e-01, 1.61e-01]
    → +4 scen  (total 8 = 5000 rows)

─── Round 1/7 │ 8 scen = 5000 rows ───
    coll=1500  scales=[3.89e-02, 8.37e-02, 1.78e-01, 1.82e-01]
    → +4 scen  (total 12 = 7500 rows)

─── Round 2/7 │ 12 scen = 7500 rows ───
    coll=1500  scales=[3.63e-02, 8.03e-02, 1.62e-01, 1.68e-01]
    → +4 scen  (total 16 = 10000 rows)

─── Round 3/7 │ 16 scen = 10000 rows ───
    coll=1500  scales=[3.48e-02, 9.32e-02, 1.47e-01, 1.54e-01]
    → +4 scen  (total 20 = 12500 rows)

─── Round 4/7 │ 20 scen = 12500 rows ───
    coll=1500  scales=[3.28e-02, 9.60e-02, 1.34e-01, 1.42e-01]
    → +4 scen  (total 24 = 15000 rows)

─── Round 5/7 │ 24 scen = 15000 rows ───
    coll=1500  scales=[3.06e-02, 9.41e-02, 1.21e-01, 1.31e-01]
    → +4 scen  (total 28 = 17500 rows)

─── Round 6/7 │ 28 scen = 17500 rows ───
    coll=1500  scales=[2.85e-02, 8.91e-02, 1.11e-01, 1.21e-01]
    → +4 scen  (total 32 = 20000 rows)

─── Round 7/7 │ 32 scen = 20000 rows ───
    coll=1500  scales=[2.65e-02, 8.52e-02, 1.01e-01, 1.12e-01]

─── Final polish │ 300 ep ───
    ep  1160  data=-4.673e-01  pde=3.615e-01  λ=0.0020  val_mse=4.169e-03

[Done v3]  224.0s  32 scen  20000 rows  val_mse=4.1616e-03
  internal: 3.4001e-04  LHS: 7.9640e-02  (224s)

[pinn_ic_coreset]
  t_max override: ub[:,1] = 124.10  (was 1.00)
  Model: PINN  h=128  L=3  K=3  +PCA bottleneck k=8
[v3 trainer] PINN+committee+PDE  budget=30  n0=4  k=4  rounds=7  total_ep=1260  λ_max=0.002

─── Round 0/7 │ 4 scen = 2500 rows ───
    coll=1500  scales=[4.11e-02, 7.10e-02, 1.90e-01, 1.61e-01]
    → +4 scen  (total 8 = 5000 rows)

─── Round 1/7 │ 8 scen = 5000 rows ───
    coll=1500  scales=[3.89e-02, 8.26e-02, 1.78e-01, 1.82e-01]
    → +4 scen  (total 12 = 7500 rows)

─── Round 2/7 │ 12 scen = 7500 rows ───
    coll=1500  scales=[3.59e-02, 8.15e-02, 1.62e-01, 1.67e-01]
    → +4 scen  (total 16 = 10000 rows)

─── Round 3/7 │ 16 scen = 10000 rows ───
    coll=1500  scales=[3.43e-02, 9.01e-02, 1.48e-01, 1.70e-01]
    → +4 scen  (total 20 = 12500 rows)

─── Round 4/7 │ 20 scen = 12500 rows ───
    coll=1500  scales=[3.21e-02, 8.48e-02, 1.34e-01, 1.57e-01]
    → +4 scen  (total 24 = 15000 rows)

─── Round 5/7 │ 24 scen = 15000 rows ───
    coll=1500  scales=[3.05e-02, 9.88e-02, 1.22e-01, 1.45e-01]
    → +4 scen  (total 28 = 17500 rows)

─── Round 6/7 │ 28 scen = 17500 rows ───
    coll=1500  scales=[2.85e-02, 9.37e-02, 1.11e-01, 1.34e-01]
    → +4 scen  (total 32 = 20000 rows)

─── Round 7/7 │ 32 scen = 20000 rows ───
    coll=1500  scales=[2.67e-02, 9.58e-02, 1.02e-01, 1.24e-01]

─── Final polish │ 300 ep ───
    ep  1160  data=-4.706e-01  pde=2.755e-01  λ=0.0020  val_mse=3.967e-03

[Done v3]  220.2s  32 scen  20000 rows  val_mse=3.9633e-03
  internal: 3.7386e-04  LHS: 5.5743e-02  (220s)

[pinn_seqrand]
  t_max override: ub[:,1] = 124.10  (was 1.00)
  Model: PINN  h=128  L=3  K=3  +PCA bottleneck k=8
[v3 trainer] PINN+committee+PDE  budget=30  n0=4  k=4  rounds=7  total_ep=1260  λ_max=0.002

─── Round 0/7 │ 4 scen = 2500 rows ───
    coll=1500  scales=[4.11e-02, 7.10e-02, 1.90e-01, 1.61e-01]
    → +4 scen  (total 8 = 5000 rows)

─── Round 1/7 │ 8 scen = 5000 rows ───
    coll=1500  scales=[3.77e-02, 6.73e-02, 1.77e-01, 1.80e-01]
    → +4 scen  (total 12 = 7500 rows)

─── Round 2/7 │ 12 scen = 7500 rows ───
    coll=1500  scales=[3.55e-02, 9.04e-02, 1.61e-01, 1.66e-01]
    → +4 scen  (total 16 = 10000 rows)

─── Round 3/7 │ 16 scen = 10000 rows ───
    coll=1500  scales=[3.38e-02, 9.41e-02, 1.47e-01, 1.55e-01]
    → +4 scen  (total 20 = 12500 rows)

─── Round 4/7 │ 20 scen = 12500 rows ───
    coll=1500  scales=[3.17e-02, 9.03e-02, 1.34e-01, 1.43e-01]
    → +4 scen  (total 24 = 15000 rows)

─── Round 5/7 │ 24 scen = 15000 rows ───
    coll=1500  scales=[2.93e-02, 8.56e-02, 1.22e-01, 1.32e-01]
    → +4 scen  (total 28 = 17500 rows)

─── Round 6/7 │ 28 scen = 17500 rows ───
    coll=1500  scales=[2.72e-02, 7.99e-02, 1.11e-01, 1.22e-01]
    → +4 scen  (total 32 = 20000 rows)

─── Round 7/7 │ 32 scen = 20000 rows ───
    coll=1500  scales=[2.51e-02, 7.55e-02, 1.01e-01, 1.13e-01]

─── Final polish │ 300 ep ───
    ep  1160  data=-4.719e-01  pde=2.408e-01  λ=0.0020  val_mse=4.574e-03

[Done v3]  219.9s  32 scen  20000 rows  val_mse=4.5677e-03
  internal: 4.7769e-04  LHS: 3.9568e-01  (220s)

[pinn_oneshot]
  t_max override: ub[:,1] = 124.10  (was 1.00)
  Model: PINN  h=128  L=3  K=3  +PCA bottleneck k=8
  internal: 7.4685e-04  LHS: 3.0819e-01  (264s)

[ann_al]
  t_max override: ub[:,1] = 124.10  (was 1.00)
  Model: ANN   h=128  L=3  +PCA bottleneck k=8
[v3 trainer] ANN  budget=30  n0=4  k=4  rounds=7  total_ep=1260  λ_max=0.0

─── Round 0/7 │ 4 scen = 2500 rows ───
    → +4 scen  (total 8 = 5000 rows)

─── Round 1/7 │ 8 scen = 5000 rows ───
    → +4 scen  (total 12 = 7500 rows)

─── Round 2/7 │ 12 scen = 7500 rows ───
    → +4 scen  (total 16 = 10000 rows)

─── Round 3/7 │ 16 scen = 10000 rows ───
    → +4 scen  (total 20 = 12500 rows)

─── Round 4/7 │ 20 scen = 12500 rows ───
    → +4 scen  (total 24 = 15000 rows)

─── Round 5/7 │ 24 scen = 15000 rows ───
    → +4 scen  (total 28 = 17500 rows)

─── Round 6/7 │ 28 scen = 17500 rows ───
    → +4 scen  (total 32 = 20000 rows)

─── Round 7/7 │ 32 scen = 20000 rows ───

─── Final polish │ 300 ep ───
    ep  1160  data=7.608e-04  pde=0.000e+00  λ=0.0000  val_mse=8.403e-04

[Done v3]  59.5s  32 scen  20000 rows  val_mse=8.3926e-04
  internal: 1.3229e-04  LHS: 2.0521e-02  (60s)

[ann_oneshot]
  t_max override: ub[:,1] = 124.10  (was 1.00)
  Model: ANN   h=128  L=3  +PCA bottleneck k=8
  internal: 3.8284e-04  LHS: 4.7383e-02  (73s)

── seed=789 ──

[pinn_al]
  t_max override: ub[:,1] = 124.10  (was 1.00)
  Model: PINN  h=128  L=3  K=3  +PCA bottleneck k=8
[v3 trainer] PINN+committee+PDE  budget=30  n0=4  k=4  rounds=7  total_ep=1260  λ_max=0.002

─── Round 0/7 │ 4 scen = 2500 rows ───
    coll=1500  scales=[5.86e-02, 5.70e-02, 3.92e-02, 1.43e-01]
    → +4 scen  (total 8 = 5000 rows)

─── Round 1/7 │ 8 scen = 5000 rows ───
    coll=1500  scales=[5.70e-02, 6.56e-02, 4.03e-02, 1.59e-01]
    → +4 scen  (total 12 = 7500 rows)

─── Round 2/7 │ 12 scen = 7500 rows ───
    coll=1500  scales=[5.44e-02, 7.00e-02, 3.71e-02, 1.46e-01]
    → +4 scen  (total 16 = 10000 rows)

─── Round 3/7 │ 16 scen = 10000 rows ───
    coll=1500  scales=[5.14e-02, 7.10e-02, 3.43e-02, 1.35e-01]
    → +4 scen  (total 20 = 12500 rows)

─── Round 4/7 │ 20 scen = 12500 rows ───
    coll=1500  scales=[4.81e-02, 7.07e-02, 3.18e-02, 1.24e-01]
    → +4 scen  (total 24 = 15000 rows)

─── Round 5/7 │ 24 scen = 15000 rows ───
    coll=1500  scales=[4.55e-02, 7.51e-02, 2.99e-02, 1.15e-01]
    → +4 scen  (total 28 = 17500 rows)

─── Round 6/7 │ 28 scen = 17500 rows ───
    coll=1500  scales=[4.32e-02, 7.73e-02, 2.79e-02, 1.06e-01]
    → +4 scen  (total 32 = 20000 rows)

─── Round 7/7 │ 32 scen = 20000 rows ───
    coll=1500  scales=[4.05e-02, 7.68e-02, 2.60e-02, 9.86e-02]

─── Final polish │ 300 ep ───
    ep  1160  data=-4.677e-01  pde=4.671e-01  λ=0.0020  val_mse=4.443e-03

[Done v3]  223.3s  32 scen  20000 rows  val_mse=4.4314e-03
  internal: 3.2664e-04  LHS: 1.5187e-02  (223s)

[pinn_ic_coreset]
  t_max override: ub[:,1] = 124.10  (was 1.00)
  Model: PINN  h=128  L=3  K=3  +PCA bottleneck k=8
[v3 trainer] PINN+committee+PDE  budget=30  n0=4  k=4  rounds=7  total_ep=1260  λ_max=0.002

─── Round 0/7 │ 4 scen = 2500 rows ───
    coll=1500  scales=[5.86e-02, 5.70e-02, 3.92e-02, 1.43e-01]
    → +4 scen  (total 8 = 5000 rows)

─── Round 1/7 │ 8 scen = 5000 rows ───
    coll=1500  scales=[5.65e-02, 6.29e-02, 4.00e-02, 1.59e-01]
    → +4 scen  (total 12 = 7500 rows)

─── Round 2/7 │ 12 scen = 7500 rows ───
    coll=1500  scales=[5.39e-02, 6.12e-02, 3.69e-02, 1.46e-01]
    → +4 scen  (total 16 = 10000 rows)

─── Round 3/7 │ 16 scen = 10000 rows ───
    coll=1500  scales=[5.10e-02, 5.87e-02, 3.40e-02, 1.34e-01]
    → +4 scen  (total 20 = 12500 rows)

─── Round 4/7 │ 20 scen = 12500 rows ───
    coll=1500  scales=[4.80e-02, 5.80e-02, 3.17e-02, 1.24e-01]
    → +4 scen  (total 24 = 15000 rows)

─── Round 5/7 │ 24 scen = 15000 rows ───
    coll=1500  scales=[4.56e-02, 6.38e-02, 2.95e-02, 1.15e-01]
    → +4 scen  (total 28 = 17500 rows)

─── Round 6/7 │ 28 scen = 17500 rows ───
    coll=1500  scales=[4.29e-02, 6.55e-02, 2.74e-02, 1.06e-01]
    → +4 scen  (total 32 = 20000 rows)

─── Round 7/7 │ 32 scen = 20000 rows ───
    coll=1500  scales=[4.02e-02, 6.40e-02, 2.57e-02, 9.84e-02]

─── Final polish │ 300 ep ───
    ep  1160  data=-4.657e-01  pde=4.441e-01  λ=0.0020  val_mse=4.405e-03

[Done v3]  220.4s  32 scen  20000 rows  val_mse=4.3966e-03
  internal: 2.9941e-04  LHS: 1.0528e-03  (220s)

[pinn_seqrand]
  t_max override: ub[:,1] = 124.10  (was 1.00)
  Model: PINN  h=128  L=3  K=3  +PCA bottleneck k=8
[v3 trainer] PINN+committee+PDE  budget=30  n0=4  k=4  rounds=7  total_ep=1260  λ_max=0.002

─── Round 0/7 │ 4 scen = 2500 rows ───
    coll=1500  scales=[5.86e-02, 5.70e-02, 3.92e-02, 1.43e-01]
    → +4 scen  (total 8 = 5000 rows)

─── Round 1/7 │ 8 scen = 5000 rows ───
    coll=1500  scales=[5.45e-02, 5.34e-02, 3.94e-02, 1.58e-01]
    → +4 scen  (total 12 = 7500 rows)

─── Round 2/7 │ 12 scen = 7500 rows ───
    coll=1500  scales=[4.99e-02, 6.26e-02, 3.72e-02, 1.48e-01]
    → +4 scen  (total 16 = 10000 rows)

─── Round 3/7 │ 16 scen = 10000 rows ───
    coll=1500  scales=[4.66e-02, 5.90e-02, 3.45e-02, 1.36e-01]
    → +4 scen  (total 20 = 12500 rows)

─── Round 4/7 │ 20 scen = 12500 rows ───
    coll=1500  scales=[4.40e-02, 6.87e-02, 3.22e-02, 1.26e-01]
    → +4 scen  (total 24 = 15000 rows)

─── Round 5/7 │ 24 scen = 15000 rows ───
    coll=1500  scales=[4.11e-02, 6.86e-02, 3.01e-02, 1.17e-01]
    → +4 scen  (total 28 = 17500 rows)

─── Round 6/7 │ 28 scen = 17500 rows ───
    coll=1500  scales=[3.86e-02, 6.44e-02, 2.81e-02, 1.09e-01]
    → +4 scen  (total 32 = 20000 rows)

─── Round 7/7 │ 32 scen = 20000 rows ───
    coll=1500  scales=[3.61e-02, 6.79e-02, 2.63e-02, 1.01e-01]

─── Final polish │ 300 ep ───
    ep  1160  data=-4.722e-01  pde=4.044e-01  λ=0.0020  val_mse=1.173e-02

[Done v3]  220.3s  32 scen  20000 rows  val_mse=1.1736e-02
  internal: 2.0867e-03  LHS: 4.4669e-02  (220s)

[pinn_oneshot]
  t_max override: ub[:,1] = 124.10  (was 1.00)
  Model: PINN  h=128  L=3  K=3  +PCA bottleneck k=8
  internal: 1.3848e-03  LHS: 1.1806e-02  (263s)

[ann_al]
  t_max override: ub[:,1] = 124.10  (was 1.00)
  Model: ANN   h=128  L=3  +PCA bottleneck k=8
[v3 trainer] ANN  budget=30  n0=4  k=4  rounds=7  total_ep=1260  λ_max=0.0

─── Round 0/7 │ 4 scen = 2500 rows ───
    → +4 scen  (total 8 = 5000 rows)

─── Round 1/7 │ 8 scen = 5000 rows ───
    → +4 scen  (total 12 = 7500 rows)

─── Round 2/7 │ 12 scen = 7500 rows ───
    → +4 scen  (total 16 = 10000 rows)

─── Round 3/7 │ 16 scen = 10000 rows ───
    → +4 scen  (total 20 = 12500 rows)

─── Round 4/7 │ 20 scen = 12500 rows ───
    → +4 scen  (total 24 = 15000 rows)

─── Round 5/7 │ 24 scen = 15000 rows ───
    → +4 scen  (total 28 = 17500 rows)

─── Round 6/7 │ 28 scen = 17500 rows ───
    → +4 scen  (total 32 = 20000 rows)

─── Round 7/7 │ 32 scen = 20000 rows ───

─── Final polish │ 300 ep ───
    ep  1160  data=8.705e-04  pde=0.000e+00  λ=0.0000  val_mse=6.501e-04

[Done v3]  59.6s  32 scen  20000 rows  val_mse=6.4837e-04
  internal: 6.9230e-05  LHS: 9.0931e-03  (60s)

[ann_oneshot]
  t_max override: ub[:,1] = 124.10  (was 1.00)
  Model: ANN   h=128  L=3  +PCA bottleneck k=8
  internal: 7.2795e-04  LHS: 1.3690e-02  (73s)

── seed=1024 ──

[pinn_al]
  t_max override: ub[:,1] = 124.10  (was 1.00)
  Model: PINN  h=128  L=3  K=3  +PCA bottleneck k=8
[v3 trainer] PINN+committee+PDE  budget=30  n0=4  k=4  rounds=7  total_ep=1260  λ_max=0.002

─── Round 0/7 │ 4 scen = 2500 rows ───
    coll=1500  scales=[1.52e-02, 3.06e-02, 3.38e-01, 2.70e-01]
    → +4 scen  (total 8 = 5000 rows)

─── Round 1/7 │ 8 scen = 5000 rows ───
    coll=1500  scales=[1.43e-02, 3.62e-02, 3.13e-01, 2.63e-01]
    → +4 scen  (total 12 = 7500 rows)

─── Round 2/7 │ 12 scen = 7500 rows ───
    coll=1500  scales=[1.34e-02, 3.89e-02, 2.83e-01, 2.41e-01]
    → +4 scen  (total 16 = 10000 rows)

─── Round 3/7 │ 16 scen = 10000 rows ───
    coll=1500  scales=[1.26e-02, 4.21e-02, 2.57e-01, 2.21e-01]
    → +4 scen  (total 20 = 12500 rows)

─── Round 4/7 │ 20 scen = 12500 rows ───
    coll=1500  scales=[1.18e-02, 4.23e-02, 2.33e-01, 2.04e-01]
    → +4 scen  (total 24 = 15000 rows)

─── Round 5/7 │ 24 scen = 15000 rows ───
    coll=1500  scales=[1.10e-02, 4.11e-02, 2.11e-01, 1.87e-01]
    → +4 scen  (total 28 = 17500 rows)

─── Round 6/7 │ 28 scen = 17500 rows ───
    coll=1500  scales=[1.08e-02, 4.92e-02, 1.91e-01, 1.73e-01]
    → +4 scen  (total 32 = 20000 rows)

─── Round 7/7 │ 32 scen = 20000 rows ───
    coll=1500  scales=[1.00e-02, 4.67e-02, 1.74e-01, 1.60e-01]

─── Final polish │ 300 ep ───
    ep  1160  data=-4.637e-01  pde=3.185e-01  λ=0.0020  val_mse=4.361e-03

[Done v3]  223.9s  32 scen  20000 rows  val_mse=4.3526e-03
  internal: 2.8433e-04  LHS: 4.9947e-02  (224s)

[pinn_ic_coreset]
  t_max override: ub[:,1] = 124.10  (was 1.00)
  Model: PINN  h=128  L=3  K=3  +PCA bottleneck k=8
[v3 trainer] PINN+committee+PDE  budget=30  n0=4  k=4  rounds=7  total_ep=1260  λ_max=0.002

─── Round 0/7 │ 4 scen = 2500 rows ───
    coll=1500  scales=[1.52e-02, 3.06e-02, 3.38e-01, 2.70e-01]
    → +4 scen  (total 8 = 5000 rows)

─── Round 1/7 │ 8 scen = 5000 rows ───
    coll=1500  scales=[1.42e-02, 3.61e-02, 3.13e-01, 2.63e-01]
    → +4 scen  (total 12 = 7500 rows)

─── Round 2/7 │ 12 scen = 7500 rows ───
    coll=1500  scales=[1.36e-02, 4.07e-02, 2.83e-01, 2.41e-01]
    → +4 scen  (total 16 = 10000 rows)

─── Round 3/7 │ 16 scen = 10000 rows ───
    coll=1500  scales=[1.34e-02, 5.73e-02, 2.57e-01, 2.22e-01]
    → +4 scen  (total 20 = 12500 rows)

─── Round 4/7 │ 20 scen = 12500 rows ───
    coll=1500  scales=[1.25e-02, 5.45e-02, 2.34e-01, 2.05e-01]
    → +4 scen  (total 24 = 15000 rows)

─── Round 5/7 │ 24 scen = 15000 rows ───
    coll=1500  scales=[1.18e-02, 5.71e-02, 2.12e-01, 1.89e-01]
    → +4 scen  (total 28 = 17500 rows)

─── Round 6/7 │ 28 scen = 17500 rows ───
    coll=1500  scales=[1.11e-02, 5.52e-02, 1.93e-01, 1.75e-01]
    → +4 scen  (total 32 = 20000 rows)

─── Round 7/7 │ 32 scen = 20000 rows ───
    coll=1500  scales=[1.05e-02, 5.65e-02, 1.75e-01, 1.64e-01]

─── Final polish │ 300 ep ───
    ep  1160  data=-4.660e-01  pde=3.057e-01  λ=0.0020  val_mse=4.351e-03

[Done v3]  220.5s  32 scen  20000 rows  val_mse=4.3399e-03
  internal: 2.8016e-04  LHS: 4.9111e-02  (221s)

[pinn_seqrand]
  t_max override: ub[:,1] = 124.10  (was 1.00)
  Model: PINN  h=128  L=3  K=3  +PCA bottleneck k=8
[v3 trainer] PINN+committee+PDE  budget=30  n0=4  k=4  rounds=7  total_ep=1260  λ_max=0.002

─── Round 0/7 │ 4 scen = 2500 rows ───
    coll=1500  scales=[1.52e-02, 3.06e-02, 3.38e-01, 2.70e-01]
    → +4 scen  (total 8 = 5000 rows)

─── Round 1/7 │ 8 scen = 5000 rows ───
    coll=1500  scales=[1.42e-02, 3.53e-02, 3.13e-01, 2.63e-01]
    → +4 scen  (total 12 = 7500 rows)

─── Round 2/7 │ 12 scen = 7500 rows ───
    coll=1500  scales=[1.39e-02, 4.73e-02, 2.83e-01, 2.41e-01]
    → +4 scen  (total 16 = 10000 rows)

─── Round 3/7 │ 16 scen = 10000 rows ───
    coll=1500  scales=[1.32e-02, 5.13e-02, 2.57e-01, 2.22e-01]
    → +4 scen  (total 20 = 12500 rows)

─── Round 4/7 │ 20 scen = 12500 rows ───
    coll=1500  scales=[1.23e-02, 5.34e-02, 2.33e-01, 2.05e-01]
    → +4 scen  (total 24 = 15000 rows)

─── Round 5/7 │ 24 scen = 15000 rows ───
    coll=1500  scales=[1.14e-02, 5.19e-02, 2.11e-01, 1.89e-01]
    → +4 scen  (total 28 = 17500 rows)

─── Round 6/7 │ 28 scen = 17500 rows ───
    coll=1500  scales=[1.06e-02, 4.83e-02, 1.92e-01, 1.76e-01]
    → +4 scen  (total 32 = 20000 rows)

─── Round 7/7 │ 32 scen = 20000 rows ───
    coll=1500  scales=[1.01e-02, 5.03e-02, 1.74e-01, 1.63e-01]

─── Final polish │ 300 ep ───
    ep  1160  data=-4.681e-01  pde=2.736e-01  λ=0.0020  val_mse=5.134e-03

[Done v3]  220.4s  32 scen  20000 rows  val_mse=5.1201e-03
  internal: 3.9537e-04  LHS: 5.5961e-02  (220s)

[pinn_oneshot]
  t_max override: ub[:,1] = 124.10  (was 1.00)
  Model: PINN  h=128  L=3  K=3  +PCA bottleneck k=8
  internal: 4.1080e-04  LHS: 3.4553e-02  (263s)

[ann_al]
  t_max override: ub[:,1] = 124.10  (was 1.00)
  Model: ANN   h=128  L=3  +PCA bottleneck k=8
[v3 trainer] ANN  budget=30  n0=4  k=4  rounds=7  total_ep=1260  λ_max=0.0

─── Round 0/7 │ 4 scen = 2500 rows ───
    → +4 scen  (total 8 = 5000 rows)

─── Round 1/7 │ 8 scen = 5000 rows ───
    → +4 scen  (total 12 = 7500 rows)

─── Round 2/7 │ 12 scen = 7500 rows ───
    → +4 scen  (total 16 = 10000 rows)

─── Round 3/7 │ 16 scen = 10000 rows ───
    → +4 scen  (total 20 = 12500 rows)

─── Round 4/7 │ 20 scen = 12500 rows ───
    → +4 scen  (total 24 = 15000 rows)

─── Round 5/7 │ 24 scen = 15000 rows ───
    → +4 scen  (total 28 = 17500 rows)

─── Round 6/7 │ 28 scen = 17500 rows ───
    → +4 scen  (total 32 = 20000 rows)

─── Round 7/7 │ 32 scen = 20000 rows ───

─── Final polish │ 300 ep ───
    ep  1160  data=9.405e-04  pde=0.000e+00  λ=0.0000  val_mse=6.400e-04

[Done v3]  59.7s  32 scen  20000 rows  val_mse=6.3805e-04
  internal: 9.0644e-05  LHS: 4.5900e-02  (60s)

[ann_oneshot]
  t_max override: ub[:,1] = 124.10  (was 1.00)
  Model: ANN   h=128  L=3  +PCA bottleneck k=8
  internal: 2.8083e-04  LHS: 4.5877e-02  (73s)

======================================================================
BUDGET = 60 scenarios
======================================================================

── seed=42 ──

[pinn_al]
  t_max override: ub[:,1] = 124.10  (was 1.00)
  Model: PINN  h=192  L=4  K=3  +PCA bottleneck k=8
[v3 trainer] PINN+committee+PDE  budget=60  n0=4  k=4  rounds=14  total_ep=2100  λ_max=0.002

─── Round 0/14 │ 4 scen = 2500 rows ───
    coll=1500  scales=[4.89e-02, 9.74e-02, 1.44e-01, 2.27e-01]
    → +4 scen  (total 8 = 5000 rows)

─── Round 1/14 │ 8 scen = 5000 rows ───
    coll=1500  scales=[4.74e-02, 1.23e-01, 1.34e-01, 2.59e-01]
    → +4 scen  (total 12 = 7500 rows)

─── Round 2/14 │ 12 scen = 7500 rows ───
    coll=1500  scales=[4.51e-02, 1.30e-01, 1.23e-01, 2.39e-01]
    → +4 scen  (total 16 = 10000 rows)

─── Round 3/14 │ 16 scen = 10000 rows ───
    coll=1500  scales=[4.25e-02, 1.36e-01, 1.12e-01, 2.19e-01]
    → +4 scen  (total 20 = 12500 rows)

─── Round 4/14 │ 20 scen = 12500 rows ───
    coll=1500  scales=[4.04e-02, 1.63e-01, 1.02e-01, 2.02e-01]
    → +4 scen  (total 24 = 15000 rows)

─── Round 5/14 │ 24 scen = 15000 rows ───
    coll=1500  scales=[3.76e-02, 1.53e-01, 9.37e-02, 1.87e-01]
    → +4 scen  (total 28 = 17500 rows)

─── Round 6/14 │ 28 scen = 17500 rows ───
    coll=1500  scales=[3.55e-02, 1.46e-01, 8.55e-02, 1.72e-01]
    → +4 scen  (total 32 = 20000 rows)

─── Round 7/14 │ 32 scen = 20000 rows ───
    coll=1500  scales=[3.30e-02, 1.37e-01, 7.82e-02, 1.59e-01]
    → +4 scen  (total 36 = 22500 rows)

─── Round 8/14 │ 36 scen = 22500 rows ───
    coll=1500  scales=[3.07e-02, 1.29e-01, 7.17e-02, 1.46e-01]
    → +4 scen  (total 40 = 25000 rows)

─── Round 9/14 │ 40 scen = 25000 rows ───
    coll=1500  scales=[2.84e-02, 1.22e-01, 6.62e-02, 1.35e-01]
    → +4 scen  (total 44 = 27500 rows)

─── Round 10/14 │ 44 scen = 27500 rows ───
    coll=1500  scales=[2.63e-02, 1.15e-01, 6.09e-02, 1.25e-01]
    → +4 scen  (total 48 = 30000 rows)

─── Round 11/14 │ 48 scen = 30000 rows ───
    coll=1500  scales=[2.44e-02, 1.08e-01, 5.61e-02, 1.16e-01]
    → +4 scen  (total 52 = 32500 rows)

─── Round 12/14 │ 52 scen = 32500 rows ───
    coll=1500  scales=[2.25e-02, 1.02e-01, 5.17e-02, 1.08e-01]
    → +4 scen  (total 56 = 35000 rows)

─── Round 13/14 │ 56 scen = 35000 rows ───
    coll=1500  scales=[2.07e-02, 9.54e-02, 4.78e-02, 9.99e-02]
    → +4 scen  (total 60 = 37500 rows)

─── Round 14/14 │ 60 scen = 37500 rows ───
    coll=1500  scales=[1.92e-02, 9.14e-02, 4.42e-02, 9.27e-02]

─── Final polish │ 300 ep ───
    ep  2000  data=-4.821e-01  pde=2.452e-01  λ=0.0020  val_mse=3.638e-03

[Done v3]  1320.5s  60 scen  37500 rows  val_mse=3.6346e-03
  internal: 2.8072e-04  LHS: 2.0883e-02  (1321s)

[pinn_ic_coreset]
  t_max override: ub[:,1] = 124.10  (was 1.00)
  Model: PINN  h=192  L=4  K=3  +PCA bottleneck k=8
[v3 trainer] PINN+committee+PDE  budget=60  n0=4  k=4  rounds=14  total_ep=2100  λ_max=0.002

─── Round 0/14 │ 4 scen = 2500 rows ───
    coll=1500  scales=[4.89e-02, 9.74e-02, 1.44e-01, 2.27e-01]
    → +4 scen  (total 8 = 5000 rows)

─── Round 1/14 │ 8 scen = 5000 rows ───
    coll=1500  scales=[4.72e-02, 1.21e-01, 1.34e-01, 2.59e-01]
    → +4 scen  (total 12 = 7500 rows)

─── Round 2/14 │ 12 scen = 7500 rows ───
    coll=1500  scales=[4.43e-02, 1.16e-01, 1.21e-01, 2.36e-01]
    → +4 scen  (total 16 = 10000 rows)

─── Round 3/14 │ 16 scen = 10000 rows ───
    coll=1500  scales=[4.14e-02, 1.17e-01, 1.10e-01, 2.16e-01]
    → +4 scen  (total 20 = 12500 rows)

─── Round 4/14 │ 20 scen = 12500 rows ───
    coll=1500  scales=[3.85e-02, 1.22e-01, 1.00e-01, 1.98e-01]
    → +4 scen  (total 24 = 15000 rows)

─── Round 5/14 │ 24 scen = 15000 rows ───
    coll=1500  scales=[3.61e-02, 1.18e-01, 9.17e-02, 1.83e-01]
    → +4 scen  (total 28 = 17500 rows)

─── Round 6/14 │ 28 scen = 17500 rows ───
    coll=1500  scales=[3.45e-02, 1.40e-01, 8.37e-02, 1.68e-01]
    → +4 scen  (total 32 = 20000 rows)

─── Round 7/14 │ 32 scen = 20000 rows ───
    coll=1500  scales=[3.38e-02, 1.59e-01, 7.66e-02, 1.56e-01]
    → +4 scen  (total 36 = 22500 rows)

─── Round 8/14 │ 36 scen = 22500 rows ───
    coll=1500  scales=[3.14e-02, 1.47e-01, 7.01e-02, 1.43e-01]
    → +4 scen  (total 40 = 25000 rows)

─── Round 9/14 │ 40 scen = 25000 rows ───
    coll=1500  scales=[2.90e-02, 1.40e-01, 6.45e-02, 1.32e-01]
    → +4 scen  (total 44 = 27500 rows)

─── Round 10/14 │ 44 scen = 27500 rows ───
    coll=1500  scales=[2.74e-02, 1.40e-01, 5.93e-02, 1.25e-01]
    → +4 scen  (total 48 = 30000 rows)

─── Round 11/14 │ 48 scen = 30000 rows ───
    coll=1500  scales=[2.60e-02, 1.47e-01, 5.48e-02, 1.16e-01]
    → +4 scen  (total 52 = 32500 rows)

─── Round 12/14 │ 52 scen = 32500 rows ───
    coll=1500  scales=[2.39e-02, 1.36e-01, 5.08e-02, 1.08e-01]
    → +4 scen  (total 56 = 35000 rows)

─── Round 13/14 │ 56 scen = 35000 rows ───
    coll=1500  scales=[2.20e-02, 1.27e-01, 4.69e-02, 1.00e-01]
    → +4 scen  (total 60 = 37500 rows)

─── Round 14/14 │ 60 scen = 37500 rows ───
    coll=1500  scales=[2.03e-02, 1.18e-01, 4.39e-02, 9.33e-02]

─── Final polish │ 300 ep ───
    ep  2000  data=-4.818e-01  pde=2.405e-01  λ=0.0020  val_mse=3.464e-03

[Done v3]  1309.0s  60 scen  37500 rows  val_mse=3.4635e-03
  internal: 2.9522e-04  LHS: 1.9164e-02  (1309s)

[pinn_seqrand]
  t_max override: ub[:,1] = 124.10  (was 1.00)
  Model: PINN  h=192  L=4  K=3  +PCA bottleneck k=8
[v3 trainer] PINN+committee+PDE  budget=60  n0=4  k=4  rounds=14  total_ep=2100  λ_max=0.002

─── Round 0/14 │ 4 scen = 2500 rows ───
    coll=1500  scales=[4.89e-02, 9.74e-02, 1.44e-01, 2.27e-01]
    → +4 scen  (total 8 = 5000 rows)

─── Round 1/14 │ 8 scen = 5000 rows ───
    coll=1500  scales=[4.69e-02, 1.15e-01, 1.33e-01, 2.59e-01]
    → +4 scen  (total 12 = 7500 rows)

─── Round 2/14 │ 12 scen = 7500 rows ───
    coll=1500  scales=[4.38e-02, 1.14e-01, 1.21e-01, 2.36e-01]
    → +4 scen  (total 16 = 10000 rows)

─── Round 3/14 │ 16 scen = 10000 rows ───
    coll=1500  scales=[4.05e-02, 1.24e-01, 1.10e-01, 2.16e-01]
    → +4 scen  (total 20 = 12500 rows)

─── Round 4/14 │ 20 scen = 12500 rows ───
    coll=1500  scales=[3.78e-02, 1.35e-01, 1.00e-01, 1.98e-01]
    → +4 scen  (total 24 = 15000 rows)

─── Round 5/14 │ 24 scen = 15000 rows ───
    coll=1500  scales=[3.50e-02, 1.25e-01, 9.14e-02, 1.82e-01]
    → +4 scen  (total 28 = 17500 rows)

─── Round 6/14 │ 28 scen = 17500 rows ───
    coll=1500  scales=[3.24e-02, 1.20e-01, 8.35e-02, 1.68e-01]
    → +4 scen  (total 32 = 20000 rows)

─── Round 7/14 │ 32 scen = 20000 rows ───
    coll=1500  scales=[3.06e-02, 1.28e-01, 7.64e-02, 1.55e-01]
    → +4 scen  (total 36 = 22500 rows)

─── Round 8/14 │ 36 scen = 22500 rows ───
    coll=1500  scales=[2.82e-02, 1.21e-01, 7.03e-02, 1.44e-01]
    → +4 scen  (total 40 = 25000 rows)

─── Round 9/14 │ 40 scen = 25000 rows ───
    coll=1500  scales=[2.59e-02, 1.11e-01, 6.45e-02, 1.33e-01]
    → +4 scen  (total 44 = 27500 rows)

─── Round 10/14 │ 44 scen = 27500 rows ───
    coll=1500  scales=[2.73e-02, 1.71e-01, 5.95e-02, 1.24e-01]
    → +4 scen  (total 48 = 30000 rows)

─── Round 11/14 │ 48 scen = 30000 rows ───
    coll=1500  scales=[2.51e-02, 1.57e-01, 5.48e-02, 1.15e-01]
    → +4 scen  (total 52 = 32500 rows)

─── Round 12/14 │ 52 scen = 32500 rows ───
    coll=1500  scales=[2.32e-02, 1.45e-01, 5.06e-02, 1.07e-01]
    → +4 scen  (total 56 = 35000 rows)

─── Round 13/14 │ 56 scen = 35000 rows ───
    coll=1500  scales=[2.14e-02, 1.37e-01, 4.68e-02, 9.94e-02]
    → +4 scen  (total 60 = 37500 rows)

─── Round 14/14 │ 60 scen = 37500 rows ───
    coll=1500  scales=[1.97e-02, 1.27e-01, 4.31e-02, 9.21e-02]

─── Final polish │ 300 ep ───
    ep  2000  data=-4.802e-01  pde=2.610e-01  λ=0.0020  val_mse=4.891e-03

[Done v3]  1306.0s  60 scen  37500 rows  val_mse=4.8846e-03
  internal: 5.6246e-04  LHS: 1.7535e-02  (1306s)

[pinn_oneshot]
  t_max override: ub[:,1] = 124.10  (was 1.00)
  Model: PINN  h=192  L=4  K=3  +PCA bottleneck k=8
  internal: 3.8875e-04  LHS: 7.8776e-02  (1758s)

[ann_al]
  t_max override: ub[:,1] = 124.10  (was 1.00)
  Model: ANN   h=192  L=4  +PCA bottleneck k=8
[v3 trainer] ANN  budget=60  n0=4  k=4  rounds=14  total_ep=2100  λ_max=0.0

─── Round 0/14 │ 4 scen = 2500 rows ───
    → +4 scen  (total 8 = 5000 rows)

─── Round 1/14 │ 8 scen = 5000 rows ───
    → +4 scen  (total 12 = 7500 rows)

─── Round 2/14 │ 12 scen = 7500 rows ───
    → +4 scen  (total 16 = 10000 rows)

─── Round 3/14 │ 16 scen = 10000 rows ───
    → +4 scen  (total 20 = 12500 rows)

─── Round 4/14 │ 20 scen = 12500 rows ───
    → +4 scen  (total 24 = 15000 rows)

─── Round 5/14 │ 24 scen = 15000 rows ───
    → +4 scen  (total 28 = 17500 rows)

─── Round 6/14 │ 28 scen = 17500 rows ───
    → +4 scen  (total 32 = 20000 rows)

─── Round 7/14 │ 32 scen = 20000 rows ───
    → +4 scen  (total 36 = 22500 rows)

─── Round 8/14 │ 36 scen = 22500 rows ───
    → +4 scen  (total 40 = 25000 rows)

─── Round 9/14 │ 40 scen = 25000 rows ───
    → +4 scen  (total 44 = 27500 rows)

─── Round 10/14 │ 44 scen = 27500 rows ───
    → +4 scen  (total 48 = 30000 rows)

─── Round 11/14 │ 48 scen = 30000 rows ───
    → +4 scen  (total 52 = 32500 rows)

─── Round 12/14 │ 52 scen = 32500 rows ───
    → +4 scen  (total 56 = 35000 rows)

─── Round 13/14 │ 56 scen = 35000 rows ───
    → +4 scen  (total 60 = 37500 rows)

─── Round 14/14 │ 60 scen = 37500 rows ───

─── Final polish │ 300 ep ───
    ep  2000  data=3.175e-04  pde=0.000e+00  λ=0.0000  val_mse=2.754e-04

[Done v3]  384.6s  60 scen  37500 rows  val_mse=2.7539e-04
  internal: 3.2215e-05  LHS: 4.5904e-02  (385s)

[ann_oneshot]
  t_max override: ub[:,1] = 124.10  (was 1.00)
  Model: ANN   h=192  L=4  +PCA bottleneck k=8
  internal: 1.8160e-04  LHS: 7.6276e-02  (585s)

── seed=123 ──

[pinn_al]
  t_max override: ub[:,1] = 124.10  (was 1.00)
  Model: PINN  h=192  L=4  K=3  +PCA bottleneck k=8
[v3 trainer] PINN+committee+PDE  budget=60  n0=4  k=4  rounds=14  total_ep=2100  λ_max=0.002

─── Round 0/14 │ 4 scen = 2500 rows ───
    coll=1500  scales=[3.75e-02, 4.40e-02, 9.38e-02, 8.72e-01]
    → +4 scen  (total 8 = 5000 rows)

─── Round 1/14 │ 8 scen = 5000 rows ───
    coll=1500  scales=[3.68e-02, 5.78e-02, 1.05e-01, 8.31e-01]
    → +4 scen  (total 12 = 7500 rows)

─── Round 2/14 │ 12 scen = 7500 rows ───
    coll=1500  scales=[3.49e-02, 5.65e-02, 9.59e-02, 7.52e-01]
    → +4 scen  (total 16 = 10000 rows)

─── Round 3/14 │ 16 scen = 10000 rows ───
    coll=1500  scales=[3.26e-02, 5.48e-02, 8.76e-02, 6.81e-01]
    → +4 scen  (total 20 = 12500 rows)

─── Round 4/14 │ 20 scen = 12500 rows ───
    coll=1500  scales=[3.04e-02, 6.15e-02, 7.98e-02, 6.16e-01]
    → +4 scen  (total 24 = 15000 rows)

─── Round 5/14 │ 24 scen = 15000 rows ───
    coll=1500  scales=[2.88e-02, 6.26e-02, 7.30e-02, 5.60e-01]
    → +4 scen  (total 28 = 17500 rows)

─── Round 6/14 │ 28 scen = 17500 rows ───
    coll=1500  scales=[2.66e-02, 5.96e-02, 6.71e-02, 5.08e-01]
    → +4 scen  (total 32 = 20000 rows)

─── Round 7/14 │ 32 scen = 20000 rows ───
    coll=1500  scales=[2.46e-02, 5.60e-02, 6.17e-02, 4.62e-01]
    → +4 scen  (total 36 = 22500 rows)

─── Round 8/14 │ 36 scen = 22500 rows ───
    coll=1500  scales=[2.31e-02, 5.62e-02, 5.68e-02, 4.22e-01]
    → +4 scen  (total 40 = 25000 rows)

─── Round 9/14 │ 40 scen = 25000 rows ───
    coll=1500  scales=[2.14e-02, 5.52e-02, 5.34e-02, 3.85e-01]
    → +4 scen  (total 44 = 27500 rows)

─── Round 10/14 │ 44 scen = 27500 rows ───
    coll=1500  scales=[1.98e-02, 5.32e-02, 4.93e-02, 3.51e-01]
    → +4 scen  (total 48 = 30000 rows)

─── Round 11/14 │ 48 scen = 30000 rows ───
    coll=1500  scales=[1.85e-02, 5.26e-02, 4.56e-02, 3.20e-01]
    → +4 scen  (total 52 = 32500 rows)

─── Round 12/14 │ 52 scen = 32500 rows ───
    coll=1500  scales=[1.71e-02, 4.92e-02, 4.23e-02, 2.93e-01]
    → +4 scen  (total 56 = 35000 rows)

─── Round 13/14 │ 56 scen = 35000 rows ───
    coll=1500  scales=[1.58e-02, 4.60e-02, 3.94e-02, 2.68e-01]
    → +4 scen  (total 60 = 37500 rows)

─── Round 14/14 │ 60 scen = 37500 rows ───
    coll=1500  scales=[1.46e-02, 4.40e-02, 3.67e-02, 2.45e-01]

─── Final polish │ 300 ep ───
    ep  2000  data=-4.800e-01  pde=2.956e-01  λ=0.0020  val_mse=3.956e-03

[Done v3]  1320.1s  60 scen  37500 rows  val_mse=3.9495e-03
  internal: 2.8532e-04  LHS: 2.4298e-03  (1320s)

[pinn_ic_coreset]
  t_max override: ub[:,1] = 124.10  (was 1.00)
  Model: PINN  h=192  L=4  K=3  +PCA bottleneck k=8
[v3 trainer] PINN+committee+PDE  budget=60  n0=4  k=4  rounds=14  total_ep=2100  λ_max=0.002

─── Round 0/14 │ 4 scen = 2500 rows ───
    coll=1500  scales=[3.75e-02, 4.40e-02, 9.38e-02, 8.72e-01]
    → +4 scen  (total 8 = 5000 rows)

─── Round 1/14 │ 8 scen = 5000 rows ───
    coll=1500  scales=[3.64e-02, 5.69e-02, 1.05e-01, 8.31e-01]
    → +4 scen  (total 12 = 7500 rows)

─── Round 2/14 │ 12 scen = 7500 rows ───
    coll=1500  scales=[3.39e-02, 6.15e-02, 9.57e-02, 7.57e-01]
    → +4 scen  (total 16 = 10000 rows)

─── Round 3/14 │ 16 scen = 10000 rows ───
    coll=1500  scales=[3.18e-02, 6.27e-02, 8.74e-02, 6.86e-01]
    → +4 scen  (total 20 = 12500 rows)

─── Round 4/14 │ 20 scen = 12500 rows ───
    coll=1500  scales=[2.96e-02, 6.21e-02, 8.01e-02, 6.23e-01]
    → +4 scen  (total 24 = 15000 rows)

─── Round 5/14 │ 24 scen = 15000 rows ───
    coll=1500  scales=[2.76e-02, 6.07e-02, 7.34e-02, 5.65e-01]
    → +4 scen  (total 28 = 17500 rows)

─── Round 6/14 │ 28 scen = 17500 rows ───
    coll=1500  scales=[2.58e-02, 6.07e-02, 6.73e-02, 5.12e-01]
    → +4 scen  (total 32 = 20000 rows)

─── Round 7/14 │ 32 scen = 20000 rows ───
    coll=1500  scales=[2.38e-02, 5.68e-02, 6.20e-02, 4.65e-01]
    → +4 scen  (total 36 = 22500 rows)

─── Round 8/14 │ 36 scen = 22500 rows ───
    coll=1500  scales=[2.20e-02, 5.32e-02, 5.72e-02, 4.23e-01]
    → +4 scen  (total 40 = 25000 rows)

─── Round 9/14 │ 40 scen = 25000 rows ───
    coll=1500  scales=[2.03e-02, 5.31e-02, 5.30e-02, 3.94e-01]
    → +4 scen  (total 44 = 27500 rows)

─── Round 10/14 │ 44 scen = 27500 rows ───
    coll=1500  scales=[1.88e-02, 4.98e-02, 4.90e-02, 3.59e-01]
    → +4 scen  (total 48 = 30000 rows)

─── Round 11/14 │ 48 scen = 30000 rows ───
    coll=1500  scales=[1.73e-02, 4.73e-02, 4.54e-02, 3.27e-01]
    → +4 scen  (total 52 = 32500 rows)

─── Round 12/14 │ 52 scen = 32500 rows ───
    coll=1500  scales=[1.66e-02, 5.18e-02, 4.21e-02, 3.02e-01]
    → +4 scen  (total 56 = 35000 rows)

─── Round 13/14 │ 56 scen = 35000 rows ───
    coll=1500  scales=[1.54e-02, 4.95e-02, 3.93e-02, 2.76e-01]
    → +4 scen  (total 60 = 37500 rows)

─── Round 14/14 │ 60 scen = 37500 rows ───
    coll=1500  scales=[1.42e-02, 4.68e-02, 3.67e-02, 2.55e-01]

─── Final polish │ 300 ep ───
    ep  2000  data=-4.805e-01  pde=2.500e-01  λ=0.0020  val_mse=3.828e-03

[Done v3]  1306.9s  60 scen  37500 rows  val_mse=3.8221e-03
  internal: 3.1012e-04  LHS: 1.2034e-03  (1307s)

[pinn_seqrand]
  t_max override: ub[:,1] = 124.10  (was 1.00)
  Model: PINN  h=192  L=4  K=3  +PCA bottleneck k=8
[v3 trainer] PINN+committee+PDE  budget=60  n0=4  k=4  rounds=14  total_ep=2100  λ_max=0.002

─── Round 0/14 │ 4 scen = 2500 rows ───
    coll=1500  scales=[3.75e-02, 4.40e-02, 9.38e-02, 8.72e-01]
    → +4 scen  (total 8 = 5000 rows)

─── Round 1/14 │ 8 scen = 5000 rows ───
    coll=1500  scales=[3.47e-02, 5.37e-02, 1.05e-01, 8.31e-01]
    → +4 scen  (total 12 = 7500 rows)

─── Round 2/14 │ 12 scen = 7500 rows ───
    coll=1500  scales=[3.24e-02, 5.85e-02, 9.57e-02, 7.51e-01]
    → +4 scen  (total 16 = 10000 rows)

─── Round 3/14 │ 16 scen = 10000 rows ───
    coll=1500  scales=[2.96e-02, 6.17e-02, 8.77e-02, 6.81e-01]
    → +4 scen  (total 20 = 12500 rows)

─── Round 4/14 │ 20 scen = 12500 rows ───
    coll=1500  scales=[2.72e-02, 6.01e-02, 8.02e-02, 6.17e-01]
    → +4 scen  (total 24 = 15000 rows)

─── Round 5/14 │ 24 scen = 15000 rows ───
    coll=1500  scales=[2.54e-02, 6.35e-02, 7.34e-02, 5.60e-01]
    → +4 scen  (total 28 = 17500 rows)

─── Round 6/14 │ 28 scen = 17500 rows ───
    coll=1500  scales=[2.41e-02, 6.59e-02, 6.75e-02, 5.09e-01]
    → +4 scen  (total 32 = 20000 rows)

─── Round 7/14 │ 32 scen = 20000 rows ───
    coll=1500  scales=[2.22e-02, 6.21e-02, 6.21e-02, 4.63e-01]
    → +4 scen  (total 36 = 22500 rows)

─── Round 8/14 │ 36 scen = 22500 rows ───
    coll=1500  scales=[2.05e-02, 6.18e-02, 5.74e-02, 4.21e-01]
    → +4 scen  (total 40 = 25000 rows)

─── Round 9/14 │ 40 scen = 25000 rows ───
    coll=1500  scales=[1.89e-02, 5.76e-02, 5.30e-02, 3.84e-01]
    → +4 scen  (total 44 = 27500 rows)

─── Round 10/14 │ 44 scen = 27500 rows ───
    coll=1500  scales=[1.75e-02, 5.46e-02, 4.90e-02, 3.50e-01]
    → +4 scen  (total 48 = 30000 rows)

─── Round 11/14 │ 48 scen = 30000 rows ───
    coll=1500  scales=[1.62e-02, 5.39e-02, 4.52e-02, 3.19e-01]
    → +4 scen  (total 52 = 32500 rows)

─── Round 12/14 │ 52 scen = 32500 rows ───
    coll=1500  scales=[1.49e-02, 4.99e-02, 4.18e-02, 2.92e-01]
    → +4 scen  (total 56 = 35000 rows)

─── Round 13/14 │ 56 scen = 35000 rows ───
    coll=1500  scales=[1.37e-02, 4.76e-02, 3.90e-02, 2.68e-01]
    → +4 scen  (total 60 = 37500 rows)

─── Round 14/14 │ 60 scen = 37500 rows ───
    coll=1500  scales=[1.26e-02, 4.44e-02, 3.63e-02, 2.45e-01]

─── Final polish │ 300 ep ───
    ep  2000  data=-4.784e-01  pde=2.435e-01  λ=0.0020  val_mse=5.088e-03

[Done v3]  1305.4s  60 scen  37500 rows  val_mse=5.0840e-03
  internal: 5.3755e-04  LHS: 3.9185e-03  (1306s)

[pinn_oneshot]
  t_max override: ub[:,1] = 124.10  (was 1.00)
  Model: PINN  h=192  L=4  K=3  +PCA bottleneck k=8
  internal: 4.3870e-04  LHS: 8.5296e-03  (1764s)

[ann_al]
  t_max override: ub[:,1] = 124.10  (was 1.00)
  Model: ANN   h=192  L=4  +PCA bottleneck k=8
[v3 trainer] ANN  budget=60  n0=4  k=4  rounds=14  total_ep=2100  λ_max=0.0

─── Round 0/14 │ 4 scen = 2500 rows ───
    → +4 scen  (total 8 = 5000 rows)

─── Round 1/14 │ 8 scen = 5000 rows ───
    → +4 scen  (total 12 = 7500 rows)

─── Round 2/14 │ 12 scen = 7500 rows ───
    → +4 scen  (total 16 = 10000 rows)

─── Round 3/14 │ 16 scen = 10000 rows ───
    → +4 scen  (total 20 = 12500 rows)

─── Round 4/14 │ 20 scen = 12500 rows ───
    → +4 scen  (total 24 = 15000 rows)

─── Round 5/14 │ 24 scen = 15000 rows ───
    → +4 scen  (total 28 = 17500 rows)

─── Round 6/14 │ 28 scen = 17500 rows ───
    → +4 scen  (total 32 = 20000 rows)

─── Round 7/14 │ 32 scen = 20000 rows ───
    → +4 scen  (total 36 = 22500 rows)

─── Round 8/14 │ 36 scen = 22500 rows ───
    → +4 scen  (total 40 = 25000 rows)

─── Round 9/14 │ 40 scen = 25000 rows ───
    → +4 scen  (total 44 = 27500 rows)

─── Round 10/14 │ 44 scen = 27500 rows ───
    → +4 scen  (total 48 = 30000 rows)

─── Round 11/14 │ 48 scen = 30000 rows ───
    → +4 scen  (total 52 = 32500 rows)

─── Round 12/14 │ 52 scen = 32500 rows ───
    → +4 scen  (total 56 = 35000 rows)

─── Round 13/14 │ 56 scen = 35000 rows ───
    → +4 scen  (total 60 = 37500 rows)

─── Round 14/14 │ 60 scen = 37500 rows ───

─── Final polish │ 300 ep ───
    ep  2000  data=4.737e-04  pde=0.000e+00  λ=0.0000  val_mse=4.376e-04

[Done v3]  389.4s  60 scen  37500 rows  val_mse=4.3725e-04
  internal: 5.8516e-05  LHS: 7.1594e-03  (390s)

[ann_oneshot]
  t_max override: ub[:,1] = 124.10  (was 1.00)
  Model: ANN   h=192  L=4  +PCA bottleneck k=8
  internal: 2.6194e-04  LHS: 3.6353e-02  (585s)

── seed=456 ──

[pinn_al]
  t_max override: ub[:,1] = 124.10  (was 1.00)
  Model: PINN  h=192  L=4  K=3  +PCA bottleneck k=8
[v3 trainer] PINN+committee+PDE  budget=60  n0=4  k=4  rounds=14  total_ep=2100  λ_max=0.002

─── Round 0/14 │ 4 scen = 2500 rows ───
    coll=1500  scales=[1.75e-02, 2.06e-02, 6.49e-02, 7.25e-01]
    → +4 scen  (total 8 = 5000 rows)

─── Round 1/14 │ 8 scen = 5000 rows ───
    coll=1500  scales=[1.61e-02, 2.01e-02, 5.89e-02, 6.82e-01]
    → +4 scen  (total 12 = 7500 rows)

─── Round 2/14 │ 12 scen = 7500 rows ───
    coll=1500  scales=[1.51e-02, 2.39e-02, 5.41e-02, 6.16e-01]
    → +4 scen  (total 16 = 10000 rows)

─── Round 3/14 │ 16 scen = 10000 rows ───
    coll=1500  scales=[1.42e-02, 2.41e-02, 5.04e-02, 5.60e-01]
    → +4 scen  (total 20 = 12500 rows)

─── Round 4/14 │ 20 scen = 12500 rows ───
    coll=1500  scales=[1.32e-02, 2.41e-02, 4.63e-02, 5.07e-01]
    → +4 scen  (total 24 = 15000 rows)

─── Round 5/14 │ 24 scen = 15000 rows ───
    coll=1500  scales=[1.25e-02, 2.74e-02, 4.25e-02, 4.59e-01]
    → +4 scen  (total 28 = 17500 rows)

─── Round 6/14 │ 28 scen = 17500 rows ───
    coll=1500  scales=[1.16e-02, 2.97e-02, 3.92e-02, 4.16e-01]
    → +4 scen  (total 32 = 20000 rows)

─── Round 7/14 │ 32 scen = 20000 rows ───
    coll=1500  scales=[1.08e-02, 3.01e-02, 3.62e-02, 3.77e-01]
    → +4 scen  (total 36 = 22500 rows)

─── Round 8/14 │ 36 scen = 22500 rows ───
    coll=1500  scales=[1.03e-02, 3.56e-02, 3.39e-02, 3.43e-01]
    → +4 scen  (total 40 = 25000 rows)

─── Round 9/14 │ 40 scen = 25000 rows ───
    coll=1500  scales=[1.06e-02, 4.48e-02, 3.16e-02, 3.13e-01]
    → +4 scen  (total 44 = 27500 rows)

─── Round 10/14 │ 44 scen = 27500 rows ───
    coll=1500  scales=[9.84e-03, 4.23e-02, 2.97e-02, 2.86e-01]
    → +4 scen  (total 48 = 30000 rows)

─── Round 11/14 │ 48 scen = 30000 rows ───
    coll=1500  scales=[9.15e-03, 4.03e-02, 2.78e-02, 2.61e-01]
    → +4 scen  (total 52 = 32500 rows)

─── Round 12/14 │ 52 scen = 32500 rows ───
    coll=1500  scales=[8.69e-03, 3.90e-02, 2.61e-02, 2.39e-01]
    → +4 scen  (total 56 = 35000 rows)

─── Round 13/14 │ 56 scen = 35000 rows ───
    coll=1500  scales=[8.12e-03, 3.79e-02, 2.46e-02, 2.19e-01]
    → +4 scen  (total 60 = 37500 rows)

─── Round 14/14 │ 60 scen = 37500 rows ───
    coll=1500  scales=[7.55e-03, 3.60e-02, 2.32e-02, 2.01e-01]

─── Final polish │ 300 ep ───
    ep  2000  data=-4.798e-01  pde=4.949e-01  λ=0.0020  val_mse=4.313e-03

[Done v3]  1322.1s  60 scen  37500 rows  val_mse=4.3075e-03
  internal: 2.8850e-04  LHS: 7.4742e-02  (1322s)

[pinn_ic_coreset]
  t_max override: ub[:,1] = 124.10  (was 1.00)
  Model: PINN  h=192  L=4  K=3  +PCA bottleneck k=8
[v3 trainer] PINN+committee+PDE  budget=60  n0=4  k=4  rounds=14  total_ep=2100  λ_max=0.002

─── Round 0/14 │ 4 scen = 2500 rows ───
    coll=1500  scales=[1.75e-02, 2.06e-02, 6.49e-02, 7.25e-01]
    → +4 scen  (total 8 = 5000 rows)

─── Round 1/14 │ 8 scen = 5000 rows ───
    coll=1500  scales=[1.61e-02, 1.99e-02, 5.89e-02, 6.82e-01]
    → +4 scen  (total 12 = 7500 rows)

─── Round 2/14 │ 12 scen = 7500 rows ───
    coll=1500  scales=[1.51e-02, 2.12e-02, 5.43e-02, 6.21e-01]
    → +4 scen  (total 16 = 10000 rows)

─── Round 3/14 │ 16 scen = 10000 rows ───
    coll=1500  scales=[1.41e-02, 2.48e-02, 4.96e-02, 5.61e-01]
    → +4 scen  (total 20 = 12500 rows)

─── Round 4/14 │ 20 scen = 12500 rows ───
    coll=1500  scales=[1.30e-02, 2.69e-02, 4.60e-02, 5.07e-01]
    → +4 scen  (total 24 = 15000 rows)

─── Round 5/14 │ 24 scen = 15000 rows ───
    coll=1500  scales=[1.20e-02, 2.61e-02, 4.22e-02, 4.59e-01]
    → +4 scen  (total 28 = 17500 rows)

─── Round 6/14 │ 28 scen = 17500 rows ───
    coll=1500  scales=[1.13e-02, 3.10e-02, 3.93e-02, 4.18e-01]
    → +4 scen  (total 32 = 20000 rows)

─── Round 7/14 │ 32 scen = 20000 rows ───
    coll=1500  scales=[1.07e-02, 3.29e-02, 3.63e-02, 3.80e-01]
    → +4 scen  (total 36 = 22500 rows)

─── Round 8/14 │ 36 scen = 22500 rows ───
    coll=1500  scales=[1.00e-02, 3.60e-02, 3.38e-02, 3.45e-01]
    → +4 scen  (total 40 = 25000 rows)

─── Round 9/14 │ 40 scen = 25000 rows ───
    coll=1500  scales=[9.24e-03, 3.45e-02, 3.16e-02, 3.14e-01]
    → +4 scen  (total 44 = 27500 rows)

─── Round 10/14 │ 44 scen = 27500 rows ───
    coll=1500  scales=[8.64e-03, 3.38e-02, 2.96e-02, 2.88e-01]
    → +4 scen  (total 48 = 30000 rows)

─── Round 11/14 │ 48 scen = 30000 rows ───
    coll=1500  scales=[8.02e-03, 3.32e-02, 2.77e-02, 2.63e-01]
    → +4 scen  (total 52 = 32500 rows)

─── Round 12/14 │ 52 scen = 32500 rows ───
    coll=1500  scales=[7.50e-03, 3.17e-02, 2.61e-02, 2.41e-01]
    → +4 scen  (total 56 = 35000 rows)

─── Round 13/14 │ 56 scen = 35000 rows ───
    coll=1500  scales=[7.01e-03, 3.12e-02, 2.45e-02, 2.21e-01]
    → +4 scen  (total 60 = 37500 rows)

─── Round 14/14 │ 60 scen = 37500 rows ───
    coll=1500  scales=[6.53e-03, 2.98e-02, 2.30e-02, 2.02e-01]

─── Final polish │ 300 ep ───
    ep  2000  data=-4.773e-01  pde=4.782e-01  λ=0.0020  val_mse=4.897e-03

[Done v3]  1321.0s  60 scen  37500 rows  val_mse=4.8854e-03
  internal: 2.8240e-04  LHS: 2.3751e-02  (1321s)

[pinn_seqrand]
  t_max override: ub[:,1] = 124.10  (was 1.00)
  Model: PINN  h=192  L=4  K=3  +PCA bottleneck k=8
[v3 trainer] PINN+committee+PDE  budget=60  n0=4  k=4  rounds=14  total_ep=2100  λ_max=0.002

─── Round 0/14 │ 4 scen = 2500 rows ───
    coll=1500  scales=[1.75e-02, 2.06e-02, 6.49e-02, 7.25e-01]
    → +4 scen  (total 8 = 5000 rows)

─── Round 1/14 │ 8 scen = 5000 rows ───
    coll=1500  scales=[1.61e-02, 1.94e-02, 5.90e-02, 6.82e-01]
    → +4 scen  (total 12 = 7500 rows)

─── Round 2/14 │ 12 scen = 7500 rows ───
    coll=1500  scales=[1.52e-02, 2.61e-02, 5.39e-02, 6.17e-01]
    → +4 scen  (total 16 = 10000 rows)

─── Round 3/14 │ 16 scen = 10000 rows ───
    coll=1500  scales=[1.46e-02, 3.08e-02, 4.96e-02, 5.59e-01]
    → +4 scen  (total 20 = 12500 rows)

─── Round 4/14 │ 20 scen = 12500 rows ───
    coll=1500  scales=[1.37e-02, 3.21e-02, 4.58e-02, 5.07e-01]
    → +4 scen  (total 24 = 15000 rows)

─── Round 5/14 │ 24 scen = 15000 rows ───
    coll=1500  scales=[1.27e-02, 3.33e-02, 4.18e-02, 4.58e-01]
    → +4 scen  (total 28 = 17500 rows)

─── Round 6/14 │ 28 scen = 17500 rows ───
    coll=1500  scales=[1.18e-02, 3.38e-02, 3.86e-02, 4.16e-01]
    → +4 scen  (total 32 = 20000 rows)

─── Round 7/14 │ 32 scen = 20000 rows ───
    coll=1500  scales=[1.08e-02, 3.23e-02, 3.59e-02, 3.78e-01]
    → +4 scen  (total 36 = 22500 rows)

─── Round 8/14 │ 36 scen = 22500 rows ───
    coll=1500  scales=[1.02e-02, 3.55e-02, 3.35e-02, 3.44e-01]
    → +4 scen  (total 40 = 25000 rows)

─── Round 9/14 │ 40 scen = 25000 rows ───
    coll=1500  scales=[9.46e-03, 3.44e-02, 3.13e-02, 3.14e-01]
    → +4 scen  (total 44 = 27500 rows)

─── Round 10/14 │ 44 scen = 27500 rows ───
    coll=1500  scales=[8.80e-03, 3.56e-02, 2.92e-02, 2.87e-01]
    → +4 scen  (total 48 = 30000 rows)

─── Round 11/14 │ 48 scen = 30000 rows ───
    coll=1500  scales=[8.21e-03, 3.51e-02, 2.74e-02, 2.63e-01]
    → +4 scen  (total 52 = 32500 rows)

─── Round 12/14 │ 52 scen = 32500 rows ───
    coll=1500  scales=[7.59e-03, 3.44e-02, 2.57e-02, 2.40e-01]
    → +4 scen  (total 56 = 35000 rows)

─── Round 13/14 │ 56 scen = 35000 rows ───
    coll=1500  scales=[7.03e-03, 3.38e-02, 2.41e-02, 2.20e-01]
    → +4 scen  (total 60 = 37500 rows)

─── Round 14/14 │ 60 scen = 37500 rows ───
    coll=1500  scales=[6.45e-03, 3.15e-02, 2.26e-02, 2.02e-01]

─── Final polish │ 300 ep ───
    ep  2000  data=-4.768e-01  pde=3.699e-01  λ=0.0020  val_mse=5.266e-03

[Done v3]  1312.8s  60 scen  37500 rows  val_mse=5.2597e-03
  internal: 5.4659e-04  LHS: 6.1377e-02  (1313s)

[pinn_oneshot]
  t_max override: ub[:,1] = 124.10  (was 1.00)
  Model: PINN  h=192  L=4  K=3  +PCA bottleneck k=8
  internal: 4.1934e-04  LHS: 1.0611e-01  (1761s)

[ann_al]
  t_max override: ub[:,1] = 124.10  (was 1.00)
  Model: ANN   h=192  L=4  +PCA bottleneck k=8
[v3 trainer] ANN  budget=60  n0=4  k=4  rounds=14  total_ep=2100  λ_max=0.0

─── Round 0/14 │ 4 scen = 2500 rows ───
    → +4 scen  (total 8 = 5000 rows)

─── Round 1/14 │ 8 scen = 5000 rows ───
    → +4 scen  (total 12 = 7500 rows)

─── Round 2/14 │ 12 scen = 7500 rows ───
    → +4 scen  (total 16 = 10000 rows)

─── Round 3/14 │ 16 scen = 10000 rows ───
    → +4 scen  (total 20 = 12500 rows)

─── Round 4/14 │ 20 scen = 12500 rows ───
    → +4 scen  (total 24 = 15000 rows)

─── Round 5/14 │ 24 scen = 15000 rows ───
    → +4 scen  (total 28 = 17500 rows)

─── Round 6/14 │ 28 scen = 17500 rows ───
    → +4 scen  (total 32 = 20000 rows)

─── Round 7/14 │ 32 scen = 20000 rows ───
    → +4 scen  (total 36 = 22500 rows)

─── Round 8/14 │ 36 scen = 22500 rows ───
    → +4 scen  (total 40 = 25000 rows)

─── Round 9/14 │ 40 scen = 25000 rows ───
    → +4 scen  (total 44 = 27500 rows)

─── Round 10/14 │ 44 scen = 27500 rows ───
    → +4 scen  (total 48 = 30000 rows)

─── Round 11/14 │ 48 scen = 30000 rows ───
    → +4 scen  (total 52 = 32500 rows)

─── Round 12/14 │ 52 scen = 32500 rows ───
    → +4 scen  (total 56 = 35000 rows)

─── Round 13/14 │ 56 scen = 35000 rows ───
    → +4 scen  (total 60 = 37500 rows)

─── Round 14/14 │ 60 scen = 37500 rows ───

─── Final polish │ 300 ep ───
    ep  2000  data=4.675e-04  pde=0.000e+00  λ=0.0000  val_mse=3.989e-04

[Done v3]  390.6s  60 scen  37500 rows  val_mse=3.9876e-04
  internal: 5.1191e-05  LHS: 5.9018e-02  (391s)

[ann_oneshot]
  t_max override: ub[:,1] = 124.10  (was 1.00)
  Model: ANN   h=192  L=4  +PCA bottleneck k=8
  internal: 2.0568e-04  LHS: 1.1028e-01  (585s)

── seed=789 ──

[pinn_al]
  t_max override: ub[:,1] = 124.10  (was 1.00)
  Model: PINN  h=192  L=4  K=3  +PCA bottleneck k=8
[v3 trainer] PINN+committee+PDE  budget=60  n0=4  k=4  rounds=14  total_ep=2100  λ_max=0.002

─── Round 0/14 │ 4 scen = 2500 rows ───
    coll=1500  scales=[3.66e-02, 4.62e-02, 8.70e-02, 6.15e-01]
    → +4 scen  (total 8 = 5000 rows)

─── Round 1/14 │ 8 scen = 5000 rows ───
    coll=1500  scales=[3.39e-02, 4.64e-02, 7.94e-02, 5.58e-01]
    → +4 scen  (total 12 = 7500 rows)

─── Round 2/14 │ 12 scen = 7500 rows ───
    coll=1500  scales=[3.23e-02, 4.54e-02, 7.25e-02, 5.07e-01]
    → +4 scen  (total 16 = 10000 rows)

─── Round 3/14 │ 16 scen = 10000 rows ───
    coll=1500  scales=[3.01e-02, 4.33e-02, 6.63e-02, 4.60e-01]
    → +4 scen  (total 20 = 12500 rows)

─── Round 4/14 │ 20 scen = 12500 rows ───
    coll=1500  scales=[2.81e-02, 4.12e-02, 6.05e-02, 4.17e-01]
    → +4 scen  (total 24 = 15000 rows)

─── Round 5/14 │ 24 scen = 15000 rows ───
    coll=1500  scales=[2.63e-02, 3.96e-02, 5.56e-02, 3.79e-01]
    → +4 scen  (total 28 = 17500 rows)

─── Round 6/14 │ 28 scen = 17500 rows ───
    coll=1500  scales=[2.44e-02, 3.99e-02, 5.11e-02, 3.45e-01]
    → +4 scen  (total 32 = 20000 rows)

─── Round 7/14 │ 32 scen = 20000 rows ───
    coll=1500  scales=[2.25e-02, 4.05e-02, 4.71e-02, 3.15e-01]
    → +4 scen  (total 36 = 22500 rows)

─── Round 8/14 │ 36 scen = 22500 rows ───
    coll=1500  scales=[2.08e-02, 3.94e-02, 4.36e-02, 2.89e-01]
    → +4 scen  (total 40 = 25000 rows)

─── Round 9/14 │ 40 scen = 25000 rows ───
    coll=1500  scales=[1.92e-02, 3.73e-02, 4.04e-02, 2.66e-01]
    → +4 scen  (total 44 = 27500 rows)

─── Round 10/14 │ 44 scen = 27500 rows ───
    coll=1500  scales=[1.77e-02, 3.58e-02, 3.75e-02, 2.43e-01]
    → +4 scen  (total 48 = 30000 rows)

─── Round 11/14 │ 48 scen = 30000 rows ───
    coll=1500  scales=[1.63e-02, 3.39e-02, 3.49e-02, 2.23e-01]
    → +4 scen  (total 52 = 32500 rows)

─── Round 12/14 │ 52 scen = 32500 rows ───
    coll=1500  scales=[1.50e-02, 3.23e-02, 3.26e-02, 2.10e-01]
    → +4 scen  (total 56 = 35000 rows)

─── Round 13/14 │ 56 scen = 35000 rows ───
    coll=1500  scales=[1.38e-02, 3.16e-02, 3.05e-02, 1.93e-01]
    → +4 scen  (total 60 = 37500 rows)

─── Round 14/14 │ 60 scen = 37500 rows ───
    coll=1500  scales=[1.27e-02, 3.01e-02, 2.87e-02, 1.78e-01]

─── Final polish │ 300 ep ───
    ep  2000  data=-4.799e-01  pde=3.361e-01  λ=0.0020  val_mse=4.127e-03

[Done v3]  1330.1s  60 scen  37500 rows  val_mse=4.1177e-03
  internal: 2.8247e-04  LHS: 1.9531e-02  (1330s)

[pinn_ic_coreset]
  t_max override: ub[:,1] = 124.10  (was 1.00)
  Model: PINN  h=192  L=4  K=3  +PCA bottleneck k=8
[v3 trainer] PINN+committee+PDE  budget=60  n0=4  k=4  rounds=14  total_ep=2100  λ_max=0.002

─── Round 0/14 │ 4 scen = 2500 rows ───
    coll=1500  scales=[3.66e-02, 4.62e-02, 8.70e-02, 6.15e-01]
    → +4 scen  (total 8 = 5000 rows)

─── Round 1/14 │ 8 scen = 5000 rows ───
    coll=1500  scales=[3.39e-02, 4.65e-02, 7.93e-02, 5.58e-01]
    → +4 scen  (total 12 = 7500 rows)

─── Round 2/14 │ 12 scen = 7500 rows ───
    coll=1500  scales=[3.18e-02, 4.59e-02, 7.18e-02, 5.04e-01]
    → +4 scen  (total 16 = 10000 rows)

─── Round 3/14 │ 16 scen = 10000 rows ───
    coll=1500  scales=[2.99e-02, 5.09e-02, 6.56e-02, 4.62e-01]
    → +4 scen  (total 20 = 12500 rows)

─── Round 4/14 │ 20 scen = 12500 rows ───
    coll=1500  scales=[2.78e-02, 4.91e-02, 6.01e-02, 4.19e-01]
    → +4 scen  (total 24 = 15000 rows)

─── Round 5/14 │ 24 scen = 15000 rows ───
    coll=1500  scales=[2.60e-02, 4.80e-02, 5.54e-02, 3.81e-01]
    → +4 scen  (total 28 = 17500 rows)

─── Round 6/14 │ 28 scen = 17500 rows ───
    coll=1500  scales=[2.41e-02, 4.79e-02, 5.10e-02, 3.47e-01]
    → +4 scen  (total 32 = 20000 rows)

─── Round 7/14 │ 32 scen = 20000 rows ───
    coll=1500  scales=[2.23e-02, 4.54e-02, 4.72e-02, 3.16e-01]
    → +4 scen  (total 36 = 22500 rows)

─── Round 8/14 │ 36 scen = 22500 rows ───
    coll=1500  scales=[2.07e-02, 4.31e-02, 4.40e-02, 2.90e-01]
    → +4 scen  (total 40 = 25000 rows)

─── Round 9/14 │ 40 scen = 25000 rows ───
    coll=1500  scales=[1.90e-02, 4.14e-02, 4.07e-02, 2.65e-01]
    → +4 scen  (total 44 = 27500 rows)

─── Round 10/14 │ 44 scen = 27500 rows ───
    coll=1500  scales=[1.75e-02, 3.92e-02, 3.78e-02, 2.43e-01]
    → +4 scen  (total 48 = 30000 rows)

─── Round 11/14 │ 48 scen = 30000 rows ───
    coll=1500  scales=[1.62e-02, 3.94e-02, 3.51e-02, 2.23e-01]
    → +4 scen  (total 52 = 32500 rows)

─── Round 12/14 │ 52 scen = 32500 rows ───
    coll=1500  scales=[1.50e-02, 4.04e-02, 3.29e-02, 2.11e-01]
    → +4 scen  (total 56 = 35000 rows)

─── Round 13/14 │ 56 scen = 35000 rows ───
    coll=1500  scales=[1.39e-02, 3.84e-02, 3.08e-02, 1.94e-01]
    → +4 scen  (total 60 = 37500 rows)

─── Round 14/14 │ 60 scen = 37500 rows ───
    coll=1500  scales=[1.28e-02, 3.65e-02, 2.89e-02, 1.79e-01]

─── Final polish │ 300 ep ───
    ep  2000  data=-4.797e-01  pde=2.896e-01  λ=0.0020  val_mse=3.941e-03

[Done v3]  1312.5s  60 scen  37500 rows  val_mse=3.9344e-03
  internal: 3.1091e-04  LHS: 1.0782e-03  (1313s)

[pinn_seqrand]
  t_max override: ub[:,1] = 124.10  (was 1.00)
  Model: PINN  h=192  L=4  K=3  +PCA bottleneck k=8
[v3 trainer] PINN+committee+PDE  budget=60  n0=4  k=4  rounds=14  total_ep=2100  λ_max=0.002

─── Round 0/14 │ 4 scen = 2500 rows ───
    coll=1500  scales=[3.66e-02, 4.62e-02, 8.70e-02, 6.15e-01]
    → +4 scen  (total 8 = 5000 rows)

─── Round 1/14 │ 8 scen = 5000 rows ───
    coll=1500  scales=[3.34e-02, 4.43e-02, 7.93e-02, 5.57e-01]
    → +4 scen  (total 12 = 7500 rows)

─── Round 2/14 │ 12 scen = 7500 rows ───
    coll=1500  scales=[3.13e-02, 6.22e-02, 7.19e-02, 5.06e-01]
    → +4 scen  (total 16 = 10000 rows)

─── Round 3/14 │ 16 scen = 10000 rows ───
    coll=1500  scales=[2.87e-02, 6.10e-02, 6.56e-02, 4.58e-01]
    → +4 scen  (total 20 = 12500 rows)

─── Round 4/14 │ 20 scen = 12500 rows ───
    coll=1500  scales=[2.66e-02, 6.00e-02, 6.01e-02, 4.16e-01]
    → +4 scen  (total 24 = 15000 rows)

─── Round 5/14 │ 24 scen = 15000 rows ───
    coll=1500  scales=[2.45e-02, 5.74e-02, 5.51e-02, 3.78e-01]
    → +4 scen  (total 28 = 17500 rows)

─── Round 6/14 │ 28 scen = 17500 rows ───
    coll=1500  scales=[2.35e-02, 6.51e-02, 5.20e-02, 3.49e-01]
    → +4 scen  (total 32 = 20000 rows)

─── Round 7/14 │ 32 scen = 20000 rows ───
    coll=1500  scales=[2.15e-02, 6.04e-02, 4.80e-02, 3.18e-01]
    → +4 scen  (total 36 = 22500 rows)

─── Round 8/14 │ 36 scen = 22500 rows ───
    coll=1500  scales=[1.97e-02, 5.69e-02, 4.44e-02, 2.91e-01]
    → +4 scen  (total 40 = 25000 rows)

─── Round 9/14 │ 40 scen = 25000 rows ───
    coll=1500  scales=[1.81e-02, 5.54e-02, 4.12e-02, 2.66e-01]
    → +4 scen  (total 44 = 27500 rows)

─── Round 10/14 │ 44 scen = 27500 rows ───
    coll=1500  scales=[1.68e-02, 5.34e-02, 3.83e-02, 2.44e-01]
    → +4 scen  (total 48 = 30000 rows)

─── Round 11/14 │ 48 scen = 30000 rows ───
    coll=1500  scales=[1.54e-02, 4.97e-02, 3.56e-02, 2.23e-01]
    → +4 scen  (total 52 = 32500 rows)

─── Round 12/14 │ 52 scen = 32500 rows ───
    coll=1500  scales=[1.42e-02, 4.67e-02, 3.32e-02, 2.05e-01]
    → +4 scen  (total 56 = 35000 rows)

─── Round 13/14 │ 56 scen = 35000 rows ───
    coll=1500  scales=[1.30e-02, 4.39e-02, 3.10e-02, 1.89e-01]
    → +4 scen  (total 60 = 37500 rows)

─── Round 14/14 │ 60 scen = 37500 rows ───
    coll=1500  scales=[1.20e-02, 4.12e-02, 2.90e-02, 1.74e-01]

─── Final polish │ 300 ep ───
    ep  2000  data=-4.789e-01  pde=2.602e-01  λ=0.0020  val_mse=4.845e-03

[Done v3]  1312.6s  60 scen  37500 rows  val_mse=4.8401e-03
  internal: 4.4470e-04  LHS: 8.5860e-02  (1313s)

[pinn_oneshot]
  t_max override: ub[:,1] = 124.10  (was 1.00)
  Model: PINN  h=192  L=4  K=3  +PCA bottleneck k=8
  internal: 8.2542e-04  LHS: 4.0422e-03  (1767s)

[ann_al]
  t_max override: ub[:,1] = 124.10  (was 1.00)
  Model: ANN   h=192  L=4  +PCA bottleneck k=8
[v3 trainer] ANN  budget=60  n0=4  k=4  rounds=14  total_ep=2100  λ_max=0.0

─── Round 0/14 │ 4 scen = 2500 rows ───
    → +4 scen  (total 8 = 5000 rows)

─── Round 1/14 │ 8 scen = 5000 rows ───
    → +4 scen  (total 12 = 7500 rows)

─── Round 2/14 │ 12 scen = 7500 rows ───
    → +4 scen  (total 16 = 10000 rows)

─── Round 3/14 │ 16 scen = 10000 rows ───
    → +4 scen  (total 20 = 12500 rows)

─── Round 4/14 │ 20 scen = 12500 rows ───
    → +4 scen  (total 24 = 15000 rows)

─── Round 5/14 │ 24 scen = 15000 rows ───
    → +4 scen  (total 28 = 17500 rows)

─── Round 6/14 │ 28 scen = 17500 rows ───
    → +4 scen  (total 32 = 20000 rows)

─── Round 7/14 │ 32 scen = 20000 rows ───
    → +4 scen  (total 36 = 22500 rows)

─── Round 8/14 │ 36 scen = 22500 rows ───
    → +4 scen  (total 40 = 25000 rows)

─── Round 9/14 │ 40 scen = 25000 rows ───
    → +4 scen  (total 44 = 27500 rows)

─── Round 10/14 │ 44 scen = 27500 rows ───
    → +4 scen  (total 48 = 30000 rows)

─── Round 11/14 │ 48 scen = 30000 rows ───
    → +4 scen  (total 52 = 32500 rows)

─── Round 12/14 │ 52 scen = 32500 rows ───
    → +4 scen  (total 56 = 35000 rows)

─── Round 13/14 │ 56 scen = 35000 rows ───
    → +4 scen  (total 60 = 37500 rows)

─── Round 14/14 │ 60 scen = 37500 rows ───

─── Final polish │ 300 ep ───
    ep  2000  data=3.325e-04  pde=0.000e+00  λ=0.0000  val_mse=3.078e-04

[Done v3]  391.0s  60 scen  37500 rows  val_mse=3.0769e-04
  internal: 3.6886e-05  LHS: 4.4331e-02  (391s)

[ann_oneshot]
  t_max override: ub[:,1] = 124.10  (was 1.00)
  Model: ANN   h=192  L=4  +PCA bottleneck k=8
  internal: 2.5209e-04  LHS: 1.8178e-02  (586s)

── seed=1024 ──

[pinn_al]
  t_max override: ub[:,1] = 124.10  (was 1.00)
  Model: PINN  h=192  L=4  K=3  +PCA bottleneck k=8
[v3 trainer] PINN+committee+PDE  budget=60  n0=4  k=4  rounds=14  total_ep=2100  λ_max=0.002

─── Round 0/14 │ 4 scen = 2500 rows ───
    coll=1500  scales=[3.39e-02, 4.96e-02, 3.41e-02, 1.26e+00]
    → +4 scen  (total 8 = 5000 rows)

─── Round 1/14 │ 8 scen = 5000 rows ───
    coll=1500  scales=[3.13e-02, 5.98e-02, 3.39e-02, 1.16e+00]
    → +4 scen  (total 12 = 7500 rows)

─── Round 2/14 │ 12 scen = 7500 rows ───
    coll=1500  scales=[2.98e-02, 5.70e-02, 3.11e-02, 1.05e+00]
    → +4 scen  (total 16 = 10000 rows)

─── Round 3/14 │ 16 scen = 10000 rows ───
    coll=1500  scales=[2.84e-02, 5.73e-02, 2.89e-02, 9.49e-01]
    → +4 scen  (total 20 = 12500 rows)

─── Round 4/14 │ 20 scen = 12500 rows ───
    coll=1500  scales=[2.65e-02, 5.46e-02, 2.69e-02, 8.59e-01]
    → +4 scen  (total 24 = 15000 rows)

─── Round 5/14 │ 24 scen = 15000 rows ───
    coll=1500  scales=[2.51e-02, 5.76e-02, 2.50e-02, 7.76e-01]
    → +4 scen  (total 28 = 17500 rows)

─── Round 6/14 │ 28 scen = 17500 rows ───
    coll=1500  scales=[2.33e-02, 5.64e-02, 2.35e-02, 7.02e-01]
    → +4 scen  (total 32 = 20000 rows)

─── Round 7/14 │ 32 scen = 20000 rows ───
    coll=1500  scales=[2.25e-02, 6.84e-02, 2.24e-02, 6.36e-01]
    → +4 scen  (total 36 = 22500 rows)

─── Round 8/14 │ 36 scen = 22500 rows ───
    coll=1500  scales=[2.10e-02, 6.47e-02, 2.11e-02, 5.76e-01]
    → +4 scen  (total 40 = 25000 rows)

─── Round 9/14 │ 40 scen = 25000 rows ───
    coll=1500  scales=[1.96e-02, 6.10e-02, 2.00e-02, 5.23e-01]
    → +4 scen  (total 44 = 27500 rows)

─── Round 10/14 │ 44 scen = 27500 rows ───
    coll=1500  scales=[1.81e-02, 5.75e-02, 1.88e-02, 4.74e-01]
    → +4 scen  (total 48 = 30000 rows)

─── Round 11/14 │ 48 scen = 30000 rows ───
    coll=1500  scales=[1.67e-02, 5.46e-02, 1.78e-02, 4.31e-01]
    → +4 scen  (total 52 = 32500 rows)

─── Round 12/14 │ 52 scen = 32500 rows ───
    coll=1500  scales=[1.59e-02, 5.56e-02, 1.68e-02, 3.92e-01]
    → +4 scen  (total 56 = 35000 rows)

─── Round 13/14 │ 56 scen = 35000 rows ───
    coll=1500  scales=[1.48e-02, 5.25e-02, 1.59e-02, 3.57e-01]
    → +4 scen  (total 60 = 37500 rows)

─── Round 14/14 │ 60 scen = 37500 rows ───
    coll=1500  scales=[1.37e-02, 5.00e-02, 1.51e-02, 3.25e-01]

─── Final polish │ 300 ep ───
    ep  2000  data=-4.805e-01  pde=3.926e-01  λ=0.0020  val_mse=4.688e-03

[Done v3]  1325.7s  60 scen  37500 rows  val_mse=4.6786e-03
  internal: 3.4925e-04  LHS: 2.0316e-02  (1326s)

[pinn_ic_coreset]
  t_max override: ub[:,1] = 124.10  (was 1.00)
  Model: PINN  h=192  L=4  K=3  +PCA bottleneck k=8
[v3 trainer] PINN+committee+PDE  budget=60  n0=4  k=4  rounds=14  total_ep=2100  λ_max=0.002

─── Round 0/14 │ 4 scen = 2500 rows ───
    coll=1500  scales=[3.39e-02, 4.96e-02, 3.41e-02, 1.26e+00]
    → +4 scen  (total 8 = 5000 rows)

─── Round 1/14 │ 8 scen = 5000 rows ───
    coll=1500  scales=[3.13e-02, 5.94e-02, 3.38e-02, 1.16e+00]
    → +4 scen  (total 12 = 7500 rows)

─── Round 2/14 │ 12 scen = 7500 rows ───
    coll=1500  scales=[2.95e-02, 6.43e-02, 3.14e-02, 1.05e+00]
    → +4 scen  (total 16 = 10000 rows)

─── Round 3/14 │ 16 scen = 10000 rows ───
    coll=1500  scales=[2.78e-02, 6.57e-02, 2.94e-02, 9.51e-01]
    → +4 scen  (total 20 = 12500 rows)

─── Round 4/14 │ 20 scen = 12500 rows ───
    coll=1500  scales=[2.59e-02, 6.59e-02, 2.92e-02, 8.62e-01]
    → +4 scen  (total 24 = 15000 rows)

─── Round 5/14 │ 24 scen = 15000 rows ───
    coll=1500  scales=[2.43e-02, 6.24e-02, 2.74e-02, 7.82e-01]
    → +4 scen  (total 28 = 17500 rows)

─── Round 6/14 │ 28 scen = 17500 rows ───
    coll=1500  scales=[2.30e-02, 6.95e-02, 2.58e-02, 7.08e-01]
    → +4 scen  (total 32 = 20000 rows)

─── Round 7/14 │ 32 scen = 20000 rows ───
    coll=1500  scales=[2.14e-02, 6.52e-02, 2.42e-02, 6.43e-01]
    → +4 scen  (total 36 = 22500 rows)

─── Round 8/14 │ 36 scen = 22500 rows ───
    coll=1500  scales=[1.99e-02, 6.14e-02, 2.27e-02, 5.83e-01]
    → +4 scen  (total 40 = 25000 rows)

─── Round 9/14 │ 40 scen = 25000 rows ───
    coll=1500  scales=[1.87e-02, 6.34e-02, 2.15e-02, 5.29e-01]
    → +4 scen  (total 44 = 27500 rows)

─── Round 10/14 │ 44 scen = 27500 rows ───
    coll=1500  scales=[1.78e-02, 6.42e-02, 2.02e-02, 4.81e-01]
    → +4 scen  (total 48 = 30000 rows)

─── Round 11/14 │ 48 scen = 30000 rows ───
    coll=1500  scales=[1.65e-02, 6.01e-02, 1.91e-02, 4.37e-01]
    → +4 scen  (total 52 = 32500 rows)

─── Round 12/14 │ 52 scen = 32500 rows ───
    coll=1500  scales=[1.53e-02, 5.65e-02, 1.81e-02, 3.97e-01]
    → +4 scen  (total 56 = 35000 rows)

─── Round 13/14 │ 56 scen = 35000 rows ───
    coll=1500  scales=[1.41e-02, 5.45e-02, 1.70e-02, 3.61e-01]
    → +4 scen  (total 60 = 37500 rows)

─── Round 14/14 │ 60 scen = 37500 rows ───
    coll=1500  scales=[1.30e-02, 5.14e-02, 1.62e-02, 3.29e-01]

─── Final polish │ 300 ep ───
    ep  2000  data=-4.802e-01  pde=3.756e-01  λ=0.0020  val_mse=4.408e-03

[Done v3]  1312.8s  60 scen  37500 rows  val_mse=4.4021e-03
  internal: 3.3949e-04  LHS: 1.2900e-02  (1313s)

[pinn_seqrand]
  t_max override: ub[:,1] = 124.10  (was 1.00)
  Model: PINN  h=192  L=4  K=3  +PCA bottleneck k=8
[v3 trainer] PINN+committee+PDE  budget=60  n0=4  k=4  rounds=14  total_ep=2100  λ_max=0.002

─── Round 0/14 │ 4 scen = 2500 rows ───
    coll=1500  scales=[3.39e-02, 4.96e-02, 3.41e-02, 1.26e+00]
    → +4 scen  (total 8 = 5000 rows)

─── Round 1/14 │ 8 scen = 5000 rows ───
    coll=1500  scales=[3.11e-02, 5.94e-02, 3.38e-02, 1.16e+00]
    → +4 scen  (total 12 = 7500 rows)

─── Round 2/14 │ 12 scen = 7500 rows ───
    coll=1500  scales=[2.92e-02, 5.74e-02, 3.11e-02, 1.05e+00]
    → +4 scen  (total 16 = 10000 rows)

─── Round 3/14 │ 16 scen = 10000 rows ───
    coll=1500  scales=[2.73e-02, 7.00e-02, 2.92e-02, 9.52e-01]
    → +4 scen  (total 20 = 12500 rows)

─── Round 4/14 │ 20 scen = 12500 rows ───
    coll=1500  scales=[2.54e-02, 6.95e-02, 2.72e-02, 8.59e-01]
    → +4 scen  (total 24 = 15000 rows)

─── Round 5/14 │ 24 scen = 15000 rows ───
    coll=1500  scales=[2.35e-02, 6.91e-02, 2.54e-02, 7.77e-01]
    → +4 scen  (total 28 = 17500 rows)

─── Round 6/14 │ 28 scen = 17500 rows ───
    coll=1500  scales=[2.18e-02, 6.56e-02, 2.39e-02, 7.04e-01]
    → +4 scen  (total 32 = 20000 rows)

─── Round 7/14 │ 32 scen = 20000 rows ───
    coll=1500  scales=[2.03e-02, 6.20e-02, 2.25e-02, 6.38e-01]
    → +4 scen  (total 36 = 22500 rows)

─── Round 8/14 │ 36 scen = 22500 rows ───
    coll=1500  scales=[1.87e-02, 6.05e-02, 2.16e-02, 5.79e-01]
    → +4 scen  (total 40 = 25000 rows)

─── Round 9/14 │ 40 scen = 25000 rows ───
    coll=1500  scales=[1.73e-02, 5.78e-02, 2.06e-02, 5.26e-01]
    → +4 scen  (total 44 = 27500 rows)

─── Round 10/14 │ 44 scen = 27500 rows ───
    coll=1500  scales=[1.60e-02, 5.63e-02, 1.95e-02, 4.77e-01]
    → +4 scen  (total 48 = 30000 rows)

─── Round 11/14 │ 48 scen = 30000 rows ───
    coll=1500  scales=[1.47e-02, 5.24e-02, 1.85e-02, 4.34e-01]
    → +4 scen  (total 52 = 32500 rows)

─── Round 12/14 │ 52 scen = 32500 rows ───
    coll=1500  scales=[1.36e-02, 5.18e-02, 1.74e-02, 3.95e-01]
    → +4 scen  (total 56 = 35000 rows)

─── Round 13/14 │ 56 scen = 35000 rows ───
    coll=1500  scales=[1.28e-02, 4.98e-02, 1.65e-02, 3.60e-01]
    → +4 scen  (total 60 = 37500 rows)

─── Round 14/14 │ 60 scen = 37500 rows ───
    coll=1500  scales=[1.17e-02, 4.70e-02, 1.57e-02, 3.28e-01]

─── Final polish │ 300 ep ───
    ep  2000  data=-4.784e-01  pde=3.698e-01  λ=0.0020  val_mse=5.774e-03

[Done v3]  1326.3s  60 scen  37500 rows  val_mse=5.7666e-03
  internal: 5.2408e-04  LHS: 1.4950e-01  (1326s)

[pinn_oneshot]
  t_max override: ub[:,1] = 124.10  (was 1.00)
  Model: PINN  h=192  L=4  K=3  +PCA bottleneck k=8
  internal: 5.8517e-04  LHS: 5.9770e-02  (1766s)

[ann_al]
  t_max override: ub[:,1] = 124.10  (was 1.00)
  Model: ANN   h=192  L=4  +PCA bottleneck k=8
[v3 trainer] ANN  budget=60  n0=4  k=4  rounds=14  total_ep=2100  λ_max=0.0

─── Round 0/14 │ 4 scen = 2500 rows ───
    → +4 scen  (total 8 = 5000 rows)

─── Round 1/14 │ 8 scen = 5000 rows ───
    → +4 scen  (total 12 = 7500 rows)

─── Round 2/14 │ 12 scen = 7500 rows ───
    → +4 scen  (total 16 = 10000 rows)

─── Round 3/14 │ 16 scen = 10000 rows ───
    → +4 scen  (total 20 = 12500 rows)

─── Round 4/14 │ 20 scen = 12500 rows ───
    → +4 scen  (total 24 = 15000 rows)

─── Round 5/14 │ 24 scen = 15000 rows ───
    → +4 scen  (total 28 = 17500 rows)

─── Round 6/14 │ 28 scen = 17500 rows ───
    → +4 scen  (total 32 = 20000 rows)

─── Round 7/14 │ 32 scen = 20000 rows ───
    → +4 scen  (total 36 = 22500 rows)

─── Round 8/14 │ 36 scen = 22500 rows ───
    → +4 scen  (total 40 = 25000 rows)

─── Round 9/14 │ 40 scen = 25000 rows ───
    → +4 scen  (total 44 = 27500 rows)

─── Round 10/14 │ 44 scen = 27500 rows ───
    → +4 scen  (total 48 = 30000 rows)

─── Round 11/14 │ 48 scen = 30000 rows ───
    → +4 scen  (total 52 = 32500 rows)

─── Round 12/14 │ 52 scen = 32500 rows ───
    → +4 scen  (total 56 = 35000 rows)

─── Round 13/14 │ 56 scen = 35000 rows ───
    → +4 scen  (total 60 = 37500 rows)

─── Round 14/14 │ 60 scen = 37500 rows ───

─── Final polish │ 300 ep ───
    ep  2000  data=3.363e-04  pde=0.000e+00  λ=0.0000  val_mse=3.136e-04

[Done v3]  390.2s  60 scen  37500 rows  val_mse=3.1352e-04
  internal: 3.7747e-05  LHS: 6.9105e-02  (390s)

[ann_oneshot]
  t_max override: ub[:,1] = 124.10  (was 1.00)
  Model: ANN   h=192  L=4  +PCA bottleneck k=8
  internal: 2.8078e-04  LHS: 6.4766e-03  (586s)

[Sweep done] → psa_biased_v8\psa_v7_sweep_final.json

====================================================================================================
  INTERNAL TEST
====================================================================================================
Budget           pinn_al  pinn_ic_corese    pinn_seqrand    pinn_oneshot          ann_al     ann_oneshot
--------------------------------------------------------------------------------------------------------
    12        3.5372e-04      3.5581e-04      8.4430e-04      8.1518e-04      3.1557e-04      1.3647e-03
    30        3.0089e-04      3.0111e-04      8.1912e-04      6.4833e-04      8.4221e-05      3.7797e-04
    60        2.9725e-04      3.0763e-04      5.2308e-04      5.3148e-04      4.3311e-05      2.3642e-04

  IMPROVEMENT % on internal test (pinn_al vs each baseline, mean across budgets):
    pinn_al vs pinn_ic_coreset: mean=  +1.3%  range [ +0.1%,  +3.4%]
    pinn_al vs   pinn_seqrand: mean= +54.8%  range [+43.2%, +63.3%]
    pinn_al vs   pinn_oneshot: mean= +51.4%  range [+44.1%, +56.6%]
    pinn_al vs         ann_al: mean=-285.2%  range [-586.3%, -12.1%]
    pinn_al vs    ann_oneshot: mean= +22.9%  range [-25.7%, +74.1%]

====================================================================================================
  LHS EXTERNAL TEST
====================================================================================================
Budget           pinn_al  pinn_ic_corese    pinn_seqrand    pinn_oneshot          ann_al     ann_oneshot
--------------------------------------------------------------------------------------------------------
    12        1.1193e-01      1.1686e-01      1.1828e-01      5.0469e-02      4.5904e-02      3.1355e-02
    30        5.4445e-02      3.8265e-02      1.2522e-01      1.1200e-01      2.5372e-02      3.8090e-02
    60        2.7581e-02      1.1619e-02      6.3637e-02      5.1446e-02      4.5103e-02      4.9513e-02

  IMPROVEMENT % on LHS external test (pinn_al vs each baseline, mean across budgets):
    pinn_al vs pinn_ic_coreset: mean= -58.5%  range [-137.4%,  +4.2%]
    pinn_al vs   pinn_seqrand: mean= +39.5%  range [ +5.4%, +56.7%]
    pinn_al vs   pinn_oneshot: mean=  -8.0%  range [-121.8%, +51.4%]
    pinn_al vs         ann_al: mean= -73.2%  range [-143.8%, +38.9%]
    pinn_al vs    ann_oneshot: mean= -85.2%  range [-257.0%, +44.3%]
